# Run Log: maestro-bpmn-baseline-report-70
# Aggregated from 70 task(s)
# Generated: 2026-07-28 06:36:49

================================================================================


================================================================================
TASK: default/skill-bpmn-agent-job/00
================================================================================

2026-07-28 06:05:39 [DEBUG] coder_eval.utils: Resolved @uipath plugin-tools dir=/usr/lib/node_modules/@uipath from `uip` at /usr/lib/node_modules/@uipath/cli/dist/index.js
2026-07-28 06:05:39 [INFO] coder_eval.orchestrator: API routing: aws_bedrock
2026-07-28 06:05:39 [DEBUG] coder_eval.criteria: Discovered 14 criterion checkers
2026-07-28 06:05:39 [DEBUG] coder_eval.criteria: Validated 14 criterion checkers
2026-07-28 06:05:39 [DEBUG] coder_eval.utils: Resolved @uipath plugin-tools dir=/usr/lib/node_modules/@uipath from `uip` at /usr/lib/node_modules/@uipath/cli/dist/index.js
2026-07-28 06:05:39 [DEBUG] coder_eval.orchestrator: Sending prompt: Load and follow the uipath-maestro-bpmn skill.

Create a local BPMN project named "ApproverCountAgen...
2026-07-28 06:05:40 [DEBUG] coder_eval.agents.claude_code_agent: [coder] Starting agent query stream...
2026-07-28 06:11:21 [DEBUG] coder_eval.agents.claude_code_agent: [coder] session_id changed: None -> a5b647f1-3b15-4493-87bb-382ca8ee565b
2026-07-28 06:11:21 [DEBUG] coder_eval.agents.claude_code_agent: [coder] Agent query stream ended
2026-07-28 06:11:21 [DEBUG] coder_eval.utils: Resolved @uipath plugin-tools dir=/usr/lib/node_modules/@uipath from `uip` at /usr/lib/node_modules/@uipath/cli/dist/index.js
2026-07-28 06:11:21 [DEBUG] coder_eval.orchestrator: Agent response received (3981 chars)
2026-07-28 06:11:21 [DEBUG] coder_eval.orchestrator: Checking success criteria
2026-07-28 06:11:21 [DEBUG] coder_eval.evaluation.checker: Criterion 'file_exists' score: 1.00
2026-07-28 06:11:21 [DEBUG] coder_eval.evaluation.checker: Criterion 'command_executed' score: 1.00
2026-07-28 06:11:21 [DEBUG] coder_eval.criteria.run_command: Running command for criterion 'Agent invocation uses Orchestrator.StartAgentJob with input and a declared output variable': python3 $TASK_DIR/check_agent_job.py
2026-07-28 06:11:21 [DEBUG] coder_eval.sandbox: Command 'python3 $TASK_DIR/check_agent_job.py' exited with code 0
2026-07-28 06:11:21 [DEBUG] coder_eval.sandbox: STDOUT:
---
OK: ApproverCountAgent/ApproverCountAgent.bpmn wires Orchestrator.StartAgentJob with bound input and output variable
---
2026-07-28 06:11:21 [DEBUG] coder_eval.evaluation.checker: Criterion 'run_command' score: 1.00
2026-07-28 06:11:21 [INFO] coder_eval.orchestrator: Success criteria: 3/3 passed, weighted score: 1.000
2026-07-28 06:11:21 [WARNING] coder_eval.orchestrator: Visible turns (18) exceeded expected_turns (16) at iteration 1 for task skill-bpmn-agent-job. Run continues — max_turns remains the hard cap.
2026-07-28 06:11:21 [DEBUG] coder_eval.utils: Resolved @uipath plugin-tools dir=/usr/lib/node_modules/@uipath from `uip` at /usr/lib/node_modules/@uipath/cli/dist/index.js
2026-07-28 06:11:21 [INFO] coder_eval.orchestrator: Running post-run command: find . -maxdepth 5 -type d \( -name node_modules -o -name .npm-prefix -o -name .venv \) -prune -exec rm -rf {} +
2026-07-28 06:11:21 [INFO] coder_eval.orchestrator: Sandbox preserved (in-place): /work/output/artifacts/skill-bpmn-agent-job
2026-07-28 06:11:21 [INFO] coder_eval.orchestrator: Task finished: status=SUCCESS duration=351.4s score=1.000 iterations=1


================================================================================
TASK: default/skill-bpmn-api-workflow-task/00
================================================================================

2026-07-28 06:06:24 [DEBUG] coder_eval.utils: Resolved @uipath plugin-tools dir=/usr/lib/node_modules/@uipath from `uip` at /usr/lib/node_modules/@uipath/cli/dist/index.js
2026-07-28 06:06:24 [INFO] coder_eval.orchestrator: API routing: aws_bedrock
2026-07-28 06:06:24 [DEBUG] coder_eval.criteria: Discovered 14 criterion checkers
2026-07-28 06:06:24 [DEBUG] coder_eval.criteria: Validated 14 criterion checkers
2026-07-28 06:06:24 [DEBUG] coder_eval.utils: Resolved @uipath plugin-tools dir=/usr/lib/node_modules/@uipath from `uip` at /usr/lib/node_modules/@uipath/cli/dist/index.js
2026-07-28 06:06:24 [DEBUG] coder_eval.orchestrator: Sending prompt: Create a UiPath Maestro BPMN Process Orchestration project at:
  ApiWorkflowDispatch/ApiWorkflowDisp...
2026-07-28 06:06:24 [DEBUG] coder_eval.agents.claude_code_agent: [coder] Starting agent query stream...
2026-07-28 06:17:36 [DEBUG] coder_eval.agents.claude_code_agent: [coder] session_id changed: None -> 3776f40d-2985-4c15-b7eb-502dc53ec48b
2026-07-28 06:17:36 [DEBUG] coder_eval.agents.claude_code_agent: [coder] Agent query stream ended
2026-07-28 06:17:36 [DEBUG] coder_eval.utils: Resolved @uipath plugin-tools dir=/usr/lib/node_modules/@uipath from `uip` at /usr/lib/node_modules/@uipath/cli/dist/index.js
2026-07-28 06:17:36 [DEBUG] coder_eval.orchestrator: Agent response received (5041 chars)
2026-07-28 06:17:36 [DEBUG] coder_eval.orchestrator: Checking success criteria
2026-07-28 06:17:36 [DEBUG] coder_eval.evaluation.checker: Criterion 'file_exists' score: 1.00
2026-07-28 06:17:36 [DEBUG] coder_eval.criteria.run_command: Running command for criterion 'API workflow uses bpmn:serviceTask with Orchestrator.ExecuteApiWorkflowAsync': python3 $TASK_DIR/check_api_workflow_task.py
2026-07-28 06:17:36 [DEBUG] coder_eval.sandbox: Command 'python3 $TASK_DIR/check_api_workflow_task.py' exited with code 0
2026-07-28 06:17:36 [DEBUG] coder_eval.sandbox: STDOUT:
---
OK: API workflow serviceTask wrapper and package lifecycle are present
---
2026-07-28 06:17:36 [DEBUG] coder_eval.evaluation.checker: Criterion 'run_command' score: 1.00
2026-07-28 06:17:36 [INFO] coder_eval.orchestrator: Success criteria: 2/2 passed, weighted score: 1.000
2026-07-28 06:17:36 [DEBUG] coder_eval.utils: Resolved @uipath plugin-tools dir=/usr/lib/node_modules/@uipath from `uip` at /usr/lib/node_modules/@uipath/cli/dist/index.js
2026-07-28 06:17:36 [INFO] coder_eval.orchestrator: Running post-run command: find . -maxdepth 5 -type d \( -name node_modules -o -name .npm-prefix -o -name .venv \) -prune -exec rm -rf {} +
2026-07-28 06:17:36 [INFO] coder_eval.orchestrator: Sandbox preserved (in-place): /work/output/artifacts/skill-bpmn-api-workflow-task
2026-07-28 06:17:36 [INFO] coder_eval.orchestrator: Task finished: status=SUCCESS duration=674.4s score=1.000 iterations=1


================================================================================
TASK: default/skill-bpmn-author-validate/00
================================================================================

2026-07-28 06:05:39 [DEBUG] coder_eval.utils: Resolved @uipath plugin-tools dir=/usr/lib/node_modules/@uipath from `uip` at /usr/lib/node_modules/@uipath/cli/dist/index.js
2026-07-28 06:05:39 [INFO] coder_eval.orchestrator: API routing: aws_bedrock
2026-07-28 06:05:39 [DEBUG] coder_eval.criteria: Discovered 14 criterion checkers
2026-07-28 06:05:39 [DEBUG] coder_eval.criteria: Validated 14 criterion checkers
2026-07-28 06:05:39 [DEBUG] coder_eval.utils: Resolved @uipath plugin-tools dir=/usr/lib/node_modules/@uipath from `uip` at /usr/lib/node_modules/@uipath/cli/dist/index.js
2026-07-28 06:05:40 [DEBUG] coder_eval.orchestrator: Sending prompt: Load and follow the uipath-maestro-bpmn skill.

Author a single Maestro BPMN file `InvoiceApproval.b...
2026-07-28 06:05:40 [DEBUG] coder_eval.agents.claude_code_agent: [coder] Starting agent query stream...
2026-07-28 06:07:54 [DEBUG] coder_eval.agents.claude_code_agent: [coder] session_id changed: None -> d6f485aa-698f-4682-8982-3f1ff4013677
2026-07-28 06:07:54 [DEBUG] coder_eval.agents.claude_code_agent: [coder] Agent query stream ended
2026-07-28 06:07:54 [DEBUG] coder_eval.utils: Resolved @uipath plugin-tools dir=/usr/lib/node_modules/@uipath from `uip` at /usr/lib/node_modules/@uipath/cli/dist/index.js
2026-07-28 06:07:54 [DEBUG] coder_eval.orchestrator: Agent response received (4164 chars)
2026-07-28 06:07:54 [DEBUG] coder_eval.orchestrator: Checking success criteria
2026-07-28 06:07:54 [DEBUG] coder_eval.evaluation.checker: Criterion 'command_executed' score: 1.00
2026-07-28 06:07:54 [DEBUG] coder_eval.evaluation.checker: Criterion 'file_exists' score: 1.00
2026-07-28 06:07:54 [DEBUG] coder_eval.evaluation.checker: Criterion 'file_contains' score: 1.00
2026-07-28 06:07:54 [DEBUG] coder_eval.criteria.run_command: Running command for criterion 'Authored BPMN is well-formed, structurally sound, and fully shaped': python3 $TASK_DIR/check_author_validate.py
2026-07-28 06:07:54 [DEBUG] coder_eval.sandbox: Command 'python3 $TASK_DIR/check_author_validate.py' exited with code 0
2026-07-28 06:07:54 [DEBUG] coder_eval.sandbox: STDOUT:
---
OK: InvoiceApproval.bpmn is well-formed, fully shaped, and gateway-routed
---
2026-07-28 06:07:54 [DEBUG] coder_eval.evaluation.checker: Criterion 'run_command' score: 1.00
2026-07-28 06:07:54 [INFO] coder_eval.orchestrator: Success criteria: 4/4 passed, weighted score: 1.000
2026-07-28 06:07:54 [DEBUG] coder_eval.utils: Resolved @uipath plugin-tools dir=/usr/lib/node_modules/@uipath from `uip` at /usr/lib/node_modules/@uipath/cli/dist/index.js
2026-07-28 06:07:54 [INFO] coder_eval.orchestrator: Running post-run command: find . -maxdepth 5 -type d \( -name node_modules -o -name .npm-prefix -o -name .venv \) -prune -exec rm -rf {} +
2026-07-28 06:07:54 [INFO] coder_eval.orchestrator: Sandbox preserved (in-place): /work/output/artifacts/skill-bpmn-author-validate
2026-07-28 06:07:54 [INFO] coder_eval.orchestrator: Task finished: status=SUCCESS duration=144.0s score=1.000 iterations=1


================================================================================
TASK: default/skill-bpmn-business-rule-task/00
================================================================================

2026-07-28 06:09:44 [DEBUG] coder_eval.utils: Resolved @uipath plugin-tools dir=/usr/lib/node_modules/@uipath from `uip` at /usr/lib/node_modules/@uipath/cli/dist/index.js
2026-07-28 06:09:44 [INFO] coder_eval.orchestrator: API routing: aws_bedrock
2026-07-28 06:09:44 [DEBUG] coder_eval.criteria: Discovered 14 criterion checkers
2026-07-28 06:09:44 [DEBUG] coder_eval.criteria: Validated 14 criterion checkers
2026-07-28 06:09:44 [DEBUG] coder_eval.utils: Resolved @uipath plugin-tools dir=/usr/lib/node_modules/@uipath from `uip` at /usr/lib/node_modules/@uipath/cli/dist/index.js
2026-07-28 06:09:44 [DEBUG] coder_eval.orchestrator: Sending prompt: Create a UiPath Maestro BPMN Process Orchestration project at:
  BusinessRuleDecision/BusinessRuleDe...
2026-07-28 06:09:44 [DEBUG] coder_eval.agents.claude_code_agent: [coder] Starting agent query stream...
2026-07-28 06:15:45 [DEBUG] coder_eval.agents.claude_code_agent: [coder] session_id changed: None -> 0fb34455-3378-4bcf-916e-be4c2a5c656a
2026-07-28 06:15:45 [DEBUG] coder_eval.agents.claude_code_agent: [coder] Agent query stream ended
2026-07-28 06:15:45 [DEBUG] coder_eval.utils: Resolved @uipath plugin-tools dir=/usr/lib/node_modules/@uipath from `uip` at /usr/lib/node_modules/@uipath/cli/dist/index.js
2026-07-28 06:15:45 [DEBUG] coder_eval.orchestrator: Agent response received (5742 chars)
2026-07-28 06:15:45 [DEBUG] coder_eval.orchestrator: Checking success criteria
2026-07-28 06:15:45 [DEBUG] coder_eval.evaluation.checker: Criterion 'file_exists' score: 1.00
2026-07-28 06:15:45 [DEBUG] coder_eval.criteria.run_command: Running command for criterion 'Business rule task uses bpmn:businessRuleTask with Orchestrator.BusinessRules': python3 $TASK_DIR/check_business_rule_task.py
2026-07-28 06:15:45 [DEBUG] coder_eval.sandbox: Command 'python3 $TASK_DIR/check_business_rule_task.py' exited with code 0
2026-07-28 06:15:45 [DEBUG] coder_eval.sandbox: STDOUT:
---
OK: businessRuleTask wrapper and package lifecycle are present
---
2026-07-28 06:15:45 [DEBUG] coder_eval.evaluation.checker: Criterion 'run_command' score: 1.00
2026-07-28 06:15:45 [INFO] coder_eval.orchestrator: Success criteria: 2/2 passed, weighted score: 1.000
2026-07-28 06:15:45 [WARNING] coder_eval.orchestrator: Visible turns (36) exceeded expected_turns (28) at iteration 1 for task skill-bpmn-business-rule-task. Run continues — max_turns remains the hard cap.
2026-07-28 06:15:45 [DEBUG] coder_eval.utils: Resolved @uipath plugin-tools dir=/usr/lib/node_modules/@uipath from `uip` at /usr/lib/node_modules/@uipath/cli/dist/index.js
2026-07-28 06:15:45 [INFO] coder_eval.orchestrator: Running post-run command: find . -maxdepth 5 -type d \( -name node_modules -o -name .npm-prefix -o -name .venv \) -prune -exec rm -rf {} +
2026-07-28 06:15:45 [INFO] coder_eval.orchestrator: Sandbox preserved (in-place): /work/output/artifacts/skill-bpmn-business-rule-task
2026-07-28 06:15:45 [INFO] coder_eval.orchestrator: Task finished: status=SUCCESS duration=362.6s score=1.000 iterations=1


================================================================================
TASK: default/skill-bpmn-calculator/00
================================================================================

2026-07-28 06:05:34 [DEBUG] coder_eval.utils: Resolved @uipath plugin-tools dir=/usr/lib/node_modules/@uipath from `uip` at /usr/lib/node_modules/@uipath/cli/dist/index.js
2026-07-28 06:05:34 [INFO] coder_eval.orchestrator: API routing: aws_bedrock
2026-07-28 06:05:35 [DEBUG] coder_eval.criteria: Discovered 14 criterion checkers
2026-07-28 06:05:35 [DEBUG] coder_eval.criteria: Validated 14 criterion checkers
2026-07-28 06:05:35 [DEBUG] coder_eval.utils: Resolved @uipath plugin-tools dir=/usr/lib/node_modules/@uipath from `uip` at /usr/lib/node_modules/@uipath/cli/dist/index.js
2026-07-28 06:05:35 [DEBUG] coder_eval.orchestrator: Sending prompt: Load and follow the uipath-maestro-bpmn skill.

Author a local Maestro BPMN project named "Calculato...
2026-07-28 06:05:35 [DEBUG] coder_eval.agents.claude_code_agent: [coder] Starting agent query stream...
2026-07-28 06:14:52 [DEBUG] coder_eval.agents.claude_code_agent: [coder] session_id changed: None -> f882ed2e-e02c-44af-a9ab-f1ecfe9eb703
2026-07-28 06:14:52 [DEBUG] coder_eval.agents.claude_code_agent: [coder] Agent query stream ended
2026-07-28 06:14:52 [DEBUG] coder_eval.utils: Resolved @uipath plugin-tools dir=/usr/lib/node_modules/@uipath from `uip` at /usr/lib/node_modules/@uipath/cli/dist/index.js
2026-07-28 06:14:52 [DEBUG] coder_eval.orchestrator: Agent response received (5222 chars)
2026-07-28 06:14:52 [DEBUG] coder_eval.orchestrator: Checking success criteria
2026-07-28 06:14:52 [DEBUG] coder_eval.evaluation.checker: Criterion 'file_exists' score: 1.00
2026-07-28 06:14:52 [DEBUG] coder_eval.evaluation.checker: Criterion 'file_contains' score: 1.00
2026-07-28 06:14:52 [DEBUG] coder_eval.criteria.run_command: Running command for criterion 'BPMN has multi-way exclusive-gateway routing, one script task per branch, and valid DI': python3 $TASK_DIR/check_calculator.py
2026-07-28 06:14:52 [DEBUG] coder_eval.sandbox: Command 'python3 $TASK_DIR/check_calculator.py' exited with code 0
2026-07-28 06:14:52 [DEBUG] coder_eval.sandbox: STDOUT:
---
OK: CalculatorBpmn/CalculatorBpmn.bpmn routes an operator through a multi-way exclusive gateway with per-branch script tasks
---
2026-07-28 06:14:52 [DEBUG] coder_eval.evaluation.checker: Criterion 'run_command' score: 1.00
2026-07-28 06:14:52 [INFO] coder_eval.orchestrator: Success criteria: 3/3 passed, weighted score: 1.000
2026-07-28 06:14:52 [WARNING] coder_eval.orchestrator: Visible turns (23) exceeded expected_turns (22) at iteration 1 for task skill-bpmn-calculator. Run continues — max_turns remains the hard cap.
2026-07-28 06:14:52 [DEBUG] coder_eval.utils: Resolved @uipath plugin-tools dir=/usr/lib/node_modules/@uipath from `uip` at /usr/lib/node_modules/@uipath/cli/dist/index.js
2026-07-28 06:14:52 [INFO] coder_eval.orchestrator: Running post-run command: find . -maxdepth 5 -type d \( -name node_modules -o -name .npm-prefix -o -name .venv \) -prune -exec rm -rf {} +
2026-07-28 06:14:52 [INFO] coder_eval.orchestrator: Sandbox preserved (in-place): /work/output/artifacts/skill-bpmn-calculator
2026-07-28 06:14:52 [INFO] coder_eval.orchestrator: Task finished: status=SUCCESS duration=566.1s score=1.000 iterations=1


================================================================================
TASK: default/skill-bpmn-callactivity-agentic-process/00
================================================================================

2026-07-28 06:10:48 [DEBUG] coder_eval.utils: Resolved @uipath plugin-tools dir=/usr/lib/node_modules/@uipath from `uip` at /usr/lib/node_modules/@uipath/cli/dist/index.js
2026-07-28 06:10:48 [INFO] coder_eval.orchestrator: API routing: aws_bedrock
2026-07-28 06:10:49 [DEBUG] coder_eval.criteria: Discovered 14 criterion checkers
2026-07-28 06:10:49 [DEBUG] coder_eval.criteria: Validated 14 criterion checkers
2026-07-28 06:10:49 [DEBUG] coder_eval.utils: Resolved @uipath plugin-tools dir=/usr/lib/node_modules/@uipath from `uip` at /usr/lib/node_modules/@uipath/cli/dist/index.js
2026-07-28 06:10:49 [DEBUG] coder_eval.orchestrator: Sending prompt: Load and follow the uipath-maestro-bpmn skill.

Author a local Maestro BPMN project named "CallActiv...
2026-07-28 06:10:49 [DEBUG] coder_eval.agents.claude_code_agent: [coder] Starting agent query stream...
2026-07-28 06:15:26 [DEBUG] coder_eval.agents.claude_code_agent: [coder] session_id changed: None -> a53dfb56-68b8-42b9-afdc-3f51f2da4ce3
2026-07-28 06:15:26 [DEBUG] coder_eval.agents.claude_code_agent: [coder] Agent query stream ended
2026-07-28 06:15:26 [DEBUG] coder_eval.utils: Resolved @uipath plugin-tools dir=/usr/lib/node_modules/@uipath from `uip` at /usr/lib/node_modules/@uipath/cli/dist/index.js
2026-07-28 06:15:26 [DEBUG] coder_eval.orchestrator: Agent response received (4971 chars)
2026-07-28 06:15:26 [DEBUG] coder_eval.orchestrator: Checking success criteria
2026-07-28 06:15:26 [DEBUG] coder_eval.evaluation.checker: Criterion 'file_exists' score: 1.00
2026-07-28 06:15:26 [DEBUG] coder_eval.evaluation.checker: Criterion 'command_executed' score: 1.00
2026-07-28 06:15:26 [DEBUG] coder_eval.criteria.run_command: Running command for criterion 'StartAgenticProcess hosted on a bpmn:callActivity (not a serviceTask) and the graph is sound': python3 $TASK_DIR/check_callactivity_agentic.py
2026-07-28 06:15:27 [DEBUG] coder_eval.sandbox: Command 'python3 $TASK_DIR/check_callactivity_agentic.py' exited with code 0
2026-07-28 06:15:27 [DEBUG] coder_eval.sandbox: STDOUT:
---
OK: CallActivityAgenticBpmn/CallActivityAgenticBpmn.bpmn hosts Orchestrator.StartAgenticProcess on a bpmn:callActivity
---
2026-07-28 06:15:27 [DEBUG] coder_eval.evaluation.checker: Criterion 'run_command' score: 1.00
2026-07-28 06:15:27 [INFO] coder_eval.orchestrator: Success criteria: 3/3 passed, weighted score: 1.000
2026-07-28 06:15:27 [WARNING] coder_eval.orchestrator: Visible turns (21) exceeded expected_turns (18) at iteration 1 for task skill-bpmn-callactivity-agentic-process. Run continues — max_turns remains the hard cap.
2026-07-28 06:15:27 [DEBUG] coder_eval.utils: Resolved @uipath plugin-tools dir=/usr/lib/node_modules/@uipath from `uip` at /usr/lib/node_modules/@uipath/cli/dist/index.js
2026-07-28 06:15:27 [INFO] coder_eval.orchestrator: Running post-run command: find . -maxdepth 5 -type d \( -name node_modules -o -name .npm-prefix -o -name .venv \) -prune -exec rm -rf {} +
2026-07-28 06:15:27 [INFO] coder_eval.orchestrator: Sandbox preserved (in-place): /work/output/artifacts/skill-bpmn-callactivity-agentic-process
2026-07-28 06:15:27 [INFO] coder_eval.orchestrator: Task finished: status=SUCCESS duration=279.6s score=1.000 iterations=1


================================================================================
TASK: default/skill-bpmn-contract-variant-wrappers/00
================================================================================

2026-07-28 06:07:09 [DEBUG] coder_eval.utils: Resolved @uipath plugin-tools dir=/usr/lib/node_modules/@uipath from `uip` at /usr/lib/node_modules/@uipath/cli/dist/index.js
2026-07-28 06:07:09 [INFO] coder_eval.orchestrator: API routing: aws_bedrock
2026-07-28 06:07:09 [DEBUG] coder_eval.criteria: Discovered 14 criterion checkers
2026-07-28 06:07:09 [DEBUG] coder_eval.criteria: Validated 14 criterion checkers
2026-07-28 06:07:09 [DEBUG] coder_eval.utils: Resolved @uipath plugin-tools dir=/usr/lib/node_modules/@uipath from `uip` at /usr/lib/node_modules/@uipath/cli/dist/index.js
2026-07-28 06:07:09 [DEBUG] coder_eval.orchestrator: Sending prompt: Create a local BPMN project named "ContractVariantsBpmn".
Use synthetic placeholder resource names o...
2026-07-28 06:07:09 [DEBUG] coder_eval.agents.claude_code_agent: [coder] Starting agent query stream...
2026-07-28 06:21:16 [DEBUG] coder_eval.agents.claude_code_agent: [coder] session_id changed: None -> 86fa7f11-0048-4d84-846a-da0f537ca46e
2026-07-28 06:21:16 [DEBUG] coder_eval.agents.claude_code_agent: [coder] Agent query stream ended
2026-07-28 06:21:16 [DEBUG] coder_eval.utils: Resolved @uipath plugin-tools dir=/usr/lib/node_modules/@uipath from `uip` at /usr/lib/node_modules/@uipath/cli/dist/index.js
2026-07-28 06:21:16 [DEBUG] coder_eval.orchestrator: Agent response received (5994 chars)
2026-07-28 06:21:16 [DEBUG] coder_eval.orchestrator: Checking success criteria
2026-07-28 06:21:16 [DEBUG] coder_eval.evaluation.checker: Criterion 'file_exists' score: 1.00
2026-07-28 06:21:16 [DEBUG] coder_eval.criteria.run_command: Running command for criterion 'Contract variant wrappers use the documented BPMN element types': python3 $TASK_DIR/check_contract_variant_wrappers.py
2026-07-28 06:21:16 [DEBUG] coder_eval.sandbox: Command 'python3 $TASK_DIR/check_contract_variant_wrappers.py' exited with code 0
2026-07-28 06:21:16 [DEBUG] coder_eval.sandbox: STDOUT:
---
OK: ContractVariantsBpmn/ContractVariantsBpmn.bpmn contains public-safe Maestro BPMN XML contract variants
---
2026-07-28 06:21:16 [DEBUG] coder_eval.evaluation.checker: Criterion 'run_command' score: 1.00
2026-07-28 06:21:16 [INFO] coder_eval.orchestrator: Success criteria: 2/2 passed, weighted score: 1.000
2026-07-28 06:21:16 [WARNING] coder_eval.orchestrator: Visible turns (43) exceeded expected_turns (20) at iteration 1 for task skill-bpmn-contract-variant-wrappers. Run continues — max_turns remains the hard cap.
2026-07-28 06:21:16 [DEBUG] coder_eval.utils: Resolved @uipath plugin-tools dir=/usr/lib/node_modules/@uipath from `uip` at /usr/lib/node_modules/@uipath/cli/dist/index.js
2026-07-28 06:21:16 [INFO] coder_eval.orchestrator: Running post-run command: find . -maxdepth 5 -type d \( -name node_modules -o -name .npm-prefix -o -name .venv \) -prune -exec rm -rf {} +
2026-07-28 06:21:16 [INFO] coder_eval.orchestrator: Sandbox preserved (in-place): /work/output/artifacts/skill-bpmn-contract-variant-wrappers
2026-07-28 06:21:16 [INFO] coder_eval.orchestrator: Task finished: status=SUCCESS duration=848.1s score=1.000 iterations=1


================================================================================
TASK: default/skill-bpmn-debug-instance-inspect/00
================================================================================

2026-07-28 06:10:47 [DEBUG] coder_eval.utils: Resolved @uipath plugin-tools dir=/usr/lib/node_modules/@uipath from `uip` at /usr/lib/node_modules/@uipath/cli/dist/index.js
2026-07-28 06:10:47 [INFO] coder_eval.orchestrator: API routing: aws_bedrock
2026-07-28 06:10:47 [DEBUG] coder_eval.criteria: Discovered 14 criterion checkers
2026-07-28 06:10:47 [DEBUG] coder_eval.criteria: Validated 14 criterion checkers
2026-07-28 06:10:47 [DEBUG] coder_eval.utils: Resolved @uipath plugin-tools dir=/usr/lib/node_modules/@uipath from `uip` at /usr/lib/node_modules/@uipath/cli/dist/index.js
2026-07-28 06:10:47 [DEBUG] coder_eval.orchestrator: Sending prompt: A Maestro BPMN debug session faulted. You have only the debug-session
identifier:
- debug instance i...
2026-07-28 06:10:47 [DEBUG] coder_eval.agents.claude_code_agent: [coder] Starting agent query stream...
2026-07-28 06:11:27 [DEBUG] coder_eval.agents.claude_code_agent: [coder] session_id changed: None -> 5f9707a6-ce09-446b-9f40-cd310e5cdcd3
2026-07-28 06:11:27 [DEBUG] coder_eval.agents.claude_code_agent: [coder] Agent query stream ended
2026-07-28 06:11:27 [DEBUG] coder_eval.utils: `uip` at /work/output/artifacts/skill-bpmn-debug-instance-inspect/mocks/uip is not inside a recognizable node_modules/@uipath tree
2026-07-28 06:11:27 [DEBUG] coder_eval.orchestrator: Agent response received (2095 chars)
2026-07-28 06:11:27 [DEBUG] coder_eval.orchestrator: Checking success criteria
2026-07-28 06:11:27 [DEBUG] coder_eval.evaluation.checker: Criterion 'command_executed' score: 1.00
2026-07-28 06:11:27 [DEBUG] coder_eval.evaluation.checker: Criterion 'command_executed' score: 1.00
2026-07-28 06:11:27 [DEBUG] coder_eval.evaluation.checker: Criterion 'command_executed' score: 1.00
2026-07-28 06:11:27 [DEBUG] coder_eval.evaluation.checker: Criterion 'file_contains' score: 1.00
2026-07-28 06:11:27 [DEBUG] coder_eval.evaluation.checker: Criterion 'command_executed' score: 1.00
2026-07-28 06:11:27 [INFO] coder_eval.orchestrator: Success criteria: 5/5 passed, weighted score: 1.000
2026-07-28 06:11:27 [DEBUG] coder_eval.utils: `uip` at /work/output/artifacts/skill-bpmn-debug-instance-inspect/mocks/uip is not inside a recognizable node_modules/@uipath tree
2026-07-28 06:11:27 [INFO] coder_eval.orchestrator: Running post-run command: find . -maxdepth 5 -type d \( -name node_modules -o -name .npm-prefix -o -name .venv \) -prune -exec rm -rf {} +
2026-07-28 06:11:27 [INFO] coder_eval.orchestrator: Sandbox preserved (in-place): /work/output/artifacts/skill-bpmn-debug-instance-inspect
2026-07-28 06:11:27 [INFO] coder_eval.orchestrator: Task finished: status=SUCCESS duration=41.9s score=1.000 iterations=1


================================================================================
TASK: default/skill-bpmn-debug-not-validation/00
================================================================================

2026-07-28 06:07:05 [DEBUG] coder_eval.utils: Resolved @uipath plugin-tools dir=/usr/lib/node_modules/@uipath from `uip` at /usr/lib/node_modules/@uipath/cli/dist/index.js
2026-07-28 06:07:05 [INFO] coder_eval.orchestrator: API routing: aws_bedrock
2026-07-28 06:07:05 [DEBUG] coder_eval.criteria: Discovered 14 criterion checkers
2026-07-28 06:07:05 [DEBUG] coder_eval.criteria: Validated 14 criterion checkers
2026-07-28 06:07:05 [DEBUG] coder_eval.utils: Resolved @uipath plugin-tools dir=/usr/lib/node_modules/@uipath from `uip` at /usr/lib/node_modules/@uipath/cli/dist/index.js
2026-07-28 06:07:05 [DEBUG] coder_eval.orchestrator: Sending prompt: Load and follow the uipath-maestro-bpmn skill.

Author a single Maestro BPMN file `PriorityRouting.b...
2026-07-28 06:07:05 [DEBUG] coder_eval.agents.claude_code_agent: [coder] Starting agent query stream...
2026-07-28 06:08:21 [DEBUG] coder_eval.agents.claude_code_agent: [coder] session_id changed: None -> 8d37a154-5064-4b10-b94c-5fd922837342
2026-07-28 06:08:21 [DEBUG] coder_eval.agents.claude_code_agent: [coder] Agent query stream ended
2026-07-28 06:08:21 [DEBUG] coder_eval.utils: Resolved @uipath plugin-tools dir=/usr/lib/node_modules/@uipath from `uip` at /usr/lib/node_modules/@uipath/cli/dist/index.js
2026-07-28 06:08:21 [DEBUG] coder_eval.orchestrator: Agent response received (2279 chars)
2026-07-28 06:08:21 [DEBUG] coder_eval.orchestrator: Checking success criteria
2026-07-28 06:08:21 [DEBUG] coder_eval.evaluation.checker: Criterion 'file_exists' score: 1.00
2026-07-28 06:08:21 [DEBUG] coder_eval.evaluation.checker: Criterion 'command_executed' score: 1.00
2026-07-28 06:08:21 [DEBUG] coder_eval.evaluation.checker: Criterion 'command_executed' score: 1.00
2026-07-28 06:08:21 [DEBUG] coder_eval.criteria.run_command: Running command for criterion 'Authored BPMN is well-formed, fully shaped, and gateway-routed': python3 $TASK_DIR/check_debug_not_validation.py
2026-07-28 06:08:21 [DEBUG] coder_eval.sandbox: Command 'python3 $TASK_DIR/check_debug_not_validation.py' exited with code 0
2026-07-28 06:08:21 [DEBUG] coder_eval.sandbox: STDOUT:
---
OK: PriorityRouting.bpmn is well-formed, fully shaped, and gateway-routed
---
2026-07-28 06:08:21 [DEBUG] coder_eval.evaluation.checker: Criterion 'run_command' score: 1.00
2026-07-28 06:08:21 [INFO] coder_eval.orchestrator: Success criteria: 4/4 passed, weighted score: 1.000
2026-07-28 06:08:21 [DEBUG] coder_eval.utils: Resolved @uipath plugin-tools dir=/usr/lib/node_modules/@uipath from `uip` at /usr/lib/node_modules/@uipath/cli/dist/index.js
2026-07-28 06:08:21 [INFO] coder_eval.orchestrator: Running post-run command: find . -maxdepth 5 -type d \( -name node_modules -o -name .npm-prefix -o -name .venv \) -prune -exec rm -rf {} +
2026-07-28 06:08:21 [INFO] coder_eval.orchestrator: Sandbox preserved (in-place): /work/output/artifacts/skill-bpmn-debug-not-validation
2026-07-28 06:08:21 [INFO] coder_eval.orchestrator: Task finished: status=SUCCESS duration=77.0s score=1.000 iterations=1


================================================================================
TASK: default/skill-bpmn-debug-workflow-mocked/00
================================================================================

2026-07-28 06:05:34 [DEBUG] coder_eval.utils: Resolved @uipath plugin-tools dir=/usr/lib/node_modules/@uipath from `uip` at /usr/lib/node_modules/@uipath/cli/dist/index.js
2026-07-28 06:05:34 [INFO] coder_eval.orchestrator: API routing: aws_bedrock
2026-07-28 06:05:34 [DEBUG] coder_eval.criteria: Discovered 14 criterion checkers
2026-07-28 06:05:34 [DEBUG] coder_eval.criteria: Validated 14 criterion checkers
2026-07-28 06:05:34 [DEBUG] coder_eval.utils: Resolved @uipath plugin-tools dir=/usr/lib/node_modules/@uipath from `uip` at /usr/lib/node_modules/@uipath/cli/dist/index.js
2026-07-28 06:05:35 [DEBUG] coder_eval.orchestrator: Sending prompt: A local Maestro BPMN project already exists at `./OrderApproval`. Debug it
and report what the run p...
2026-07-28 06:05:35 [DEBUG] coder_eval.agents.claude_code_agent: [coder] Starting agent query stream...
2026-07-28 06:06:33 [DEBUG] coder_eval.agents.claude_code_agent: [coder] session_id changed: None -> 2317cc51-fa3b-4344-9b07-fa15f087ac96
2026-07-28 06:06:33 [DEBUG] coder_eval.agents.claude_code_agent: [coder] Agent query stream ended
2026-07-28 06:06:33 [DEBUG] coder_eval.utils: `uip` at /work/output/artifacts/skill-bpmn-debug-workflow-mocked/mocks/uip is not inside a recognizable node_modules/@uipath tree
2026-07-28 06:06:33 [DEBUG] coder_eval.orchestrator: Agent response received (2394 chars)
2026-07-28 06:06:33 [DEBUG] coder_eval.orchestrator: Checking success criteria
2026-07-28 06:06:33 [DEBUG] coder_eval.evaluation.checker: Criterion 'command_executed' score: 1.00
2026-07-28 06:06:33 [DEBUG] coder_eval.evaluation.checker: Criterion 'command_executed' score: 1.00
2026-07-28 06:06:33 [DEBUG] coder_eval.evaluation.checker: Criterion 'file_contains' score: 1.00
2026-07-28 06:06:33 [DEBUG] coder_eval.evaluation.checker: Criterion 'command_executed' score: 1.00
2026-07-28 06:06:33 [INFO] coder_eval.orchestrator: Success criteria: 4/4 passed, weighted score: 1.000
2026-07-28 06:06:33 [WARNING] coder_eval.orchestrator: Visible turns (18) exceeded expected_turns (14) at iteration 1 for task skill-bpmn-debug-workflow-mocked. Run continues — max_turns remains the hard cap.
2026-07-28 06:06:33 [DEBUG] coder_eval.utils: `uip` at /work/output/artifacts/skill-bpmn-debug-workflow-mocked/mocks/uip is not inside a recognizable node_modules/@uipath tree
2026-07-28 06:06:33 [INFO] coder_eval.orchestrator: Running post-run command: find . -maxdepth 5 -type d \( -name node_modules -o -name .npm-prefix -o -name .venv \) -prune -exec rm -rf {} +
2026-07-28 06:06:33 [INFO] coder_eval.orchestrator: Sandbox preserved (in-place): /work/output/artifacts/skill-bpmn-debug-workflow-mocked
2026-07-28 06:06:33 [INFO] coder_eval.orchestrator: Task finished: status=SUCCESS duration=67.3s score=1.000 iterations=1


================================================================================
TASK: default/skill-bpmn-diagnose-deployed-drift/00
================================================================================

2026-07-28 06:05:37 [DEBUG] coder_eval.utils: Resolved @uipath plugin-tools dir=/usr/lib/node_modules/@uipath from `uip` at /usr/lib/node_modules/@uipath/cli/dist/index.js
2026-07-28 06:05:37 [INFO] coder_eval.orchestrator: API routing: aws_bedrock
2026-07-28 06:05:37 [DEBUG] coder_eval.criteria: Discovered 14 criterion checkers
2026-07-28 06:05:37 [DEBUG] coder_eval.criteria: Validated 14 criterion checkers
2026-07-28 06:05:37 [DEBUG] coder_eval.utils: Resolved @uipath plugin-tools dir=/usr/lib/node_modules/@uipath from `uip` at /usr/lib/node_modules/@uipath/cli/dist/index.js
2026-07-28 06:05:38 [DEBUG] coder_eval.orchestrator: Sending prompt: A UiPath Maestro BPMN instance behaved differently from the local source. The
local file `OrderRouti...
2026-07-28 06:05:38 [DEBUG] coder_eval.agents.claude_code_agent: [coder] Starting agent query stream...
2026-07-28 06:06:18 [DEBUG] coder_eval.agents.claude_code_agent: [coder] session_id changed: None -> 192460cd-5649-4fab-ab66-efa18da521cc
2026-07-28 06:06:18 [DEBUG] coder_eval.agents.claude_code_agent: [coder] Agent query stream ended
2026-07-28 06:06:18 [DEBUG] coder_eval.utils: `uip` at /work/output/artifacts/skill-bpmn-diagnose-deployed-drift/mocks/uip is not inside a recognizable node_modules/@uipath tree
2026-07-28 06:06:18 [DEBUG] coder_eval.orchestrator: Agent response received (1679 chars)
2026-07-28 06:06:18 [DEBUG] coder_eval.orchestrator: Checking success criteria
2026-07-28 06:06:18 [DEBUG] coder_eval.evaluation.checker: Criterion 'command_executed' score: 1.00
2026-07-28 06:06:18 [DEBUG] coder_eval.evaluation.checker: Criterion 'file_contains' score: 1.00
2026-07-28 06:06:18 [INFO] coder_eval.orchestrator: Success criteria: 2/2 passed, weighted score: 1.000
2026-07-28 06:06:18 [DEBUG] coder_eval.utils: `uip` at /work/output/artifacts/skill-bpmn-diagnose-deployed-drift/mocks/uip is not inside a recognizable node_modules/@uipath tree
2026-07-28 06:06:18 [INFO] coder_eval.orchestrator: Running post-run command: find . -maxdepth 5 -type d \( -name node_modules -o -name .npm-prefix -o -name .venv \) -prune -exec rm -rf {} +
2026-07-28 06:06:18 [INFO] coder_eval.orchestrator: Sandbox preserved (in-place): /work/output/artifacts/skill-bpmn-diagnose-deployed-drift
2026-07-28 06:06:18 [INFO] coder_eval.orchestrator: Task finished: status=SUCCESS duration=50.3s score=1.000 iterations=1


================================================================================
TASK: default/skill-bpmn-diagnose-incident-root-cause/00
================================================================================

2026-07-28 06:08:58 [DEBUG] coder_eval.utils: Resolved @uipath plugin-tools dir=/usr/lib/node_modules/@uipath from `uip` at /usr/lib/node_modules/@uipath/cli/dist/index.js
2026-07-28 06:08:58 [INFO] coder_eval.orchestrator: API routing: aws_bedrock
2026-07-28 06:08:58 [DEBUG] coder_eval.criteria: Discovered 14 criterion checkers
2026-07-28 06:08:58 [DEBUG] coder_eval.criteria: Validated 14 criterion checkers
2026-07-28 06:08:58 [DEBUG] coder_eval.utils: Resolved @uipath plugin-tools dir=/usr/lib/node_modules/@uipath from `uip` at /usr/lib/node_modules/@uipath/cli/dist/index.js
2026-07-28 06:08:58 [DEBUG] coder_eval.orchestrator: Sending prompt: A UiPath Maestro BPMN instance failed with more than one incident. Diagnose it
using the mocked `uip...
2026-07-28 06:08:58 [DEBUG] coder_eval.agents.claude_code_agent: [coder] Starting agent query stream...
2026-07-28 06:09:39 [DEBUG] coder_eval.agents.claude_code_agent: [coder] session_id changed: None -> 104fca9e-7cd3-490c-a3d7-ec50ed35167b
2026-07-28 06:09:39 [DEBUG] coder_eval.agents.claude_code_agent: [coder] Agent query stream ended
2026-07-28 06:09:39 [DEBUG] coder_eval.utils: `uip` at /work/output/artifacts/skill-bpmn-diagnose-incident-root-cause/mocks/uip is not inside a recognizable node_modules/@uipath tree
2026-07-28 06:09:39 [DEBUG] coder_eval.orchestrator: Agent response received (2487 chars)
2026-07-28 06:09:39 [DEBUG] coder_eval.orchestrator: Checking success criteria
2026-07-28 06:09:39 [DEBUG] coder_eval.evaluation.checker: Criterion 'command_executed' score: 1.00
2026-07-28 06:09:39 [DEBUG] coder_eval.evaluation.checker: Criterion 'command_executed' score: 1.00
2026-07-28 06:09:39 [DEBUG] coder_eval.evaluation.checker: Criterion 'command_executed' score: 1.00
2026-07-28 06:09:39 [DEBUG] coder_eval.evaluation.checker: Criterion 'file_contains' score: 1.00
2026-07-28 06:09:39 [INFO] coder_eval.orchestrator: Success criteria: 4/4 passed, weighted score: 1.000
2026-07-28 06:09:39 [DEBUG] coder_eval.utils: `uip` at /work/output/artifacts/skill-bpmn-diagnose-incident-root-cause/mocks/uip is not inside a recognizable node_modules/@uipath tree
2026-07-28 06:09:39 [INFO] coder_eval.orchestrator: Running post-run command: find . -maxdepth 5 -type d \( -name node_modules -o -name .npm-prefix -o -name .venv \) -prune -exec rm -rf {} +
2026-07-28 06:09:39 [INFO] coder_eval.orchestrator: Sandbox preserved (in-place): /work/output/artifacts/skill-bpmn-diagnose-incident-root-cause
2026-07-28 06:09:39 [INFO] coder_eval.orchestrator: Task finished: status=SUCCESS duration=42.8s score=1.000 iterations=1


================================================================================
TASK: default/skill-bpmn-diagnose-job-traces/00
================================================================================

2026-07-28 06:06:38 [DEBUG] coder_eval.utils: Resolved @uipath plugin-tools dir=/usr/lib/node_modules/@uipath from `uip` at /usr/lib/node_modules/@uipath/cli/dist/index.js
2026-07-28 06:06:38 [INFO] coder_eval.orchestrator: API routing: aws_bedrock
2026-07-28 06:06:38 [DEBUG] coder_eval.criteria: Discovered 14 criterion checkers
2026-07-28 06:06:38 [DEBUG] coder_eval.criteria: Validated 14 criterion checkers
2026-07-28 06:06:38 [DEBUG] coder_eval.utils: Resolved @uipath plugin-tools dir=/usr/lib/node_modules/@uipath from `uip` at /usr/lib/node_modules/@uipath/cli/dist/index.js
2026-07-28 06:06:38 [DEBUG] coder_eval.orchestrator: Sending prompt: A UiPath Maestro BPMN job faulted, but the job summary lists no faulting
element and no incident was...
2026-07-28 06:06:38 [DEBUG] coder_eval.agents.claude_code_agent: [coder] Starting agent query stream...
2026-07-28 06:08:26 [DEBUG] coder_eval.agents.claude_code_agent: [coder] session_id changed: None -> 7a304b59-2024-4e96-a12b-269d4b23ccbc
2026-07-28 06:08:26 [DEBUG] coder_eval.agents.claude_code_agent: [coder] Agent query stream ended
2026-07-28 06:08:26 [DEBUG] coder_eval.utils: `uip` at /work/output/artifacts/skill-bpmn-diagnose-job-traces/mocks/uip is not inside a recognizable node_modules/@uipath tree
2026-07-28 06:08:26 [DEBUG] coder_eval.orchestrator: Agent response received (3503 chars)
2026-07-28 06:08:26 [DEBUG] coder_eval.orchestrator: Checking success criteria
2026-07-28 06:08:26 [DEBUG] coder_eval.evaluation.checker: Criterion 'command_executed' score: 1.00
2026-07-28 06:08:26 [DEBUG] coder_eval.evaluation.checker: Criterion 'command_executed' score: 1.00
2026-07-28 06:08:26 [DEBUG] coder_eval.evaluation.checker: Criterion 'file_contains' score: 1.00
2026-07-28 06:08:26 [INFO] coder_eval.orchestrator: Success criteria: 3/3 passed, weighted score: 1.000
2026-07-28 06:08:26 [WARNING] coder_eval.orchestrator: Visible turns (23) exceeded expected_turns (16) at iteration 1 for task skill-bpmn-diagnose-job-traces. Run continues — max_turns remains the hard cap.
2026-07-28 06:08:26 [DEBUG] coder_eval.utils: `uip` at /work/output/artifacts/skill-bpmn-diagnose-job-traces/mocks/uip is not inside a recognizable node_modules/@uipath tree
2026-07-28 06:08:26 [INFO] coder_eval.orchestrator: Running post-run command: find . -maxdepth 5 -type d \( -name node_modules -o -name .npm-prefix -o -name .venv \) -prune -exec rm -rf {} +
2026-07-28 06:08:26 [INFO] coder_eval.orchestrator: Sandbox preserved (in-place): /work/output/artifacts/skill-bpmn-diagnose-job-traces
2026-07-28 06:08:26 [INFO] coder_eval.orchestrator: Task finished: status=SUCCESS duration=109.9s score=1.000 iterations=1


================================================================================
TASK: default/skill-bpmn-diagnose-scoped-variables/00
================================================================================

2026-07-28 06:05:39 [DEBUG] coder_eval.utils: Resolved @uipath plugin-tools dir=/usr/lib/node_modules/@uipath from `uip` at /usr/lib/node_modules/@uipath/cli/dist/index.js
2026-07-28 06:05:39 [INFO] coder_eval.orchestrator: API routing: aws_bedrock
2026-07-28 06:05:39 [DEBUG] coder_eval.criteria: Discovered 14 criterion checkers
2026-07-28 06:05:39 [DEBUG] coder_eval.criteria: Validated 14 criterion checkers
2026-07-28 06:05:39 [DEBUG] coder_eval.utils: Resolved @uipath plugin-tools dir=/usr/lib/node_modules/@uipath from `uip` at /usr/lib/node_modules/@uipath/cli/dist/index.js
2026-07-28 06:05:40 [DEBUG] coder_eval.orchestrator: Sending prompt: A UiPath Maestro BPMN run finished with status Completed, but a stakeholder
reports the tax on the i...
2026-07-28 06:05:40 [DEBUG] coder_eval.agents.claude_code_agent: [coder] Starting agent query stream...
2026-07-28 06:06:24 [DEBUG] coder_eval.agents.claude_code_agent: [coder] session_id changed: None -> 67cf590c-0628-4e9a-a31f-59563958ce3d
2026-07-28 06:06:24 [DEBUG] coder_eval.agents.claude_code_agent: [coder] Agent query stream ended
2026-07-28 06:06:24 [DEBUG] coder_eval.utils: `uip` at /work/output/artifacts/skill-bpmn-diagnose-scoped-variables/mocks/uip is not inside a recognizable node_modules/@uipath tree
2026-07-28 06:06:24 [DEBUG] coder_eval.orchestrator: Agent response received (2453 chars)
2026-07-28 06:06:24 [DEBUG] coder_eval.orchestrator: Checking success criteria
2026-07-28 06:06:24 [DEBUG] coder_eval.evaluation.checker: Criterion 'command_executed' score: 1.00
2026-07-28 06:06:24 [DEBUG] coder_eval.evaluation.checker: Criterion 'file_contains' score: 1.00
2026-07-28 06:06:24 [INFO] coder_eval.orchestrator: Success criteria: 2/2 passed, weighted score: 1.000
2026-07-28 06:06:24 [DEBUG] coder_eval.utils: `uip` at /work/output/artifacts/skill-bpmn-diagnose-scoped-variables/mocks/uip is not inside a recognizable node_modules/@uipath tree
2026-07-28 06:06:24 [INFO] coder_eval.orchestrator: Running post-run command: find . -maxdepth 5 -type d \( -name node_modules -o -name .npm-prefix -o -name .venv \) -prune -exec rm -rf {} +
2026-07-28 06:06:24 [INFO] coder_eval.orchestrator: Sandbox preserved (in-place): /work/output/artifacts/skill-bpmn-diagnose-scoped-variables
2026-07-28 06:06:24 [INFO] coder_eval.orchestrator: Task finished: status=SUCCESS duration=53.9s score=1.000 iterations=1


================================================================================
TASK: default/skill-bpmn-diagnose-stuck-gateway/00
================================================================================

2026-07-28 06:05:34 [DEBUG] coder_eval.utils: Resolved @uipath plugin-tools dir=/usr/lib/node_modules/@uipath from `uip` at /usr/lib/node_modules/@uipath/cli/dist/index.js
2026-07-28 06:05:34 [INFO] coder_eval.orchestrator: API routing: aws_bedrock
2026-07-28 06:05:35 [DEBUG] coder_eval.criteria: Discovered 14 criterion checkers
2026-07-28 06:05:35 [DEBUG] coder_eval.criteria: Validated 14 criterion checkers
2026-07-28 06:05:35 [DEBUG] coder_eval.utils: Resolved @uipath plugin-tools dir=/usr/lib/node_modules/@uipath from `uip` at /usr/lib/node_modules/@uipath/cli/dist/index.js
2026-07-28 06:05:35 [DEBUG] coder_eval.orchestrator: Sending prompt: A UiPath Maestro BPMN run is stuck: it never faulted and never completed. It
is parked mid-flow. Dia...
2026-07-28 06:05:35 [DEBUG] coder_eval.agents.claude_code_agent: [coder] Starting agent query stream...
2026-07-28 06:06:41 [DEBUG] coder_eval.agents.claude_code_agent: [coder] session_id changed: None -> 307a9039-79b1-4fe9-9cd5-35519337272b
2026-07-28 06:06:41 [DEBUG] coder_eval.agents.claude_code_agent: [coder] Agent query stream ended
2026-07-28 06:06:41 [DEBUG] coder_eval.utils: `uip` at /work/output/artifacts/skill-bpmn-diagnose-stuck-gateway/mocks/uip is not inside a recognizable node_modules/@uipath tree
2026-07-28 06:06:41 [DEBUG] coder_eval.orchestrator: Agent response received (3170 chars)
2026-07-28 06:06:41 [DEBUG] coder_eval.orchestrator: Checking success criteria
2026-07-28 06:06:41 [DEBUG] coder_eval.evaluation.checker: Criterion 'command_executed' score: 1.00
2026-07-28 06:06:41 [DEBUG] coder_eval.evaluation.checker: Criterion 'command_executed' score: 1.00
2026-07-28 06:06:41 [DEBUG] coder_eval.evaluation.checker: Criterion 'file_contains' score: 1.00
2026-07-28 06:06:41 [INFO] coder_eval.orchestrator: Success criteria: 3/3 passed, weighted score: 1.000
2026-07-28 06:06:41 [DEBUG] coder_eval.utils: `uip` at /work/output/artifacts/skill-bpmn-diagnose-stuck-gateway/mocks/uip is not inside a recognizable node_modules/@uipath tree
2026-07-28 06:06:41 [INFO] coder_eval.orchestrator: Running post-run command: find . -maxdepth 5 -type d \( -name node_modules -o -name .npm-prefix -o -name .venv \) -prune -exec rm -rf {} +
2026-07-28 06:06:41 [INFO] coder_eval.orchestrator: Sandbox preserved (in-place): /work/output/artifacts/skill-bpmn-diagnose-stuck-gateway
2026-07-28 06:06:41 [INFO] coder_eval.orchestrator: Task finished: status=SUCCESS duration=76.1s score=1.000 iterations=1


================================================================================
TASK: default/skill-bpmn-diagnose-validate-fix-loop/00
================================================================================

2026-07-28 06:05:39 [DEBUG] coder_eval.utils: Resolved @uipath plugin-tools dir=/usr/lib/node_modules/@uipath from `uip` at /usr/lib/node_modules/@uipath/cli/dist/index.js
2026-07-28 06:05:39 [INFO] coder_eval.orchestrator: API routing: aws_bedrock
2026-07-28 06:05:39 [DEBUG] coder_eval.criteria: Discovered 14 criterion checkers
2026-07-28 06:05:39 [DEBUG] coder_eval.criteria: Validated 14 criterion checkers
2026-07-28 06:05:39 [DEBUG] coder_eval.utils: Resolved @uipath plugin-tools dir=/usr/lib/node_modules/@uipath from `uip` at /usr/lib/node_modules/@uipath/cli/dist/index.js
2026-07-28 06:05:40 [DEBUG] coder_eval.orchestrator: Sending prompt: Load and follow the uipath-maestro-bpmn skill.

A Maestro BPMN file `ExpenseApproval.bpmn` is in the...
2026-07-28 06:05:40 [DEBUG] coder_eval.agents.claude_code_agent: [coder] Starting agent query stream...
2026-07-28 06:06:34 [DEBUG] coder_eval.agents.claude_code_agent: [coder] session_id changed: None -> 61310f74-c7f1-4a64-bdb2-83c695fc8f7c
2026-07-28 06:06:34 [DEBUG] coder_eval.agents.claude_code_agent: [coder] Agent query stream ended
2026-07-28 06:06:34 [DEBUG] coder_eval.utils: Resolved @uipath plugin-tools dir=/usr/lib/node_modules/@uipath from `uip` at /usr/lib/node_modules/@uipath/cli/dist/index.js
2026-07-28 06:06:34 [DEBUG] coder_eval.orchestrator: Agent response received (1919 chars)
2026-07-28 06:06:34 [DEBUG] coder_eval.orchestrator: Checking success criteria
2026-07-28 06:06:34 [DEBUG] coder_eval.evaluation.checker: Criterion 'file_exists' score: 1.00
2026-07-28 06:06:34 [DEBUG] coder_eval.evaluation.checker: Criterion 'command_executed' score: 1.00
2026-07-28 06:06:34 [DEBUG] coder_eval.evaluation.checker: Criterion 'file_contains' score: 1.00
2026-07-28 06:06:34 [DEBUG] coder_eval.criteria.run_command: Running command for criterion 'Bundled validator now reports the BPMN file VALID (exit 0)': cd validator && npm install --silent && node validate-bpmn.mjs ../ExpenseApproval.bpmn
2026-07-28 06:06:35 [DEBUG] coder_eval.sandbox: Command 'cd validator && npm install --silent && node validate-bpmn.mjs ../ExpenseApproval.bpmn' exited with code 0
2026-07-28 06:06:35 [DEBUG] coder_eval.sandbox: STDOUT:
---
VALID
---
2026-07-28 06:06:35 [DEBUG] coder_eval.evaluation.checker: Criterion 'run_command' score: 1.00
2026-07-28 06:06:35 [INFO] coder_eval.orchestrator: Success criteria: 4/4 passed, weighted score: 1.000
2026-07-28 06:06:35 [DEBUG] coder_eval.utils: Resolved @uipath plugin-tools dir=/usr/lib/node_modules/@uipath from `uip` at /usr/lib/node_modules/@uipath/cli/dist/index.js
2026-07-28 06:06:35 [INFO] coder_eval.orchestrator: Running post-run command: find . -maxdepth 5 -type d \( -name node_modules -o -name .npm-prefix -o -name .venv \) -prune -exec rm -rf {} +
2026-07-28 06:06:35 [INFO] coder_eval.orchestrator: Sandbox preserved (in-place): /work/output/artifacts/skill-bpmn-diagnose-validate-fix-loop
2026-07-28 06:06:35 [INFO] coder_eval.orchestrator: Task finished: status=SUCCESS duration=65.1s score=1.000 iterations=1


================================================================================
TASK: default/skill-bpmn-dice-roller/00
================================================================================

2026-07-28 06:08:51 [DEBUG] coder_eval.utils: Resolved @uipath plugin-tools dir=/usr/lib/node_modules/@uipath from `uip` at /usr/lib/node_modules/@uipath/cli/dist/index.js
2026-07-28 06:08:51 [INFO] coder_eval.orchestrator: API routing: aws_bedrock
2026-07-28 06:08:51 [DEBUG] coder_eval.criteria: Discovered 14 criterion checkers
2026-07-28 06:08:51 [DEBUG] coder_eval.criteria: Validated 14 criterion checkers
2026-07-28 06:08:51 [DEBUG] coder_eval.utils: Resolved @uipath plugin-tools dir=/usr/lib/node_modules/@uipath from `uip` at /usr/lib/node_modules/@uipath/cli/dist/index.js
2026-07-28 06:08:51 [DEBUG] coder_eval.orchestrator: Sending prompt: Load and follow the uipath-maestro-bpmn skill.

Author a local Maestro BPMN project named "DiceRolle...
2026-07-28 06:08:51 [DEBUG] coder_eval.agents.claude_code_agent: [coder] Starting agent query stream...
2026-07-28 06:13:36 [DEBUG] coder_eval.agents.claude_code_agent: [coder] session_id changed: None -> 22a00f01-83ea-4799-9126-79fb9e14ccd2
2026-07-28 06:13:36 [DEBUG] coder_eval.agents.claude_code_agent: [coder] Agent query stream ended
2026-07-28 06:13:36 [DEBUG] coder_eval.utils: Resolved @uipath plugin-tools dir=/usr/lib/node_modules/@uipath from `uip` at /usr/lib/node_modules/@uipath/cli/dist/index.js
2026-07-28 06:13:36 [DEBUG] coder_eval.orchestrator: Agent response received (3039 chars)
2026-07-28 06:13:36 [DEBUG] coder_eval.orchestrator: Checking success criteria
2026-07-28 06:13:36 [DEBUG] coder_eval.evaluation.checker: Criterion 'file_exists' score: 1.00
2026-07-28 06:13:36 [DEBUG] coder_eval.criteria.run_command: Running command for criterion 'BPMN has a randomness script task and an exclusive gateway on the result, with valid DI': python3 $TASK_DIR/check_dice_roller.py
2026-07-28 06:13:36 [DEBUG] coder_eval.sandbox: Command 'python3 $TASK_DIR/check_dice_roller.py' exited with code 0
2026-07-28 06:13:36 [DEBUG] coder_eval.sandbox: STDOUT:
---
OK: DiceRollerBpmn/DiceRollerBpmn.bpmn rolls a die in a script task and classifies it through an exclusive gateway
---
2026-07-28 06:13:36 [DEBUG] coder_eval.evaluation.checker: Criterion 'run_command' score: 1.00
2026-07-28 06:13:36 [INFO] coder_eval.orchestrator: Success criteria: 2/2 passed, weighted score: 1.000
2026-07-28 06:13:36 [DEBUG] coder_eval.utils: Resolved @uipath plugin-tools dir=/usr/lib/node_modules/@uipath from `uip` at /usr/lib/node_modules/@uipath/cli/dist/index.js
2026-07-28 06:13:36 [INFO] coder_eval.orchestrator: Running post-run command: find . -maxdepth 5 -type d \( -name node_modules -o -name .npm-prefix -o -name .venv \) -prune -exec rm -rf {} +
2026-07-28 06:13:36 [INFO] coder_eval.orchestrator: Sandbox preserved (in-place): /work/output/artifacts/skill-bpmn-dice-roller
2026-07-28 06:13:36 [INFO] coder_eval.orchestrator: Task finished: status=SUCCESS duration=285.9s score=1.000 iterations=1


================================================================================
TASK: default/skill-bpmn-e2e-customer-escalation/00
================================================================================

2026-07-28 06:05:34 [DEBUG] coder_eval.utils: Resolved @uipath plugin-tools dir=/usr/lib/node_modules/@uipath from `uip` at /usr/lib/node_modules/@uipath/cli/dist/index.js
2026-07-28 06:05:34 [INFO] coder_eval.orchestrator: API routing: aws_bedrock
2026-07-28 06:05:34 [DEBUG] coder_eval.criteria: Discovered 14 criterion checkers
2026-07-28 06:05:34 [DEBUG] coder_eval.criteria: Validated 14 criterion checkers
2026-07-28 06:05:34 [DEBUG] coder_eval.utils: Resolved @uipath plugin-tools dir=/usr/lib/node_modules/@uipath from `uip` at /usr/lib/node_modules/@uipath/cli/dist/index.js
2026-07-28 06:05:35 [DEBUG] coder_eval.orchestrator: Sending prompt: Create a new local Maestro BPMN Process Orchestration project named
CustomerEscalation. The project ...
2026-07-28 06:05:35 [DEBUG] coder_eval.agents.claude_code_agent: [coder] Starting agent query stream...
2026-07-28 06:12:45 [DEBUG] coder_eval.agents.claude_code_agent: [coder] session_id changed: None -> 9a67a61e-2306-4070-ab59-1022664e2ce3
2026-07-28 06:12:45 [DEBUG] coder_eval.agents.claude_code_agent: [coder] Agent query stream ended
2026-07-28 06:12:45 [DEBUG] coder_eval.utils: Resolved @uipath plugin-tools dir=/usr/lib/node_modules/@uipath from `uip` at /usr/lib/node_modules/@uipath/cli/dist/index.js
2026-07-28 06:12:45 [DEBUG] coder_eval.orchestrator: Agent response received (6053 chars)
2026-07-28 06:12:45 [DEBUG] coder_eval.orchestrator: Checking success criteria
2026-07-28 06:12:45 [DEBUG] coder_eval.evaluation.checker: Criterion 'file_exists' score: 1.00
2026-07-28 06:12:45 [DEBUG] coder_eval.evaluation.checker: Criterion 'file_exists' score: 1.00
2026-07-28 06:12:45 [DEBUG] coder_eval.evaluation.checker: Criterion 'file_exists' score: 1.00
2026-07-28 06:12:45 [DEBUG] coder_eval.criteria.run_command: Running command for criterion 'Generated BPMN project has two classifier scripts, gateway routing, a user-task escalation path, a ticket script, and package references': python3 $TASK_DIR/check_customer_escalation.py
2026-07-28 06:12:45 [DEBUG] coder_eval.sandbox: Command 'python3 $TASK_DIR/check_customer_escalation.py' exited with code 0
2026-07-28 06:12:45 [DEBUG] coder_eval.sandbox: STDOUT:
---
OK: CustomerEscalation/CustomerEscalation.bpmn classifies, routes, escalates via a user task, and ships consistent package metadata
---
2026-07-28 06:12:45 [DEBUG] coder_eval.evaluation.checker: Criterion 'run_command' score: 1.00
2026-07-28 06:12:45 [DEBUG] coder_eval.evaluation.judge_context: judge_context: include_reference=True but reference not set
2026-07-28 06:12:53 [DEBUG] coder_eval.evaluation.checker: Criterion 'llm_judge' score: 1.00
2026-07-28 06:12:53 [INFO] coder_eval.orchestrator: Success criteria: 5/5 passed, weighted score: 1.000
2026-07-28 06:12:53 [WARNING] coder_eval.orchestrator: Visible turns (34) exceeded expected_turns (28) at iteration 1 for task skill-bpmn-e2e-customer-escalation. Run continues — max_turns remains the hard cap.
2026-07-28 06:12:53 [DEBUG] coder_eval.utils: Resolved @uipath plugin-tools dir=/usr/lib/node_modules/@uipath from `uip` at /usr/lib/node_modules/@uipath/cli/dist/index.js
2026-07-28 06:12:53 [INFO] coder_eval.orchestrator: Running post-run command: find . -maxdepth 5 -type d \( -name node_modules -o -name .npm-prefix -o -name .venv \) -prune -exec rm -rf {} +
2026-07-28 06:12:53 [INFO] coder_eval.orchestrator: Sandbox preserved (in-place): /work/output/artifacts/skill-bpmn-e2e-customer-escalation
2026-07-28 06:12:53 [INFO] coder_eval.orchestrator: Task finished: status=SUCCESS duration=446.9s score=1.000 iterations=1
2026-07-28 06:12:53 [DEBUG] coder_eval.evaluation.judge_persistence: spilled 1 judge transcript(s) to /work/output


================================================================================
TASK: default/skill-bpmn-e2e-invoice-exception-triage/00
================================================================================

2026-07-28 06:05:34 [DEBUG] coder_eval.utils: Resolved @uipath plugin-tools dir=/usr/lib/node_modules/@uipath from `uip` at /usr/lib/node_modules/@uipath/cli/dist/index.js
2026-07-28 06:05:34 [INFO] coder_eval.orchestrator: API routing: aws_bedrock
2026-07-28 06:05:35 [DEBUG] coder_eval.criteria: Discovered 14 criterion checkers
2026-07-28 06:05:35 [DEBUG] coder_eval.criteria: Validated 14 criterion checkers
2026-07-28 06:05:35 [DEBUG] coder_eval.utils: Resolved @uipath plugin-tools dir=/usr/lib/node_modules/@uipath from `uip` at /usr/lib/node_modules/@uipath/cli/dist/index.js
2026-07-28 06:05:35 [DEBUG] coder_eval.orchestrator: Sending prompt: Create a new local Maestro BPMN Process Orchestration project named
InvoiceExceptionTriage. The proj...
2026-07-28 06:05:35 [DEBUG] coder_eval.agents.claude_code_agent: [coder] Starting agent query stream...
2026-07-28 06:12:30 [DEBUG] coder_eval.agents.claude_code_agent: [coder] session_id changed: None -> 0f917ea0-0a8f-4034-92e2-8142f1efa49a
2026-07-28 06:12:30 [DEBUG] coder_eval.agents.claude_code_agent: [coder] Agent query stream ended
2026-07-28 06:12:30 [DEBUG] coder_eval.utils: Resolved @uipath plugin-tools dir=/usr/lib/node_modules/@uipath from `uip` at /usr/lib/node_modules/@uipath/cli/dist/index.js
2026-07-28 06:12:30 [DEBUG] coder_eval.orchestrator: Agent response received (5217 chars)
2026-07-28 06:12:30 [DEBUG] coder_eval.orchestrator: Checking success criteria
2026-07-28 06:12:30 [DEBUG] coder_eval.evaluation.checker: Criterion 'file_exists' score: 1.00
2026-07-28 06:12:30 [DEBUG] coder_eval.evaluation.checker: Criterion 'file_exists' score: 1.00
2026-07-28 06:12:30 [DEBUG] coder_eval.evaluation.checker: Criterion 'file_exists' score: 1.00
2026-07-28 06:12:30 [DEBUG] coder_eval.criteria.run_command: Running command for criterion 'Generated BPMN project has the required process structure and package references': python3 $TASK_DIR/check_invoice_exception_triage.py
2026-07-28 06:12:30 [DEBUG] coder_eval.sandbox: Command 'python3 $TASK_DIR/check_invoice_exception_triage.py' exited with code 0
2026-07-28 06:12:30 [DEBUG] coder_eval.sandbox: STDOUT:
---
InvoiceExceptionTriage BPMN project structure is valid
---
2026-07-28 06:12:30 [DEBUG] coder_eval.evaluation.checker: Criterion 'run_command' score: 1.00
2026-07-28 06:12:30 [DEBUG] coder_eval.evaluation.judge_context: judge_context: include_reference=True but reference not set
2026-07-28 06:12:37 [DEBUG] coder_eval.evaluation.checker: Criterion 'llm_judge' score: 1.00
2026-07-28 06:12:37 [INFO] coder_eval.orchestrator: Success criteria: 5/5 passed, weighted score: 1.000
2026-07-28 06:12:37 [WARNING] coder_eval.orchestrator: Visible turns (29) exceeded expected_turns (25) at iteration 1 for task skill-bpmn-e2e-invoice-exception-triage. Run continues — max_turns remains the hard cap.
2026-07-28 06:12:37 [DEBUG] coder_eval.utils: Resolved @uipath plugin-tools dir=/usr/lib/node_modules/@uipath from `uip` at /usr/lib/node_modules/@uipath/cli/dist/index.js
2026-07-28 06:12:37 [INFO] coder_eval.orchestrator: Running post-run command: find . -maxdepth 5 -type d \( -name node_modules -o -name .npm-prefix -o -name .venv \) -prune -exec rm -rf {} +
2026-07-28 06:12:37 [INFO] coder_eval.orchestrator: Sandbox preserved (in-place): /work/output/artifacts/skill-bpmn-e2e-invoice-exception-triage
2026-07-28 06:12:37 [INFO] coder_eval.orchestrator: Task finished: status=SUCCESS duration=429.6s score=1.000 iterations=1
2026-07-28 06:12:37 [DEBUG] coder_eval.evaluation.judge_persistence: spilled 1 judge transcript(s) to /work/output


================================================================================
TASK: default/skill-bpmn-e2e-live-debug/00
================================================================================

2026-07-28 06:05:39 [DEBUG] coder_eval.utils: Resolved @uipath plugin-tools dir=/usr/lib/node_modules/@uipath from `uip` at /usr/lib/node_modules/@uipath/cli/dist/index.js
2026-07-28 06:05:39 [INFO] coder_eval.orchestrator: API routing: aws_bedrock
2026-07-28 06:05:39 [DEBUG] coder_eval.criteria: Discovered 14 criterion checkers
2026-07-28 06:05:39 [DEBUG] coder_eval.criteria: Validated 14 criterion checkers
2026-07-28 06:05:39 [DEBUG] coder_eval.utils: Resolved @uipath plugin-tools dir=/usr/lib/node_modules/@uipath from `uip` at /usr/lib/node_modules/@uipath/cli/dist/index.js
2026-07-28 06:05:39 [DEBUG] coder_eval.orchestrator: Sending prompt: Load and follow the uipath-maestro-bpmn skill.

Author a minimal Maestro BPMN project named "Product...
2026-07-28 06:05:39 [DEBUG] coder_eval.agents.claude_code_agent: [coder] Starting agent query stream...
2026-07-28 06:36:30 [DEBUG] coder_eval.agents.claude_code_agent: [coder] session_id changed: None -> e41a049d-4bb4-48d1-ad16-0b8301a17d4a
2026-07-28 06:36:30 [DEBUG] coder_eval.agents.claude_code_agent: [coder] Agent query stream ended
2026-07-28 06:36:30 [DEBUG] coder_eval.utils: Resolved @uipath plugin-tools dir=/usr/lib/node_modules/@uipath from `uip` at /usr/lib/node_modules/@uipath/cli/dist/index.js
2026-07-28 06:36:30 [DEBUG] coder_eval.orchestrator: Agent response received (38052 chars)
2026-07-28 06:36:30 [DEBUG] coder_eval.orchestrator: Checking success criteria
2026-07-28 06:36:30 [DEBUG] coder_eval.evaluation.checker: Criterion 'command_executed' score: 1.00
2026-07-28 06:36:30 [DEBUG] coder_eval.evaluation.checker: Criterion 'command_executed' score: 1.00
2026-07-28 06:36:30 [DEBUG] coder_eval.criteria.run_command: Running command for criterion 'Live debug reached finalStatus Completed and the runtime product variable is 42 (read from variables-all, computed by a script task, not hardcoded)': python3 $TASK_DIR/check_live_debug.py
2026-07-28 06:36:47 [DEBUG] coder_eval.sandbox: Command 'python3 $TASK_DIR/check_live_debug.py' exited with code 1
2026-07-28 06:36:47 [DEBUG] coder_eval.sandbox: STDOUT:
---
OK: product is computed by a script task (return + output mapping)
OK: debug session reached finalStatus Completed
---
2026-07-28 06:36:47 [DEBUG] coder_eval.sandbox: STDERR:
---
note: no product value in saved evidence — the debug command output has no variable values; attempting live recovery via debug-instance variables-all
FAIL: runtime `product` variable is not 42: not in saved evidence, and live recovery via `debug-instance variables-all` failed (save the variables-all output to debug-evidence/ — the debug command output does NOT contain variable values)
---
2026-07-28 06:36:47 [DEBUG] coder_eval.evaluation.checker: Criterion 'run_command' score: 0.00
2026-07-28 06:36:47 [INFO] coder_eval.evaluation.checker: Criterion 'run_command' FAILED (score=0.00, threshold=1.00): Command: python3 $TASK_DIR/check_live_debug.py
2026-07-28 06:36:47 [INFO] coder_eval.orchestrator: Success criteria: 2/3 passed, weighted score: 0.333
2026-07-28 06:36:47 [WARNING] coder_eval.orchestrator: Visible turns (91) exceeded expected_turns (30) at iteration 1 for task skill-bpmn-e2e-live-debug. Run continues — max_turns remains the hard cap.
2026-07-28 06:36:47 [DEBUG] coder_eval.utils: Resolved @uipath plugin-tools dir=/usr/lib/node_modules/@uipath from `uip` at /usr/lib/node_modules/@uipath/cli/dist/index.js
2026-07-28 06:36:47 [INFO] coder_eval.orchestrator: Running post-run command: find . -maxdepth 5 -type d \( -name node_modules -o -name .npm-prefix -o -name .venv \) -prune -exec rm -rf {} +
2026-07-28 06:36:47 [INFO] coder_eval.orchestrator: Sandbox preserved (in-place): /work/output/artifacts/skill-bpmn-e2e-live-debug
2026-07-28 06:36:47 [INFO] coder_eval.orchestrator: Task finished: status=FAILURE duration=1877.9s score=0.333 iterations=1


================================================================================
TASK: default/skill-bpmn-e2e-wiki-pageviews/00
================================================================================

2026-07-28 06:05:38 [DEBUG] coder_eval.utils: Resolved @uipath plugin-tools dir=/usr/lib/node_modules/@uipath from `uip` at /usr/lib/node_modules/@uipath/cli/dist/index.js
2026-07-28 06:05:38 [INFO] coder_eval.orchestrator: API routing: aws_bedrock
2026-07-28 06:05:38 [DEBUG] coder_eval.criteria: Discovered 14 criterion checkers
2026-07-28 06:05:38 [DEBUG] coder_eval.criteria: Validated 14 criterion checkers
2026-07-28 06:05:38 [DEBUG] coder_eval.utils: Resolved @uipath plugin-tools dir=/usr/lib/node_modules/@uipath from `uip` at /usr/lib/node_modules/@uipath/cli/dist/index.js
2026-07-28 06:05:39 [DEBUG] coder_eval.orchestrator: Sending prompt: Create a new local Maestro BPMN Process Orchestration project named
WikiPageviews. The project must ...
2026-07-28 06:05:39 [DEBUG] coder_eval.agents.claude_code_agent: [coder] Starting agent query stream...
2026-07-28 06:15:25 [DEBUG] coder_eval.agents.claude_code_agent: [coder] session_id changed: None -> b4f238cc-b9ff-47c9-bddd-989abbbd48b0
2026-07-28 06:15:25 [DEBUG] coder_eval.agents.claude_code_agent: [coder] Agent query stream ended
2026-07-28 06:15:25 [DEBUG] coder_eval.utils: Resolved @uipath plugin-tools dir=/usr/lib/node_modules/@uipath from `uip` at /usr/lib/node_modules/@uipath/cli/dist/index.js
2026-07-28 06:15:25 [DEBUG] coder_eval.orchestrator: Agent response received (5132 chars)
2026-07-28 06:15:25 [DEBUG] coder_eval.orchestrator: Checking success criteria
2026-07-28 06:15:25 [DEBUG] coder_eval.evaluation.checker: Criterion 'file_exists' score: 1.00
2026-07-28 06:15:25 [DEBUG] coder_eval.evaluation.checker: Criterion 'file_exists' score: 1.00
2026-07-28 06:15:25 [DEBUG] coder_eval.evaluation.checker: Criterion 'file_contains' score: 1.00
2026-07-28 06:15:25 [DEBUG] coder_eval.criteria.run_command: Running command for criterion 'Generated BPMN project has a fetch script, an error-routing gateway, distinct filter and aggregate scripts, and package references': python3 $TASK_DIR/check_wiki_pageviews.py
2026-07-28 06:15:25 [DEBUG] coder_eval.sandbox: Command 'python3 $TASK_DIR/check_wiki_pageviews.py' exited with code 0
2026-07-28 06:15:25 [DEBUG] coder_eval.sandbox: STDOUT:
---
OK: WikiPageviews/WikiPageviews.bpmn fetches, routes failure, filters, aggregates, and ships consistent package metadata
---
2026-07-28 06:15:25 [DEBUG] coder_eval.evaluation.checker: Criterion 'run_command' score: 1.00
2026-07-28 06:15:25 [DEBUG] coder_eval.evaluation.judge_context: judge_context: include_reference=True but reference not set
2026-07-28 06:15:31 [DEBUG] coder_eval.evaluation.checker: Criterion 'llm_judge' score: 1.00
2026-07-28 06:15:31 [INFO] coder_eval.orchestrator: Success criteria: 5/5 passed, weighted score: 1.000
2026-07-28 06:15:31 [WARNING] coder_eval.orchestrator: Visible turns (35) exceeded expected_turns (28) at iteration 1 for task skill-bpmn-e2e-wiki-pageviews. Run continues — max_turns remains the hard cap.
2026-07-28 06:15:31 [DEBUG] coder_eval.utils: Resolved @uipath plugin-tools dir=/usr/lib/node_modules/@uipath from `uip` at /usr/lib/node_modules/@uipath/cli/dist/index.js
2026-07-28 06:15:31 [INFO] coder_eval.orchestrator: Running post-run command: find . -maxdepth 5 -type d \( -name node_modules -o -name .npm-prefix -o -name .venv \) -prune -exec rm -rf {} +
2026-07-28 06:15:31 [INFO] coder_eval.orchestrator: Sandbox preserved (in-place): /work/output/artifacts/skill-bpmn-e2e-wiki-pageviews
2026-07-28 06:15:31 [INFO] coder_eval.orchestrator: Task finished: status=SUCCESS duration=602.5s score=1.000 iterations=1
2026-07-28 06:15:31 [DEBUG] coder_eval.evaluation.judge_persistence: spilled 1 judge transcript(s) to /work/output


================================================================================
TASK: default/skill-bpmn-edit-add-node/00
================================================================================

2026-07-28 06:05:34 [DEBUG] coder_eval.utils: Resolved @uipath plugin-tools dir=/usr/lib/node_modules/@uipath from `uip` at /usr/lib/node_modules/@uipath/cli/dist/index.js
2026-07-28 06:05:34 [INFO] coder_eval.orchestrator: API routing: aws_bedrock
2026-07-28 06:05:34 [DEBUG] coder_eval.criteria: Discovered 14 criterion checkers
2026-07-28 06:05:34 [DEBUG] coder_eval.criteria: Validated 14 criterion checkers
2026-07-28 06:05:34 [DEBUG] coder_eval.utils: Resolved @uipath plugin-tools dir=/usr/lib/node_modules/@uipath from `uip` at /usr/lib/node_modules/@uipath/cli/dist/index.js
2026-07-28 06:05:35 [DEBUG] coder_eval.orchestrator: Sending prompt: Load and follow the uipath-maestro-bpmn skill.

A valid Maestro BPMN file `OrderIntake.bpmn` is in t...
2026-07-28 06:05:35 [DEBUG] coder_eval.agents.claude_code_agent: [coder] Starting agent query stream...
2026-07-28 06:08:05 [DEBUG] coder_eval.agents.claude_code_agent: [coder] session_id changed: None -> 32c74093-ac9f-440b-bf7a-9698603b5534
2026-07-28 06:08:05 [DEBUG] coder_eval.agents.claude_code_agent: [coder] Agent query stream ended
2026-07-28 06:08:05 [DEBUG] coder_eval.utils: Resolved @uipath plugin-tools dir=/usr/lib/node_modules/@uipath from `uip` at /usr/lib/node_modules/@uipath/cli/dist/index.js
2026-07-28 06:08:05 [DEBUG] coder_eval.orchestrator: Agent response received (4583 chars)
2026-07-28 06:08:05 [DEBUG] coder_eval.orchestrator: Checking success criteria
2026-07-28 06:08:05 [DEBUG] coder_eval.evaluation.checker: Criterion 'file_exists' score: 1.00
2026-07-28 06:08:05 [DEBUG] coder_eval.evaluation.checker: Criterion 'file_contains' score: 1.00
2026-07-28 06:08:05 [DEBUG] coder_eval.criteria.run_command: Running command for criterion 'New script node inserted and wired, untouched content preserved, file still structurally sound': python3 $TASK_DIR/check_add_node.py
2026-07-28 06:08:06 [DEBUG] coder_eval.sandbox: Command 'python3 $TASK_DIR/check_add_node.py' exited with code 0
2026-07-28 06:08:06 [DEBUG] coder_eval.sandbox: STDOUT:
---
OK: script node inserted, flow rewired, untouched content preserved
---
2026-07-28 06:08:06 [DEBUG] coder_eval.evaluation.checker: Criterion 'run_command' score: 1.00
2026-07-28 06:08:06 [INFO] coder_eval.orchestrator: Success criteria: 3/3 passed, weighted score: 1.000
2026-07-28 06:08:06 [DEBUG] coder_eval.utils: Resolved @uipath plugin-tools dir=/usr/lib/node_modules/@uipath from `uip` at /usr/lib/node_modules/@uipath/cli/dist/index.js
2026-07-28 06:08:06 [INFO] coder_eval.orchestrator: Running post-run command: find . -maxdepth 5 -type d \( -name node_modules -o -name .npm-prefix -o -name .venv \) -prune -exec rm -rf {} +
2026-07-28 06:08:06 [INFO] coder_eval.orchestrator: Sandbox preserved (in-place): /work/output/artifacts/skill-bpmn-edit-add-node
2026-07-28 06:08:06 [INFO] coder_eval.orchestrator: Task finished: status=SUCCESS duration=158.9s score=1.000 iterations=1


================================================================================
TASK: default/skill-bpmn-edit-add-output/00
================================================================================

2026-07-28 06:05:37 [DEBUG] coder_eval.utils: Resolved @uipath plugin-tools dir=/usr/lib/node_modules/@uipath from `uip` at /usr/lib/node_modules/@uipath/cli/dist/index.js
2026-07-28 06:05:37 [INFO] coder_eval.orchestrator: API routing: aws_bedrock
2026-07-28 06:05:37 [DEBUG] coder_eval.criteria: Discovered 14 criterion checkers
2026-07-28 06:05:37 [DEBUG] coder_eval.criteria: Validated 14 criterion checkers
2026-07-28 06:05:37 [DEBUG] coder_eval.utils: Resolved @uipath plugin-tools dir=/usr/lib/node_modules/@uipath from `uip` at /usr/lib/node_modules/@uipath/cli/dist/index.js
2026-07-28 06:05:38 [DEBUG] coder_eval.orchestrator: Sending prompt: Load and follow the uipath-maestro-bpmn skill.

A valid Maestro BPMN file `Invoicing.bpmn` is in the...
2026-07-28 06:05:38 [DEBUG] coder_eval.agents.claude_code_agent: [coder] Starting agent query stream...
2026-07-28 06:07:04 [DEBUG] coder_eval.agents.claude_code_agent: [coder] session_id changed: None -> d638de4a-2ca3-476d-8fd2-e36af1ea7610
2026-07-28 06:07:05 [DEBUG] coder_eval.agents.claude_code_agent: [coder] Agent query stream ended
2026-07-28 06:07:05 [DEBUG] coder_eval.utils: Resolved @uipath plugin-tools dir=/usr/lib/node_modules/@uipath from `uip` at /usr/lib/node_modules/@uipath/cli/dist/index.js
2026-07-28 06:07:05 [DEBUG] coder_eval.orchestrator: Agent response received (3297 chars)
2026-07-28 06:07:05 [DEBUG] coder_eval.orchestrator: Checking success criteria
2026-07-28 06:07:05 [DEBUG] coder_eval.evaluation.checker: Criterion 'file_exists' score: 1.00
2026-07-28 06:07:05 [DEBUG] coder_eval.evaluation.checker: Criterion 'file_contains' score: 1.00
2026-07-28 06:07:05 [DEBUG] coder_eval.criteria.run_command: Running command for criterion 'New output + backing variable added, existing output/variables preserved, file still structurally sound': python3 $TASK_DIR/check_add_output.py
2026-07-28 06:07:05 [DEBUG] coder_eval.sandbox: Command 'python3 $TASK_DIR/check_add_output.py' exited with code 0
2026-07-28 06:07:05 [DEBUG] coder_eval.sandbox: STDOUT:
---
OK: new output + variable added, existing output and payloads preserved
---
2026-07-28 06:07:05 [DEBUG] coder_eval.evaluation.checker: Criterion 'run_command' score: 1.00
2026-07-28 06:07:05 [INFO] coder_eval.orchestrator: Success criteria: 3/3 passed, weighted score: 1.000
2026-07-28 06:07:05 [DEBUG] coder_eval.utils: Resolved @uipath plugin-tools dir=/usr/lib/node_modules/@uipath from `uip` at /usr/lib/node_modules/@uipath/cli/dist/index.js
2026-07-28 06:07:05 [INFO] coder_eval.orchestrator: Running post-run command: find . -maxdepth 5 -type d \( -name node_modules -o -name .npm-prefix -o -name .venv \) -prune -exec rm -rf {} +
2026-07-28 06:07:05 [INFO] coder_eval.orchestrator: Sandbox preserved (in-place): /work/output/artifacts/skill-bpmn-edit-add-output
2026-07-28 06:07:05 [INFO] coder_eval.orchestrator: Task finished: status=SUCCESS duration=96.4s score=1.000 iterations=1


================================================================================
TASK: default/skill-bpmn-edit-group-to-subflow/00
================================================================================

2026-07-28 06:07:18 [DEBUG] coder_eval.utils: Resolved @uipath plugin-tools dir=/usr/lib/node_modules/@uipath from `uip` at /usr/lib/node_modules/@uipath/cli/dist/index.js
2026-07-28 06:07:18 [INFO] coder_eval.orchestrator: API routing: aws_bedrock
2026-07-28 06:07:18 [DEBUG] coder_eval.criteria: Discovered 14 criterion checkers
2026-07-28 06:07:18 [DEBUG] coder_eval.criteria: Validated 14 criterion checkers
2026-07-28 06:07:18 [DEBUG] coder_eval.utils: Resolved @uipath plugin-tools dir=/usr/lib/node_modules/@uipath from `uip` at /usr/lib/node_modules/@uipath/cli/dist/index.js
2026-07-28 06:07:18 [DEBUG] coder_eval.orchestrator: Sending prompt: Load and follow the uipath-maestro-bpmn skill.

A valid Maestro BPMN file `Fulfillment.bpmn` is in t...
2026-07-28 06:07:18 [DEBUG] coder_eval.agents.claude_code_agent: [coder] Starting agent query stream...
2026-07-28 06:09:47 [DEBUG] coder_eval.agents.claude_code_agent: [coder] session_id changed: None -> 42bd8774-1747-4dc6-a54b-8159e85dd129
2026-07-28 06:09:47 [DEBUG] coder_eval.agents.claude_code_agent: [coder] Agent query stream ended
2026-07-28 06:09:47 [DEBUG] coder_eval.utils: Resolved @uipath plugin-tools dir=/usr/lib/node_modules/@uipath from `uip` at /usr/lib/node_modules/@uipath/cli/dist/index.js
2026-07-28 06:09:47 [DEBUG] coder_eval.orchestrator: Agent response received (3267 chars)
2026-07-28 06:09:47 [DEBUG] coder_eval.orchestrator: Checking success criteria
2026-07-28 06:09:47 [DEBUG] coder_eval.evaluation.checker: Criterion 'file_exists' score: 1.00
2026-07-28 06:09:47 [DEBUG] coder_eval.evaluation.checker: Criterion 'file_contains' score: 1.00
2026-07-28 06:09:47 [DEBUG] coder_eval.criteria.run_command: Running command for criterion 'Group extracted into a subprocess, Ship Parcel preserved in main flow, file still structurally sound': python3 $TASK_DIR/check_group_to_subflow.py
2026-07-28 06:09:47 [DEBUG] coder_eval.sandbox: Command 'python3 $TASK_DIR/check_group_to_subflow.py' exited with code 0
2026-07-28 06:09:47 [DEBUG] coder_eval.sandbox: STDOUT:
---
OK: Pick/Pack extracted into a subprocess, Task_Ship preserved in main flow
---
2026-07-28 06:09:47 [DEBUG] coder_eval.evaluation.checker: Criterion 'run_command' score: 1.00
2026-07-28 06:09:47 [INFO] coder_eval.orchestrator: Success criteria: 3/3 passed, weighted score: 1.000
2026-07-28 06:09:47 [DEBUG] coder_eval.utils: Resolved @uipath plugin-tools dir=/usr/lib/node_modules/@uipath from `uip` at /usr/lib/node_modules/@uipath/cli/dist/index.js
2026-07-28 06:09:47 [INFO] coder_eval.orchestrator: Running post-run command: find . -maxdepth 5 -type d \( -name node_modules -o -name .npm-prefix -o -name .venv \) -prune -exec rm -rf {} +
2026-07-28 06:09:47 [INFO] coder_eval.orchestrator: Sandbox preserved (in-place): /work/output/artifacts/skill-bpmn-edit-group-to-subflow
2026-07-28 06:09:47 [INFO] coder_eval.orchestrator: Task finished: status=SUCCESS duration=150.9s score=1.000 iterations=1


================================================================================
TASK: default/skill-bpmn-edit-move-node/00
================================================================================

2026-07-28 06:11:30 [DEBUG] coder_eval.utils: Resolved @uipath plugin-tools dir=/usr/lib/node_modules/@uipath from `uip` at /usr/lib/node_modules/@uipath/cli/dist/index.js
2026-07-28 06:11:30 [INFO] coder_eval.orchestrator: API routing: aws_bedrock
2026-07-28 06:11:30 [DEBUG] coder_eval.criteria: Discovered 14 criterion checkers
2026-07-28 06:11:30 [DEBUG] coder_eval.criteria: Validated 14 criterion checkers
2026-07-28 06:11:30 [DEBUG] coder_eval.utils: Resolved @uipath plugin-tools dir=/usr/lib/node_modules/@uipath from `uip` at /usr/lib/node_modules/@uipath/cli/dist/index.js
2026-07-28 06:11:30 [DEBUG] coder_eval.orchestrator: Sending prompt: Load and follow the uipath-maestro-bpmn skill.

A valid Maestro BPMN file `Onboarding.bpmn` is in th...
2026-07-28 06:11:30 [DEBUG] coder_eval.agents.claude_code_agent: [coder] Starting agent query stream...
2026-07-28 06:12:53 [DEBUG] coder_eval.agents.claude_code_agent: [coder] session_id changed: None -> 79996745-5d20-46b4-8d37-eec3884ee396
2026-07-28 06:12:53 [DEBUG] coder_eval.agents.claude_code_agent: [coder] Agent query stream ended
2026-07-28 06:12:53 [DEBUG] coder_eval.utils: Resolved @uipath plugin-tools dir=/usr/lib/node_modules/@uipath from `uip` at /usr/lib/node_modules/@uipath/cli/dist/index.js
2026-07-28 06:12:53 [DEBUG] coder_eval.orchestrator: Agent response received (4026 chars)
2026-07-28 06:12:53 [DEBUG] coder_eval.orchestrator: Checking success criteria
2026-07-28 06:12:53 [DEBUG] coder_eval.evaluation.checker: Criterion 'file_exists' score: 1.00
2026-07-28 06:12:53 [DEBUG] coder_eval.evaluation.checker: Criterion 'file_contains' score: 1.00
2026-07-28 06:12:53 [DEBUG] coder_eval.criteria.run_command: Running command for criterion 'Tasks reordered by rewiring flows, payloads preserved, file still structurally sound': python3 $TASK_DIR/check_move_node.py
2026-07-28 06:12:53 [DEBUG] coder_eval.sandbox: Command 'python3 $TASK_DIR/check_move_node.py' exited with code 0
2026-07-28 06:12:53 [DEBUG] coder_eval.sandbox: STDOUT:
---
OK: nodes reordered, flows rewired, payloads preserved
---
2026-07-28 06:12:53 [DEBUG] coder_eval.evaluation.checker: Criterion 'run_command' score: 1.00
2026-07-28 06:12:53 [INFO] coder_eval.orchestrator: Success criteria: 3/3 passed, weighted score: 1.000
2026-07-28 06:12:53 [DEBUG] coder_eval.utils: Resolved @uipath plugin-tools dir=/usr/lib/node_modules/@uipath from `uip` at /usr/lib/node_modules/@uipath/cli/dist/index.js
2026-07-28 06:12:53 [INFO] coder_eval.orchestrator: Running post-run command: find . -maxdepth 5 -type d \( -name node_modules -o -name .npm-prefix -o -name .venv \) -prune -exec rm -rf {} +
2026-07-28 06:12:53 [INFO] coder_eval.orchestrator: Sandbox preserved (in-place): /work/output/artifacts/skill-bpmn-edit-move-node
2026-07-28 06:12:53 [INFO] coder_eval.orchestrator: Task finished: status=SUCCESS duration=84.4s score=1.000 iterations=1


================================================================================
TASK: default/skill-bpmn-edit-remove-node/00
================================================================================

2026-07-28 06:05:38 [DEBUG] coder_eval.utils: Resolved @uipath plugin-tools dir=/usr/lib/node_modules/@uipath from `uip` at /usr/lib/node_modules/@uipath/cli/dist/index.js
2026-07-28 06:05:38 [INFO] coder_eval.orchestrator: API routing: aws_bedrock
2026-07-28 06:05:38 [DEBUG] coder_eval.criteria: Discovered 14 criterion checkers
2026-07-28 06:05:38 [DEBUG] coder_eval.criteria: Validated 14 criterion checkers
2026-07-28 06:05:38 [DEBUG] coder_eval.utils: Resolved @uipath plugin-tools dir=/usr/lib/node_modules/@uipath from `uip` at /usr/lib/node_modules/@uipath/cli/dist/index.js
2026-07-28 06:05:39 [DEBUG] coder_eval.orchestrator: Sending prompt: Load and follow the uipath-maestro-bpmn skill.

A valid Maestro BPMN file `ShipmentReview.bpmn` is i...
2026-07-28 06:05:39 [DEBUG] coder_eval.agents.claude_code_agent: [coder] Starting agent query stream...
2026-07-28 06:07:01 [DEBUG] coder_eval.agents.claude_code_agent: [coder] session_id changed: None -> 9da33180-9b8d-4637-bf75-015dce349bc7
2026-07-28 06:07:01 [DEBUG] coder_eval.agents.claude_code_agent: [coder] Agent query stream ended
2026-07-28 06:07:01 [DEBUG] coder_eval.utils: Resolved @uipath plugin-tools dir=/usr/lib/node_modules/@uipath from `uip` at /usr/lib/node_modules/@uipath/cli/dist/index.js
2026-07-28 06:07:01 [DEBUG] coder_eval.orchestrator: Agent response received (3846 chars)
2026-07-28 06:07:01 [DEBUG] coder_eval.orchestrator: Checking success criteria
2026-07-28 06:07:01 [DEBUG] coder_eval.evaluation.checker: Criterion 'file_exists' score: 1.00
2026-07-28 06:07:01 [DEBUG] coder_eval.evaluation.checker: Criterion 'file_contains' score: 1.00
2026-07-28 06:07:01 [DEBUG] coder_eval.criteria.run_command: Running command for criterion 'Task removed, flow healed, DI clean, untouched content preserved, file still structurally sound': python3 $TASK_DIR/check_remove_node.py
2026-07-28 06:07:01 [DEBUG] coder_eval.sandbox: Command 'python3 $TASK_DIR/check_remove_node.py' exited with code 0
2026-07-28 06:07:01 [DEBUG] coder_eval.sandbox: STDOUT:
---
OK: Task_Enrich removed, flow healed, DI clean, untouched content preserved
---
2026-07-28 06:07:01 [DEBUG] coder_eval.evaluation.checker: Criterion 'run_command' score: 1.00
2026-07-28 06:07:01 [INFO] coder_eval.orchestrator: Success criteria: 3/3 passed, weighted score: 1.000
2026-07-28 06:07:01 [DEBUG] coder_eval.utils: Resolved @uipath plugin-tools dir=/usr/lib/node_modules/@uipath from `uip` at /usr/lib/node_modules/@uipath/cli/dist/index.js
2026-07-28 06:07:01 [INFO] coder_eval.orchestrator: Running post-run command: find . -maxdepth 5 -type d \( -name node_modules -o -name .npm-prefix -o -name .venv \) -prune -exec rm -rf {} +
2026-07-28 06:07:01 [INFO] coder_eval.orchestrator: Sandbox preserved (in-place): /work/output/artifacts/skill-bpmn-edit-remove-node
2026-07-28 06:07:01 [INFO] coder_eval.orchestrator: Task finished: status=SUCCESS duration=91.6s score=1.000 iterations=1


================================================================================
TASK: default/skill-bpmn-edit-update-node/00
================================================================================

2026-07-28 06:09:44 [DEBUG] coder_eval.utils: Resolved @uipath plugin-tools dir=/usr/lib/node_modules/@uipath from `uip` at /usr/lib/node_modules/@uipath/cli/dist/index.js
2026-07-28 06:09:44 [INFO] coder_eval.orchestrator: API routing: aws_bedrock
2026-07-28 06:09:44 [DEBUG] coder_eval.criteria: Discovered 14 criterion checkers
2026-07-28 06:09:44 [DEBUG] coder_eval.criteria: Validated 14 criterion checkers
2026-07-28 06:09:44 [DEBUG] coder_eval.utils: Resolved @uipath plugin-tools dir=/usr/lib/node_modules/@uipath from `uip` at /usr/lib/node_modules/@uipath/cli/dist/index.js
2026-07-28 06:09:44 [DEBUG] coder_eval.orchestrator: Sending prompt: Load and follow the uipath-maestro-bpmn skill.

A valid Maestro BPMN file `RiskScoring.bpmn` is in t...
2026-07-28 06:09:44 [DEBUG] coder_eval.agents.claude_code_agent: [coder] Starting agent query stream...
2026-07-28 06:10:25 [DEBUG] coder_eval.agents.claude_code_agent: [coder] session_id changed: None -> f7a32d04-191f-4c1c-9088-aae8ceb8d613
2026-07-28 06:10:25 [DEBUG] coder_eval.agents.claude_code_agent: [coder] Agent query stream ended
2026-07-28 06:10:25 [DEBUG] coder_eval.utils: Resolved @uipath plugin-tools dir=/usr/lib/node_modules/@uipath from `uip` at /usr/lib/node_modules/@uipath/cli/dist/index.js
2026-07-28 06:10:25 [DEBUG] coder_eval.orchestrator: Agent response received (2180 chars)
2026-07-28 06:10:25 [DEBUG] coder_eval.orchestrator: Checking success criteria
2026-07-28 06:10:25 [DEBUG] coder_eval.evaluation.checker: Criterion 'file_exists' score: 1.00
2026-07-28 06:10:25 [DEBUG] coder_eval.evaluation.checker: Criterion 'file_contains' score: 1.00
2026-07-28 06:10:25 [DEBUG] coder_eval.criteria.run_command: Running command for criterion 'Score threshold updated to 1000, siblings untouched, file still structurally sound': python3 $TASK_DIR/check_update_node.py
2026-07-28 06:10:25 [DEBUG] coder_eval.sandbox: Command 'python3 $TASK_DIR/check_update_node.py' exited with code 0
2026-07-28 06:10:25 [DEBUG] coder_eval.sandbox: STDOUT:
---
OK: Task_Score threshold updated, siblings untouched
---
2026-07-28 06:10:25 [DEBUG] coder_eval.evaluation.checker: Criterion 'run_command' score: 1.00
2026-07-28 06:10:25 [INFO] coder_eval.orchestrator: Success criteria: 3/3 passed, weighted score: 1.000
2026-07-28 06:10:25 [DEBUG] coder_eval.utils: Resolved @uipath plugin-tools dir=/usr/lib/node_modules/@uipath from `uip` at /usr/lib/node_modules/@uipath/cli/dist/index.js
2026-07-28 06:10:25 [INFO] coder_eval.orchestrator: Running post-run command: find . -maxdepth 5 -type d \( -name node_modules -o -name .npm-prefix -o -name .venv \) -prune -exec rm -rf {} +
2026-07-28 06:10:25 [INFO] coder_eval.orchestrator: Sandbox preserved (in-place): /work/output/artifacts/skill-bpmn-edit-update-node
2026-07-28 06:10:25 [INFO] coder_eval.orchestrator: Task finished: status=SUCCESS duration=42.8s score=1.000 iterations=1


================================================================================
TASK: default/skill-bpmn-error-boundary-handler/00
================================================================================

2026-07-28 06:05:36 [DEBUG] coder_eval.utils: Resolved @uipath plugin-tools dir=/usr/lib/node_modules/@uipath from `uip` at /usr/lib/node_modules/@uipath/cli/dist/index.js
2026-07-28 06:05:36 [INFO] coder_eval.orchestrator: API routing: aws_bedrock
2026-07-28 06:05:37 [DEBUG] coder_eval.criteria: Discovered 14 criterion checkers
2026-07-28 06:05:37 [DEBUG] coder_eval.criteria: Validated 14 criterion checkers
2026-07-28 06:05:37 [DEBUG] coder_eval.utils: Resolved @uipath plugin-tools dir=/usr/lib/node_modules/@uipath from `uip` at /usr/lib/node_modules/@uipath/cli/dist/index.js
2026-07-28 06:05:37 [DEBUG] coder_eval.orchestrator: Sending prompt: Load and follow the uipath-maestro-bpmn skill.

Author a single Maestro BPMN file `InvoiceServiceRec...
2026-07-28 06:05:38 [DEBUG] coder_eval.agents.claude_code_agent: [coder] Starting agent query stream...
2026-07-28 06:10:11 [DEBUG] coder_eval.agents.claude_code_agent: [coder] session_id changed: None -> 0471d127-1a60-4af8-bcc1-2d9e49086db9
2026-07-28 06:10:11 [DEBUG] coder_eval.agents.claude_code_agent: [coder] Agent query stream ended
2026-07-28 06:10:11 [DEBUG] coder_eval.utils: Resolved @uipath plugin-tools dir=/usr/lib/node_modules/@uipath from `uip` at /usr/lib/node_modules/@uipath/cli/dist/index.js
2026-07-28 06:10:11 [DEBUG] coder_eval.orchestrator: Agent response received (4039 chars)
2026-07-28 06:10:11 [DEBUG] coder_eval.orchestrator: Checking success criteria
2026-07-28 06:10:11 [DEBUG] coder_eval.evaluation.checker: Criterion 'file_exists' score: 1.00
2026-07-28 06:10:11 [DEBUG] coder_eval.evaluation.checker: Criterion 'command_executed' score: 1.00
2026-07-28 06:10:11 [DEBUG] coder_eval.evaluation.checker: Criterion 'file_contains' score: 1.00
2026-07-28 06:10:11 [DEBUG] coder_eval.criteria.run_command: Running command for criterion 'Interrupting error boundary with a configured code on a service-call task routes to recovery, fully shaped': python3 $TASK_DIR/check_error_boundary_handler.py
2026-07-28 06:10:11 [DEBUG] coder_eval.sandbox: Command 'python3 $TASK_DIR/check_error_boundary_handler.py' exited with code 0
2026-07-28 06:10:11 [DEBUG] coder_eval.sandbox: STDOUT:
---
OK: InvoiceServiceRecovery.bpmn has an interrupting error boundary with a configured code on an activity routing to recovery
---
2026-07-28 06:10:11 [DEBUG] coder_eval.evaluation.checker: Criterion 'run_command' score: 1.00
2026-07-28 06:10:11 [INFO] coder_eval.orchestrator: Success criteria: 4/4 passed, weighted score: 1.000
2026-07-28 06:10:11 [DEBUG] coder_eval.utils: Resolved @uipath plugin-tools dir=/usr/lib/node_modules/@uipath from `uip` at /usr/lib/node_modules/@uipath/cli/dist/index.js
2026-07-28 06:10:11 [INFO] coder_eval.orchestrator: Running post-run command: find . -maxdepth 5 -type d \( -name node_modules -o -name .npm-prefix -o -name .venv \) -prune -exec rm -rf {} +
2026-07-28 06:10:11 [INFO] coder_eval.orchestrator: Sandbox preserved (in-place): /work/output/artifacts/skill-bpmn-error-boundary-handler
2026-07-28 06:10:11 [INFO] coder_eval.orchestrator: Task finished: status=SUCCESS duration=282.7s score=1.000 iterations=1


================================================================================
TASK: default/skill-bpmn-error-event-subprocess/00
================================================================================

2026-07-28 06:09:51 [DEBUG] coder_eval.utils: Resolved @uipath plugin-tools dir=/usr/lib/node_modules/@uipath from `uip` at /usr/lib/node_modules/@uipath/cli/dist/index.js
2026-07-28 06:09:51 [INFO] coder_eval.orchestrator: API routing: aws_bedrock
2026-07-28 06:09:51 [DEBUG] coder_eval.criteria: Discovered 14 criterion checkers
2026-07-28 06:09:51 [DEBUG] coder_eval.criteria: Validated 14 criterion checkers
2026-07-28 06:09:51 [DEBUG] coder_eval.utils: Resolved @uipath plugin-tools dir=/usr/lib/node_modules/@uipath from `uip` at /usr/lib/node_modules/@uipath/cli/dist/index.js
2026-07-28 06:09:51 [DEBUG] coder_eval.orchestrator: Sending prompt: Load and follow the uipath-maestro-bpmn skill.

Author a single Maestro BPMN file `PaymentErrorHandl...
2026-07-28 06:09:51 [DEBUG] coder_eval.agents.claude_code_agent: [coder] Starting agent query stream...
2026-07-28 06:12:20 [DEBUG] coder_eval.agents.claude_code_agent: [coder] session_id changed: None -> 125a8688-b3ff-442d-b853-f021ef33f137
2026-07-28 06:12:20 [DEBUG] coder_eval.agents.claude_code_agent: [coder] Agent query stream ended
2026-07-28 06:12:20 [DEBUG] coder_eval.utils: Resolved @uipath plugin-tools dir=/usr/lib/node_modules/@uipath from `uip` at /usr/lib/node_modules/@uipath/cli/dist/index.js
2026-07-28 06:12:20 [DEBUG] coder_eval.orchestrator: Agent response received (3670 chars)
2026-07-28 06:12:20 [DEBUG] coder_eval.orchestrator: Checking success criteria
2026-07-28 06:12:20 [DEBUG] coder_eval.evaluation.checker: Criterion 'file_exists' score: 1.00
2026-07-28 06:12:20 [DEBUG] coder_eval.evaluation.checker: Criterion 'command_executed' score: 1.00
2026-07-28 06:12:20 [DEBUG] coder_eval.evaluation.checker: Criterion 'file_contains' score: 1.00
2026-07-28 06:12:20 [DEBUG] coder_eval.criteria.run_command: Running command for criterion 'Error end event with a configured code is caught by an interrupting error event subprocess, fully shaped': python3 $TASK_DIR/check_error_event_subprocess.py
2026-07-28 06:12:20 [DEBUG] coder_eval.sandbox: Command 'python3 $TASK_DIR/check_error_event_subprocess.py' exited with code 0
2026-07-28 06:12:20 [DEBUG] coder_eval.sandbox: STDOUT:
---
OK: PaymentErrorHandling.bpmn throws a configured error end event and catches it in an interrupting error event subprocess
---
2026-07-28 06:12:20 [DEBUG] coder_eval.evaluation.checker: Criterion 'run_command' score: 1.00
2026-07-28 06:12:20 [INFO] coder_eval.orchestrator: Success criteria: 4/4 passed, weighted score: 1.000
2026-07-28 06:12:20 [DEBUG] coder_eval.utils: Resolved @uipath plugin-tools dir=/usr/lib/node_modules/@uipath from `uip` at /usr/lib/node_modules/@uipath/cli/dist/index.js
2026-07-28 06:12:20 [INFO] coder_eval.orchestrator: Running post-run command: find . -maxdepth 5 -type d \( -name node_modules -o -name .npm-prefix -o -name .venv \) -prune -exec rm -rf {} +
2026-07-28 06:12:20 [INFO] coder_eval.orchestrator: Sandbox preserved (in-place): /work/output/artifacts/skill-bpmn-error-event-subprocess
2026-07-28 06:12:20 [INFO] coder_eval.orchestrator: Task finished: status=SUCCESS duration=150.5s score=1.000 iterations=1


================================================================================
TASK: default/skill-bpmn-event-based-gateway/00
================================================================================

2026-07-28 06:05:40 [DEBUG] coder_eval.utils: Resolved @uipath plugin-tools dir=/usr/lib/node_modules/@uipath from `uip` at /usr/lib/node_modules/@uipath/cli/dist/index.js
2026-07-28 06:05:40 [INFO] coder_eval.orchestrator: API routing: aws_bedrock
2026-07-28 06:05:40 [DEBUG] coder_eval.criteria: Discovered 14 criterion checkers
2026-07-28 06:05:40 [DEBUG] coder_eval.criteria: Validated 14 criterion checkers
2026-07-28 06:05:40 [DEBUG] coder_eval.utils: Resolved @uipath plugin-tools dir=/usr/lib/node_modules/@uipath from `uip` at /usr/lib/node_modules/@uipath/cli/dist/index.js
2026-07-28 06:05:41 [DEBUG] coder_eval.orchestrator: Sending prompt: Load and follow the uipath-maestro-bpmn skill.

Author a single Maestro BPMN file `PaymentRace.bpmn`...
2026-07-28 06:05:41 [DEBUG] coder_eval.agents.claude_code_agent: [coder] Starting agent query stream...
2026-07-28 06:14:18 [WARNING] coder_eval.agents.claude_code_agent: [coder] Tool use blocked: Bash (id=toolu_bdrk_01WoEw4nnRdP44UzQf2qBLvq) - permission denied. Error: Dangerous rm operation detected: '/work/output/artifacts/skill-bpmn-event-based-gateway/validator_tmp'

This command would remove a workspace directory (the working directory, an additional working di
2026-07-28 06:14:33 [DEBUG] coder_eval.agents.claude_code_agent: [coder] session_id changed: None -> cdf0ef8b-12a6-4d35-ad54-3cab3c51384d
2026-07-28 06:14:33 [DEBUG] coder_eval.agents.claude_code_agent: [coder] Agent query stream ended
2026-07-28 06:14:33 [DEBUG] coder_eval.utils: Resolved @uipath plugin-tools dir=/usr/lib/node_modules/@uipath from `uip` at /usr/lib/node_modules/@uipath/cli/dist/index.js
2026-07-28 06:14:33 [DEBUG] coder_eval.orchestrator: Agent response received (5737 chars)
2026-07-28 06:14:33 [DEBUG] coder_eval.orchestrator: Checking success criteria
2026-07-28 06:14:33 [DEBUG] coder_eval.evaluation.checker: Criterion 'file_exists' score: 1.00
2026-07-28 06:14:33 [DEBUG] coder_eval.evaluation.checker: Criterion 'command_executed' score: 1.00
2026-07-28 06:14:33 [DEBUG] coder_eval.evaluation.checker: Criterion 'file_contains' score: 1.00
2026-07-28 06:14:33 [DEBUG] coder_eval.criteria.run_command: Running command for criterion 'Event-based gateway races a message catch and a timer catch with full DI edges': python3 $TASK_DIR/check_event_based_gateway.py
2026-07-28 06:14:33 [DEBUG] coder_eval.sandbox: Command 'python3 $TASK_DIR/check_event_based_gateway.py' exited with code 0
2026-07-28 06:14:33 [DEBUG] coder_eval.sandbox: STDOUT:
---
OK: PaymentRace.bpmn races a message catch and a timer catch behind an event-based gateway
---
2026-07-28 06:14:33 [DEBUG] coder_eval.evaluation.checker: Criterion 'run_command' score: 1.00
2026-07-28 06:14:33 [INFO] coder_eval.orchestrator: Success criteria: 4/4 passed, weighted score: 1.000
2026-07-28 06:14:33 [WARNING] coder_eval.orchestrator: Visible turns (39) exceeded expected_turns (20) at iteration 1 for task skill-bpmn-event-based-gateway. Run continues — max_turns remains the hard cap.
2026-07-28 06:14:33 [DEBUG] coder_eval.utils: Resolved @uipath plugin-tools dir=/usr/lib/node_modules/@uipath from `uip` at /usr/lib/node_modules/@uipath/cli/dist/index.js
2026-07-28 06:14:33 [INFO] coder_eval.orchestrator: Running post-run command: find . -maxdepth 5 -type d \( -name node_modules -o -name .npm-prefix -o -name .venv \) -prune -exec rm -rf {} +
2026-07-28 06:14:33 [INFO] coder_eval.orchestrator: Sandbox preserved (in-place): /work/output/artifacts/skill-bpmn-event-based-gateway
2026-07-28 06:14:33 [INFO] coder_eval.orchestrator: Task finished: status=SUCCESS duration=542.6s score=1.000 iterations=1


================================================================================
TASK: default/skill-bpmn-event-trigger-start/00
================================================================================

2026-07-28 06:05:38 [DEBUG] coder_eval.utils: Resolved @uipath plugin-tools dir=/usr/lib/node_modules/@uipath from `uip` at /usr/lib/node_modules/@uipath/cli/dist/index.js
2026-07-28 06:05:38 [INFO] coder_eval.orchestrator: API routing: aws_bedrock
2026-07-28 06:05:38 [DEBUG] coder_eval.criteria: Discovered 14 criterion checkers
2026-07-28 06:05:38 [DEBUG] coder_eval.criteria: Validated 14 criterion checkers
2026-07-28 06:05:38 [DEBUG] coder_eval.utils: Resolved @uipath plugin-tools dir=/usr/lib/node_modules/@uipath from `uip` at /usr/lib/node_modules/@uipath/cli/dist/index.js
2026-07-28 06:05:39 [DEBUG] coder_eval.orchestrator: Sending prompt: Load and follow the uipath-maestro-bpmn skill.

Create a local BPMN project named "InboxTriggerBpmn"...
2026-07-28 06:05:39 [DEBUG] coder_eval.agents.claude_code_agent: [coder] Starting agent query stream...
2026-07-28 06:08:39 [DEBUG] coder_eval.agents.claude_code_agent: [coder] session_id changed: None -> 303302e6-a359-47fd-85c9-5c04fa7a7935
2026-07-28 06:08:39 [DEBUG] coder_eval.agents.claude_code_agent: [coder] Agent query stream ended
2026-07-28 06:08:39 [DEBUG] coder_eval.utils: Resolved @uipath plugin-tools dir=/usr/lib/node_modules/@uipath from `uip` at /usr/lib/node_modules/@uipath/cli/dist/index.js
2026-07-28 06:08:39 [DEBUG] coder_eval.orchestrator: Agent response received (4199 chars)
2026-07-28 06:08:39 [DEBUG] coder_eval.orchestrator: Checking success criteria
2026-07-28 06:08:39 [DEBUG] coder_eval.evaluation.checker: Criterion 'file_exists' score: 1.00
2026-07-28 06:08:39 [DEBUG] coder_eval.evaluation.checker: Criterion 'command_executed' score: 1.00
2026-07-28 06:08:39 [DEBUG] coder_eval.criteria.run_command: Running command for criterion 'Connector event-trigger start is a public-safe draft with valid structure': python3 $TASK_DIR/check_event_trigger_start.py
2026-07-28 06:08:39 [DEBUG] coder_eval.sandbox: Command 'python3 $TASK_DIR/check_event_trigger_start.py' exited with code 0
2026-07-28 06:08:39 [DEBUG] coder_eval.sandbox: STDOUT:
---
OK: InboxTriggerBpmn/InboxTriggerBpmn.bpmn starts on a public-safe connector event-trigger draft
---
2026-07-28 06:08:39 [DEBUG] coder_eval.evaluation.checker: Criterion 'run_command' score: 1.00
2026-07-28 06:08:39 [DEBUG] coder_eval.evaluation.judge_context: judge_context: include_reference=True but reference not set
2026-07-28 06:08:47 [DEBUG] coder_eval.evaluation.checker: Criterion 'llm_judge' score: 1.00
2026-07-28 06:08:47 [INFO] coder_eval.orchestrator: Success criteria: 4/4 passed, weighted score: 1.000
2026-07-28 06:08:47 [DEBUG] coder_eval.utils: Resolved @uipath plugin-tools dir=/usr/lib/node_modules/@uipath from `uip` at /usr/lib/node_modules/@uipath/cli/dist/index.js
2026-07-28 06:08:47 [INFO] coder_eval.orchestrator: Running post-run command: find . -maxdepth 5 -type d \( -name node_modules -o -name .npm-prefix -o -name .venv \) -prune -exec rm -rf {} +
2026-07-28 06:08:47 [INFO] coder_eval.orchestrator: Sandbox preserved (in-place): /work/output/artifacts/skill-bpmn-event-trigger-start
2026-07-28 06:08:47 [INFO] coder_eval.orchestrator: Task finished: status=SUCCESS duration=197.8s score=1.000 iterations=1
2026-07-28 06:08:47 [DEBUG] coder_eval.evaluation.judge_persistence: spilled 1 judge transcript(s) to /work/output


================================================================================
TASK: default/skill-bpmn-expr-computed-js/00
================================================================================

2026-07-28 06:05:34 [DEBUG] coder_eval.utils: Resolved @uipath plugin-tools dir=/usr/lib/node_modules/@uipath from `uip` at /usr/lib/node_modules/@uipath/cli/dist/index.js
2026-07-28 06:05:34 [INFO] coder_eval.orchestrator: API routing: aws_bedrock
2026-07-28 06:05:35 [DEBUG] coder_eval.criteria: Discovered 14 criterion checkers
2026-07-28 06:05:35 [DEBUG] coder_eval.criteria: Validated 14 criterion checkers
2026-07-28 06:05:35 [DEBUG] coder_eval.utils: Resolved @uipath plugin-tools dir=/usr/lib/node_modules/@uipath from `uip` at /usr/lib/node_modules/@uipath/cli/dist/index.js
2026-07-28 06:05:35 [DEBUG] coder_eval.orchestrator: Sending prompt: Load and follow the uipath-maestro-bpmn skill.

Author a local Maestro BPMN project named "ComputedJ...
2026-07-28 06:05:36 [DEBUG] coder_eval.agents.claude_code_agent: [coder] Starting agent query stream...
2026-07-28 06:09:36 [DEBUG] coder_eval.agents.claude_code_agent: [coder] session_id changed: None -> f5a668db-d937-4a44-b922-74b14110aa46
2026-07-28 06:09:36 [DEBUG] coder_eval.agents.claude_code_agent: [coder] Agent query stream ended
2026-07-28 06:09:36 [DEBUG] coder_eval.utils: Resolved @uipath plugin-tools dir=/usr/lib/node_modules/@uipath from `uip` at /usr/lib/node_modules/@uipath/cli/dist/index.js
2026-07-28 06:09:36 [DEBUG] coder_eval.orchestrator: Agent response received (5168 chars)
2026-07-28 06:09:36 [DEBUG] coder_eval.orchestrator: Checking success criteria
2026-07-28 06:09:36 [DEBUG] coder_eval.evaluation.checker: Criterion 'file_exists' score: 1.00
2026-07-28 06:09:36 [DEBUG] coder_eval.evaluation.checker: Criterion 'file_contains' score: 1.00
2026-07-28 06:09:36 [DEBUG] coder_eval.criteria.run_command: Running command for criterion 'Computed =js: expression present and all json-typed bodies parse as JSON': python3 $TASK_DIR/check_computed_js.py
2026-07-28 06:09:36 [DEBUG] coder_eval.sandbox: Command 'python3 $TASK_DIR/check_computed_js.py' exited with code 0
2026-07-28 06:09:36 [DEBUG] coder_eval.sandbox: STDOUT:
---
OK: ComputedJsBpmn/ComputedJsBpmn.bpmn uses a computed =js: expression with valid json-typed bodies
---
2026-07-28 06:09:36 [DEBUG] coder_eval.evaluation.checker: Criterion 'run_command' score: 1.00
2026-07-28 06:09:36 [INFO] coder_eval.orchestrator: Success criteria: 3/3 passed, weighted score: 1.000
2026-07-28 06:09:36 [WARNING] coder_eval.orchestrator: Visible turns (23) exceeded expected_turns (18) at iteration 1 for task skill-bpmn-expr-computed-js. Run continues — max_turns remains the hard cap.
2026-07-28 06:09:36 [DEBUG] coder_eval.utils: Resolved @uipath plugin-tools dir=/usr/lib/node_modules/@uipath from `uip` at /usr/lib/node_modules/@uipath/cli/dist/index.js
2026-07-28 06:09:36 [INFO] coder_eval.orchestrator: Running post-run command: find . -maxdepth 5 -type d \( -name node_modules -o -name .npm-prefix -o -name .venv \) -prune -exec rm -rf {} +
2026-07-28 06:09:36 [INFO] coder_eval.orchestrator: Sandbox preserved (in-place): /work/output/artifacts/skill-bpmn-expr-computed-js
2026-07-28 06:09:36 [INFO] coder_eval.orchestrator: Task finished: status=SUCCESS duration=247.1s score=1.000 iterations=1


================================================================================
TASK: default/skill-bpmn-expr-error-mapping/00
================================================================================

2026-07-28 06:05:39 [DEBUG] coder_eval.utils: Resolved @uipath plugin-tools dir=/usr/lib/node_modules/@uipath from `uip` at /usr/lib/node_modules/@uipath/cli/dist/index.js
2026-07-28 06:05:39 [INFO] coder_eval.orchestrator: API routing: aws_bedrock
2026-07-28 06:05:39 [DEBUG] coder_eval.criteria: Discovered 14 criterion checkers
2026-07-28 06:05:39 [DEBUG] coder_eval.criteria: Validated 14 criterion checkers
2026-07-28 06:05:39 [DEBUG] coder_eval.utils: Resolved @uipath plugin-tools dir=/usr/lib/node_modules/@uipath from `uip` at /usr/lib/node_modules/@uipath/cli/dist/index.js
2026-07-28 06:05:40 [DEBUG] coder_eval.orchestrator: Sending prompt: Load and follow the uipath-maestro-bpmn skill.

Author a local Maestro BPMN project named "ErrorMapp...
2026-07-28 06:05:40 [DEBUG] coder_eval.agents.claude_code_agent: [coder] Starting agent query stream...
2026-07-28 06:14:01 [DEBUG] coder_eval.agents.claude_code_agent: [coder] session_id changed: None -> 5db9e83e-bb4a-46c5-95ca-0815b104c1c5
2026-07-28 06:14:01 [DEBUG] coder_eval.agents.claude_code_agent: [coder] Agent query stream ended
2026-07-28 06:14:01 [DEBUG] coder_eval.utils: Resolved @uipath plugin-tools dir=/usr/lib/node_modules/@uipath from `uip` at /usr/lib/node_modules/@uipath/cli/dist/index.js
2026-07-28 06:14:01 [DEBUG] coder_eval.orchestrator: Agent response received (4989 chars)
2026-07-28 06:14:01 [DEBUG] coder_eval.orchestrator: Checking success criteria
2026-07-28 06:14:01 [DEBUG] coder_eval.evaluation.checker: Criterion 'file_exists' score: 1.00
2026-07-28 06:14:01 [DEBUG] coder_eval.evaluation.checker: Criterion 'file_contains' score: 1.00
2026-07-28 06:14:01 [DEBUG] coder_eval.criteria.run_command: Running command for criterion 'errorMapping condition branches on vars.error.code and the graph is sound': python3 $TASK_DIR/check_error_mapping.py
2026-07-28 06:14:01 [DEBUG] coder_eval.sandbox: Command 'python3 $TASK_DIR/check_error_mapping.py' exited with code 0
2026-07-28 06:14:01 [DEBUG] coder_eval.sandbox: STDOUT:
---
OK: ErrorMappingBpmn/ErrorMappingBpmn.bpmn branches on vars.error.code via uipath:errorMapping
---
2026-07-28 06:14:01 [DEBUG] coder_eval.evaluation.checker: Criterion 'run_command' score: 1.00
2026-07-28 06:14:01 [INFO] coder_eval.orchestrator: Success criteria: 3/3 passed, weighted score: 1.000
2026-07-28 06:14:01 [WARNING] coder_eval.orchestrator: Visible turns (26) exceeded expected_turns (18) at iteration 1 for task skill-bpmn-expr-error-mapping. Run continues — max_turns remains the hard cap.
2026-07-28 06:14:01 [DEBUG] coder_eval.utils: Resolved @uipath plugin-tools dir=/usr/lib/node_modules/@uipath from `uip` at /usr/lib/node_modules/@uipath/cli/dist/index.js
2026-07-28 06:14:01 [INFO] coder_eval.orchestrator: Running post-run command: find . -maxdepth 5 -type d \( -name node_modules -o -name .npm-prefix -o -name .venv \) -prune -exec rm -rf {} +
2026-07-28 06:14:01 [INFO] coder_eval.orchestrator: Sandbox preserved (in-place): /work/output/artifacts/skill-bpmn-expr-error-mapping
2026-07-28 06:14:01 [INFO] coder_eval.orchestrator: Task finished: status=SUCCESS duration=510.4s score=1.000 iterations=1


================================================================================
TASK: default/skill-bpmn-expr-multiinstance-iterator/00
================================================================================

2026-07-28 06:05:35 [DEBUG] coder_eval.utils: Resolved @uipath plugin-tools dir=/usr/lib/node_modules/@uipath from `uip` at /usr/lib/node_modules/@uipath/cli/dist/index.js
2026-07-28 06:05:35 [INFO] coder_eval.orchestrator: API routing: aws_bedrock
2026-07-28 06:05:36 [DEBUG] coder_eval.criteria: Discovered 14 criterion checkers
2026-07-28 06:05:36 [DEBUG] coder_eval.criteria: Validated 14 criterion checkers
2026-07-28 06:05:36 [DEBUG] coder_eval.utils: Resolved @uipath plugin-tools dir=/usr/lib/node_modules/@uipath from `uip` at /usr/lib/node_modules/@uipath/cli/dist/index.js
2026-07-28 06:05:36 [DEBUG] coder_eval.orchestrator: Sending prompt: Load and follow the uipath-maestro-bpmn skill.

Author a local Maestro BPMN project named "MultiInst...
2026-07-28 06:05:37 [DEBUG] coder_eval.agents.claude_code_agent: [coder] Starting agent query stream...
2026-07-28 06:12:55 [DEBUG] coder_eval.agents.claude_code_agent: [coder] session_id changed: None -> ad2ac126-dd98-48a2-aa6f-da28616660e0
2026-07-28 06:12:55 [DEBUG] coder_eval.agents.claude_code_agent: [coder] Agent query stream ended
2026-07-28 06:12:55 [DEBUG] coder_eval.utils: Resolved @uipath plugin-tools dir=/usr/lib/node_modules/@uipath from `uip` at /usr/lib/node_modules/@uipath/cli/dist/index.js
2026-07-28 06:12:55 [DEBUG] coder_eval.orchestrator: Agent response received (7660 chars)
2026-07-28 06:12:55 [DEBUG] coder_eval.orchestrator: Checking success criteria
2026-07-28 06:12:55 [DEBUG] coder_eval.evaluation.checker: Criterion 'file_exists' score: 1.00
2026-07-28 06:12:55 [DEBUG] coder_eval.evaluation.checker: Criterion 'file_contains' score: 1.00
2026-07-28 06:12:55 [DEBUG] coder_eval.criteria.run_command: Running command for criterion 'Subprocess body reads iterator[0].item / iterator[0].loopCounter and the graph is sound': python3 $TASK_DIR/check_multiinstance_iterator.py
2026-07-28 06:12:55 [DEBUG] coder_eval.sandbox: Command 'python3 $TASK_DIR/check_multiinstance_iterator.py' exited with code 0
2026-07-28 06:12:55 [DEBUG] coder_eval.sandbox: STDOUT:
---
OK: MultiInstanceIteratorBpmn/MultiInstanceIteratorBpmn.bpmn reads iterator[0].item / iterator[0].loopCounter at subprocess depth
---
2026-07-28 06:12:55 [DEBUG] coder_eval.evaluation.checker: Criterion 'run_command' score: 1.00
2026-07-28 06:12:55 [INFO] coder_eval.orchestrator: Success criteria: 3/3 passed, weighted score: 1.000
2026-07-28 06:12:55 [WARNING] coder_eval.orchestrator: Visible turns (24) exceeded expected_turns (20) at iteration 1 for task skill-bpmn-expr-multiinstance-iterator. Run continues — max_turns remains the hard cap.
2026-07-28 06:12:55 [DEBUG] coder_eval.utils: Resolved @uipath plugin-tools dir=/usr/lib/node_modules/@uipath from `uip` at /usr/lib/node_modules/@uipath/cli/dist/index.js
2026-07-28 06:12:55 [INFO] coder_eval.orchestrator: Running post-run command: find . -maxdepth 5 -type d \( -name node_modules -o -name .npm-prefix -o -name .venv \) -prune -exec rm -rf {} +
2026-07-28 06:12:55 [INFO] coder_eval.orchestrator: Sandbox preserved (in-place): /work/output/artifacts/skill-bpmn-expr-multiinstance-iterator
2026-07-28 06:12:55 [INFO] coder_eval.orchestrator: Task finished: status=SUCCESS duration=447.9s score=1.000 iterations=1


================================================================================
TASK: default/skill-bpmn-feet-inches/00
================================================================================

2026-07-28 06:05:37 [DEBUG] coder_eval.utils: Resolved @uipath plugin-tools dir=/usr/lib/node_modules/@uipath from `uip` at /usr/lib/node_modules/@uipath/cli/dist/index.js
2026-07-28 06:05:37 [INFO] coder_eval.orchestrator: API routing: aws_bedrock
2026-07-28 06:05:37 [DEBUG] coder_eval.criteria: Discovered 14 criterion checkers
2026-07-28 06:05:37 [DEBUG] coder_eval.criteria: Validated 14 criterion checkers
2026-07-28 06:05:37 [DEBUG] coder_eval.utils: Resolved @uipath plugin-tools dir=/usr/lib/node_modules/@uipath from `uip` at /usr/lib/node_modules/@uipath/cli/dist/index.js
2026-07-28 06:05:38 [DEBUG] coder_eval.orchestrator: Sending prompt: Load and follow the uipath-maestro-bpmn skill.

Author a local Maestro BPMN project named "FeetInche...
2026-07-28 06:05:38 [DEBUG] coder_eval.agents.claude_code_agent: [coder] Starting agent query stream...
2026-07-28 06:10:42 [DEBUG] coder_eval.agents.claude_code_agent: [coder] session_id changed: None -> 07d83217-f74e-4781-8ed2-97cbb164f0d2
2026-07-28 06:10:42 [DEBUG] coder_eval.agents.claude_code_agent: [coder] Agent query stream ended
2026-07-28 06:10:42 [DEBUG] coder_eval.utils: Resolved @uipath plugin-tools dir=/usr/lib/node_modules/@uipath from `uip` at /usr/lib/node_modules/@uipath/cli/dist/index.js
2026-07-28 06:10:42 [DEBUG] coder_eval.orchestrator: Agent response received (4886 chars)
2026-07-28 06:10:42 [DEBUG] coder_eval.orchestrator: Checking success criteria
2026-07-28 06:10:42 [DEBUG] coder_eval.evaluation.checker: Criterion 'file_exists' score: 1.00
2026-07-28 06:10:42 [DEBUG] coder_eval.criteria.run_command: Running command for criterion 'BPMN is a linear script-task pipeline with variable passing and valid DI': python3 $TASK_DIR/check_feet_inches.py
2026-07-28 06:10:42 [DEBUG] coder_eval.sandbox: Command 'python3 $TASK_DIR/check_feet_inches.py' exited with code 0
2026-07-28 06:10:42 [DEBUG] coder_eval.sandbox: STDOUT:
---
OK: FeetInchesBpmn/FeetInchesBpmn.bpmn is a sequential script-task pipeline with variable passing between nodes
---
2026-07-28 06:10:42 [DEBUG] coder_eval.evaluation.checker: Criterion 'run_command' score: 1.00
2026-07-28 06:10:42 [INFO] coder_eval.orchestrator: Success criteria: 2/2 passed, weighted score: 1.000
2026-07-28 06:10:42 [DEBUG] coder_eval.utils: Resolved @uipath plugin-tools dir=/usr/lib/node_modules/@uipath from `uip` at /usr/lib/node_modules/@uipath/cli/dist/index.js
2026-07-28 06:10:42 [INFO] coder_eval.orchestrator: Running post-run command: find . -maxdepth 5 -type d \( -name node_modules -o -name .npm-prefix -o -name .venv \) -prune -exec rm -rf {} +
2026-07-28 06:10:42 [INFO] coder_eval.orchestrator: Sandbox preserved (in-place): /work/output/artifacts/skill-bpmn-feet-inches
2026-07-28 06:10:42 [INFO] coder_eval.orchestrator: Task finished: status=SUCCESS duration=312.6s score=1.000 iterations=1


================================================================================
TASK: default/skill-bpmn-gateway-sequence-flows/00
================================================================================

2026-07-28 06:10:15 [DEBUG] coder_eval.utils: Resolved @uipath plugin-tools dir=/usr/lib/node_modules/@uipath from `uip` at /usr/lib/node_modules/@uipath/cli/dist/index.js
2026-07-28 06:10:15 [INFO] coder_eval.orchestrator: API routing: aws_bedrock
2026-07-28 06:10:15 [DEBUG] coder_eval.criteria: Discovered 14 criterion checkers
2026-07-28 06:10:15 [DEBUG] coder_eval.criteria: Validated 14 criterion checkers
2026-07-28 06:10:15 [DEBUG] coder_eval.utils: Resolved @uipath plugin-tools dir=/usr/lib/node_modules/@uipath from `uip` at /usr/lib/node_modules/@uipath/cli/dist/index.js
2026-07-28 06:10:15 [DEBUG] coder_eval.orchestrator: Sending prompt: Create a local BPMN project named "InvoiceTriageBpmn" for this process:
- Manual start with input va...
2026-07-28 06:10:15 [DEBUG] coder_eval.agents.claude_code_agent: [coder] Starting agent query stream...
2026-07-28 06:17:54 [DEBUG] coder_eval.agents.claude_code_agent: [coder] session_id changed: None -> 8075db72-2cdb-4988-aa61-f5ffe4130a6c
2026-07-28 06:17:54 [DEBUG] coder_eval.agents.claude_code_agent: [coder] Agent query stream ended
2026-07-28 06:17:54 [DEBUG] coder_eval.utils: Resolved @uipath plugin-tools dir=/usr/lib/node_modules/@uipath from `uip` at /usr/lib/node_modules/@uipath/cli/dist/index.js
2026-07-28 06:17:54 [DEBUG] coder_eval.orchestrator: Agent response received (2474 chars)
2026-07-28 06:17:54 [DEBUG] coder_eval.orchestrator: Checking success criteria
2026-07-28 06:17:54 [DEBUG] coder_eval.criteria.run_command: Running command for criterion 'BPMN source was created': find . -type f -name '*.bpmn' -path '*InvoiceTriageBpmn*' | grep -q .
2026-07-28 06:17:54 [DEBUG] coder_eval.sandbox: Command 'find . -type f -name '*.bpmn' -path '*InvoiceTriageBpmn*' | grep -q .' exited with code 0
2026-07-28 06:17:54 [DEBUG] coder_eval.evaluation.checker: Criterion 'run_command' score: 1.00
2026-07-28 06:17:54 [DEBUG] coder_eval.criteria.run_command: Running command for criterion 'Gateway and sequence-flow structure is valid': python3 $TASK_DIR/check_gateway_sequence_flows.py
2026-07-28 06:17:55 [DEBUG] coder_eval.sandbox: Command 'python3 $TASK_DIR/check_gateway_sequence_flows.py' exited with code 0
2026-07-28 06:17:55 [DEBUG] coder_eval.sandbox: STDOUT:
---
OK: InvoiceTriageBpmn/InvoiceTriageBpmn.bpmn has gateways, conditional/default flows, and BPMN DI
---
2026-07-28 06:17:55 [DEBUG] coder_eval.evaluation.checker: Criterion 'run_command' score: 1.00
2026-07-28 06:17:55 [INFO] coder_eval.orchestrator: Success criteria: 2/2 passed, weighted score: 1.000
2026-07-28 06:17:55 [DEBUG] coder_eval.utils: Resolved @uipath plugin-tools dir=/usr/lib/node_modules/@uipath from `uip` at /usr/lib/node_modules/@uipath/cli/dist/index.js
2026-07-28 06:17:55 [INFO] coder_eval.orchestrator: Running post-run command: find . -maxdepth 5 -type d \( -name node_modules -o -name .npm-prefix -o -name .venv \) -prune -exec rm -rf {} +
2026-07-28 06:17:55 [INFO] coder_eval.orchestrator: Sandbox preserved (in-place): /work/output/artifacts/skill-bpmn-gateway-sequence-flows
2026-07-28 06:17:55 [INFO] coder_eval.orchestrator: Task finished: status=SUCCESS duration=460.7s score=1.000 iterations=1


================================================================================
TASK: default/skill-bpmn-hitl-boolean-decision/00
================================================================================

2026-07-28 06:08:41 [DEBUG] coder_eval.utils: Resolved @uipath plugin-tools dir=/usr/lib/node_modules/@uipath from `uip` at /usr/lib/node_modules/@uipath/cli/dist/index.js
2026-07-28 06:08:41 [INFO] coder_eval.orchestrator: API routing: aws_bedrock
2026-07-28 06:08:41 [DEBUG] coder_eval.criteria: Discovered 14 criterion checkers
2026-07-28 06:08:41 [DEBUG] coder_eval.criteria: Validated 14 criterion checkers
2026-07-28 06:08:41 [DEBUG] coder_eval.utils: Resolved @uipath plugin-tools dir=/usr/lib/node_modules/@uipath from `uip` at /usr/lib/node_modules/@uipath/cli/dist/index.js
2026-07-28 06:08:41 [DEBUG] coder_eval.orchestrator: Sending prompt: Create a local BPMN project named "VendorApprovalBpmn" for vendor onboarding:

1. Manual start.
2. A...
2026-07-28 06:08:41 [DEBUG] coder_eval.agents.claude_code_agent: [coder] Starting agent query stream...
2026-07-28 06:16:37 [DEBUG] coder_eval.agents.claude_code_agent: [coder] session_id changed: None -> b4b7d115-7971-45c2-b08e-b97e8124e6b2
2026-07-28 06:16:37 [DEBUG] coder_eval.agents.claude_code_agent: [coder] Agent query stream ended
2026-07-28 06:16:37 [DEBUG] coder_eval.utils: Resolved @uipath plugin-tools dir=/usr/lib/node_modules/@uipath from `uip` at /usr/lib/node_modules/@uipath/cli/dist/index.js
2026-07-28 06:16:37 [DEBUG] coder_eval.orchestrator: Agent response received (5322 chars)
2026-07-28 06:16:37 [DEBUG] coder_eval.orchestrator: Checking success criteria
2026-07-28 06:16:37 [DEBUG] coder_eval.evaluation.checker: Criterion 'file_exists' score: 1.00
2026-07-28 06:16:37 [DEBUG] coder_eval.evaluation.checker: Criterion 'file_contains' score: 1.00
2026-07-28 06:16:37 [DEBUG] coder_eval.criteria.run_command: Running command for criterion 'Boolean approval is typed boolean and routed as a boolean (not stringly-typed)': python3 $TASK_DIR/check_quality_boolean_decision.py
2026-07-28 06:16:37 [DEBUG] coder_eval.sandbox: Command 'python3 $TASK_DIR/check_quality_boolean_decision.py' exited with code 0
2026-07-28 06:16:37 [DEBUG] coder_eval.sandbox: STDOUT:
---
OK: VendorApprovalBpmn/VendorApprovalBpmn.bpmn models the approval as a boolean and routes on it as a boolean
---
2026-07-28 06:16:37 [DEBUG] coder_eval.evaluation.checker: Criterion 'run_command' score: 1.00
2026-07-28 06:16:37 [INFO] coder_eval.orchestrator: Success criteria: 3/3 passed, weighted score: 1.000
2026-07-28 06:16:37 [DEBUG] coder_eval.utils: Resolved @uipath plugin-tools dir=/usr/lib/node_modules/@uipath from `uip` at /usr/lib/node_modules/@uipath/cli/dist/index.js
2026-07-28 06:16:37 [INFO] coder_eval.orchestrator: Running post-run command: find . -maxdepth 5 -type d \( -name node_modules -o -name .npm-prefix -o -name .venv \) -prune -exec rm -rf {} +
2026-07-28 06:16:37 [INFO] coder_eval.orchestrator: Sandbox preserved (in-place): /work/output/artifacts/skill-bpmn-hitl-boolean-decision
2026-07-28 06:16:37 [INFO] coder_eval.orchestrator: Task finished: status=SUCCESS duration=477.3s score=1.000 iterations=1


================================================================================
TASK: default/skill-bpmn-hitl-brownfield-insert/00
================================================================================

2026-07-28 06:08:30 [DEBUG] coder_eval.utils: Resolved @uipath plugin-tools dir=/usr/lib/node_modules/@uipath from `uip` at /usr/lib/node_modules/@uipath/cli/dist/index.js
2026-07-28 06:08:30 [INFO] coder_eval.orchestrator: API routing: aws_bedrock
2026-07-28 06:08:30 [DEBUG] coder_eval.criteria: Discovered 14 criterion checkers
2026-07-28 06:08:30 [DEBUG] coder_eval.criteria: Validated 14 criterion checkers
2026-07-28 06:08:30 [DEBUG] coder_eval.utils: Resolved @uipath plugin-tools dir=/usr/lib/node_modules/@uipath from `uip` at /usr/lib/node_modules/@uipath/cli/dist/index.js
2026-07-28 06:08:31 [DEBUG] coder_eval.orchestrator: Sending prompt: An existing UiPath Maestro BPMN project is at `OrderFulfillmentBpmn/` in the
current directory. Its ...
2026-07-28 06:08:31 [DEBUG] coder_eval.agents.claude_code_agent: [coder] Starting agent query stream...
2026-07-28 06:10:42 [DEBUG] coder_eval.agents.claude_code_agent: [coder] session_id changed: None -> ef4d9d3f-bfad-48a8-8961-955853751667
2026-07-28 06:10:42 [DEBUG] coder_eval.agents.claude_code_agent: [coder] Agent query stream ended
2026-07-28 06:10:42 [DEBUG] coder_eval.utils: Resolved @uipath plugin-tools dir=/usr/lib/node_modules/@uipath from `uip` at /usr/lib/node_modules/@uipath/cli/dist/index.js
2026-07-28 06:10:42 [DEBUG] coder_eval.orchestrator: Agent response received (5423 chars)
2026-07-28 06:10:42 [DEBUG] coder_eval.orchestrator: Checking success criteria
2026-07-28 06:10:42 [DEBUG] coder_eval.evaluation.checker: Criterion 'file_exists' score: 1.00
2026-07-28 06:10:42 [DEBUG] coder_eval.evaluation.checker: Criterion 'file_contains' score: 1.00
2026-07-28 06:10:42 [DEBUG] coder_eval.criteria.run_command: Running command for criterion 'HITL spliced in surgically: original IDs/scripts preserved, only the target edge re-routed': python3 $TASK_DIR/check_quality_brownfield_insert.py
2026-07-28 06:10:42 [DEBUG] coder_eval.sandbox: Command 'python3 $TASK_DIR/check_quality_brownfield_insert.py' exited with code 0
2026-07-28 06:10:42 [DEBUG] coder_eval.sandbox: STDOUT:
---
OK: OrderFulfillmentBpmn/OrderFulfillmentBpmn.bpmn spliced the HITL gate in surgically, preserving original structure
---
2026-07-28 06:10:42 [DEBUG] coder_eval.evaluation.checker: Criterion 'run_command' score: 1.00
2026-07-28 06:10:42 [INFO] coder_eval.orchestrator: Success criteria: 3/3 passed, weighted score: 1.000
2026-07-28 06:10:42 [DEBUG] coder_eval.utils: Resolved @uipath plugin-tools dir=/usr/lib/node_modules/@uipath from `uip` at /usr/lib/node_modules/@uipath/cli/dist/index.js
2026-07-28 06:10:42 [INFO] coder_eval.orchestrator: Running post-run command: find . -maxdepth 5 -type d \( -name node_modules -o -name .npm-prefix -o -name .venv \) -prune -exec rm -rf {} +
2026-07-28 06:10:42 [INFO] coder_eval.orchestrator: Sandbox preserved (in-place): /work/output/artifacts/skill-bpmn-hitl-brownfield-insert
2026-07-28 06:10:42 [INFO] coder_eval.orchestrator: Task finished: status=SUCCESS duration=132.8s score=1.000 iterations=1


================================================================================
TASK: default/skill-bpmn-hitl-completed-wired/00
================================================================================

2026-07-28 06:09:40 [DEBUG] coder_eval.utils: Resolved @uipath plugin-tools dir=/usr/lib/node_modules/@uipath from `uip` at /usr/lib/node_modules/@uipath/cli/dist/index.js
2026-07-28 06:09:40 [INFO] coder_eval.orchestrator: API routing: aws_bedrock
2026-07-28 06:09:40 [DEBUG] coder_eval.criteria: Discovered 14 criterion checkers
2026-07-28 06:09:40 [DEBUG] coder_eval.criteria: Validated 14 criterion checkers
2026-07-28 06:09:40 [DEBUG] coder_eval.utils: Resolved @uipath plugin-tools dir=/usr/lib/node_modules/@uipath from `uip` at /usr/lib/node_modules/@uipath/cli/dist/index.js
2026-07-28 06:09:40 [DEBUG] coder_eval.orchestrator: Sending prompt: Create a local BPMN project named "PurchaseApprovalBpmn" with this process:
manual start -> HITL app...
2026-07-28 06:09:40 [DEBUG] coder_eval.agents.claude_code_agent: [coder] Starting agent query stream...
2026-07-28 06:14:35 [DEBUG] coder_eval.agents.claude_code_agent: [coder] session_id changed: None -> 976d7987-d89c-4550-9dd4-b49f46f14a57
2026-07-28 06:14:35 [DEBUG] coder_eval.agents.claude_code_agent: [coder] Agent query stream ended
2026-07-28 06:14:35 [DEBUG] coder_eval.utils: Resolved @uipath plugin-tools dir=/usr/lib/node_modules/@uipath from `uip` at /usr/lib/node_modules/@uipath/cli/dist/index.js
2026-07-28 06:14:35 [DEBUG] coder_eval.orchestrator: Agent response received (4659 chars)
2026-07-28 06:14:35 [DEBUG] coder_eval.orchestrator: Checking success criteria
2026-07-28 06:14:35 [DEBUG] coder_eval.evaluation.checker: Criterion 'file_exists' score: 1.00
2026-07-28 06:14:35 [DEBUG] coder_eval.evaluation.checker: Criterion 'file_contains' score: 1.00
2026-07-28 06:14:35 [DEBUG] coder_eval.criteria.run_command: Running command for criterion 'HITL completion is wired to a downstream step that reaches an end event': python3 $TASK_DIR/check_smoke_completed_wired.py
2026-07-28 06:14:35 [DEBUG] coder_eval.sandbox: Command 'python3 $TASK_DIR/check_smoke_completed_wired.py' exited with code 0
2026-07-28 06:14:35 [DEBUG] coder_eval.sandbox: STDOUT:
---
OK: PurchaseApprovalBpmn/PurchaseApprovalBpmn.bpmn wires HITL completion to a downstream step that reaches an end event
---
2026-07-28 06:14:35 [DEBUG] coder_eval.evaluation.checker: Criterion 'run_command' score: 1.00
2026-07-28 06:14:35 [INFO] coder_eval.orchestrator: Success criteria: 3/3 passed, weighted score: 1.000
2026-07-28 06:14:35 [WARNING] coder_eval.orchestrator: Visible turns (19) exceeded expected_turns (18) at iteration 1 for task skill-bpmn-hitl-completed-wired. Run continues — max_turns remains the hard cap.
2026-07-28 06:14:35 [DEBUG] coder_eval.utils: Resolved @uipath plugin-tools dir=/usr/lib/node_modules/@uipath from `uip` at /usr/lib/node_modules/@uipath/cli/dist/index.js
2026-07-28 06:14:35 [INFO] coder_eval.orchestrator: Running post-run command: find . -maxdepth 5 -type d \( -name node_modules -o -name .npm-prefix -o -name .venv \) -prune -exec rm -rf {} +
2026-07-28 06:14:35 [INFO] coder_eval.orchestrator: Sandbox preserved (in-place): /work/output/artifacts/skill-bpmn-hitl-completed-wired
2026-07-28 06:14:35 [INFO] coder_eval.orchestrator: Task finished: status=SUCCESS duration=296.9s score=1.000 iterations=1


================================================================================
TASK: default/skill-bpmn-hitl-multi-outcome-routing/00
================================================================================

2026-07-28 06:08:25 [DEBUG] coder_eval.utils: Resolved @uipath plugin-tools dir=/usr/lib/node_modules/@uipath from `uip` at /usr/lib/node_modules/@uipath/cli/dist/index.js
2026-07-28 06:08:25 [INFO] coder_eval.orchestrator: API routing: aws_bedrock
2026-07-28 06:08:25 [DEBUG] coder_eval.criteria: Discovered 14 criterion checkers
2026-07-28 06:08:25 [DEBUG] coder_eval.criteria: Validated 14 criterion checkers
2026-07-28 06:08:25 [DEBUG] coder_eval.utils: Resolved @uipath plugin-tools dir=/usr/lib/node_modules/@uipath from `uip` at /usr/lib/node_modules/@uipath/cli/dist/index.js
2026-07-28 06:08:25 [DEBUG] coder_eval.orchestrator: Sending prompt: Create a local BPMN project named "LeaveRequestBpmn" with this process:

1. Manual start.
2. HITL us...
2026-07-28 06:08:25 [DEBUG] coder_eval.agents.claude_code_agent: [coder] Starting agent query stream...
2026-07-28 06:14:24 [DEBUG] coder_eval.agents.claude_code_agent: [coder] session_id changed: None -> af9cd0a1-a412-455a-b01a-4bb9af565667
2026-07-28 06:14:24 [DEBUG] coder_eval.agents.claude_code_agent: [coder] Agent query stream ended
2026-07-28 06:14:24 [DEBUG] coder_eval.utils: Resolved @uipath plugin-tools dir=/usr/lib/node_modules/@uipath from `uip` at /usr/lib/node_modules/@uipath/cli/dist/index.js
2026-07-28 06:14:24 [DEBUG] coder_eval.orchestrator: Agent response received (5086 chars)
2026-07-28 06:14:24 [DEBUG] coder_eval.orchestrator: Checking success criteria
2026-07-28 06:14:24 [DEBUG] coder_eval.evaluation.checker: Criterion 'file_exists' score: 1.00
2026-07-28 06:14:24 [DEBUG] coder_eval.evaluation.checker: Criterion 'file_contains' score: 1.00
2026-07-28 06:14:24 [DEBUG] coder_eval.criteria.run_command: Running command for criterion 'HITL outcome routed through an exclusive gateway into three distinct paths': python3 $TASK_DIR/check_smoke_multi_outcome_routing.py
2026-07-28 06:14:24 [DEBUG] coder_eval.sandbox: Command 'python3 $TASK_DIR/check_smoke_multi_outcome_routing.py' exited with code 0
2026-07-28 06:14:24 [DEBUG] coder_eval.sandbox: STDOUT:
---
OK: LeaveRequestBpmn/LeaveRequestBpmn.bpmn routes the HITL outcome into three distinct gateway branches
---
2026-07-28 06:14:24 [DEBUG] coder_eval.evaluation.checker: Criterion 'run_command' score: 1.00
2026-07-28 06:14:24 [INFO] coder_eval.orchestrator: Success criteria: 3/3 passed, weighted score: 1.000
2026-07-28 06:14:24 [DEBUG] coder_eval.utils: Resolved @uipath plugin-tools dir=/usr/lib/node_modules/@uipath from `uip` at /usr/lib/node_modules/@uipath/cli/dist/index.js
2026-07-28 06:14:24 [INFO] coder_eval.orchestrator: Running post-run command: find . -maxdepth 5 -type d \( -name node_modules -o -name .npm-prefix -o -name .venv \) -prune -exec rm -rf {} +
2026-07-28 06:14:24 [INFO] coder_eval.orchestrator: Sandbox preserved (in-place): /work/output/artifacts/skill-bpmn-hitl-multi-outcome-routing
2026-07-28 06:14:24 [INFO] coder_eval.orchestrator: Task finished: status=SUCCESS duration=359.8s score=1.000 iterations=1


================================================================================
TASK: default/skill-bpmn-hitl-result-downstream/00
================================================================================

2026-07-28 06:05:39 [DEBUG] coder_eval.utils: Resolved @uipath plugin-tools dir=/usr/lib/node_modules/@uipath from `uip` at /usr/lib/node_modules/@uipath/cli/dist/index.js
2026-07-28 06:05:39 [INFO] coder_eval.orchestrator: API routing: aws_bedrock
2026-07-28 06:05:39 [DEBUG] coder_eval.criteria: Discovered 14 criterion checkers
2026-07-28 06:05:39 [DEBUG] coder_eval.criteria: Validated 14 criterion checkers
2026-07-28 06:05:39 [DEBUG] coder_eval.utils: Resolved @uipath plugin-tools dir=/usr/lib/node_modules/@uipath from `uip` at /usr/lib/node_modules/@uipath/cli/dist/index.js
2026-07-28 06:05:39 [DEBUG] coder_eval.orchestrator: Sending prompt: Create a local BPMN project named "ExpenseApprovalBpmn" with this process:

1. Manual start.
2. HITL...
2026-07-28 06:05:40 [DEBUG] coder_eval.agents.claude_code_agent: [coder] Starting agent query stream...
2026-07-28 06:16:41 [DEBUG] coder_eval.agents.claude_code_agent: [coder] session_id changed: None -> 0db913a1-ef58-4f37-8589-4299b3887aeb
2026-07-28 06:16:41 [DEBUG] coder_eval.agents.claude_code_agent: [coder] Agent query stream ended
2026-07-28 06:16:41 [DEBUG] coder_eval.utils: Resolved @uipath plugin-tools dir=/usr/lib/node_modules/@uipath from `uip` at /usr/lib/node_modules/@uipath/cli/dist/index.js
2026-07-28 06:16:41 [DEBUG] coder_eval.orchestrator: Agent response received (5654 chars)
2026-07-28 06:16:41 [DEBUG] coder_eval.orchestrator: Checking success criteria
2026-07-28 06:16:41 [DEBUG] coder_eval.evaluation.checker: Criterion 'file_exists' score: 1.00
2026-07-28 06:16:41 [DEBUG] coder_eval.evaluation.checker: Criterion 'file_contains' score: 1.00
2026-07-28 06:16:41 [DEBUG] coder_eval.criteria.run_command: Running command for criterion 'A downstream gateway condition references the HITL output variable': python3 $TASK_DIR/check_quality_result_downstream.py
2026-07-28 06:16:41 [DEBUG] coder_eval.sandbox: Command 'python3 $TASK_DIR/check_quality_result_downstream.py' exited with code 0
2026-07-28 06:16:41 [DEBUG] coder_eval.sandbox: STDOUT:
---
OK: ExpenseApprovalBpmn/ExpenseApprovalBpmn.bpmn routes downstream on the HITL decision variable(s) ['Var_HITLResponse']
---
2026-07-28 06:16:41 [DEBUG] coder_eval.evaluation.checker: Criterion 'run_command' score: 1.00
2026-07-28 06:16:41 [INFO] coder_eval.orchestrator: Success criteria: 3/3 passed, weighted score: 1.000
2026-07-28 06:16:41 [WARNING] coder_eval.orchestrator: Visible turns (26) exceeded expected_turns (24) at iteration 1 for task skill-bpmn-hitl-result-downstream. Run continues — max_turns remains the hard cap.
2026-07-28 06:16:41 [DEBUG] coder_eval.utils: Resolved @uipath plugin-tools dir=/usr/lib/node_modules/@uipath from `uip` at /usr/lib/node_modules/@uipath/cli/dist/index.js
2026-07-28 06:16:41 [INFO] coder_eval.orchestrator: Running post-run command: find . -maxdepth 5 -type d \( -name node_modules -o -name .npm-prefix -o -name .venv \) -prune -exec rm -rf {} +
2026-07-28 06:16:41 [INFO] coder_eval.orchestrator: Sandbox preserved (in-place): /work/output/artifacts/skill-bpmn-hitl-result-downstream
2026-07-28 06:16:41 [INFO] coder_eval.orchestrator: Task finished: status=SUCCESS duration=671.9s score=1.000 iterations=1


================================================================================
TASK: default/skill-bpmn-hitl-rpa-wrappers/00
================================================================================

2026-07-28 06:05:36 [DEBUG] coder_eval.utils: Resolved @uipath plugin-tools dir=/usr/lib/node_modules/@uipath from `uip` at /usr/lib/node_modules/@uipath/cli/dist/index.js
2026-07-28 06:05:36 [INFO] coder_eval.orchestrator: API routing: aws_bedrock
2026-07-28 06:05:36 [DEBUG] coder_eval.criteria: Discovered 14 criterion checkers
2026-07-28 06:05:36 [DEBUG] coder_eval.criteria: Validated 14 criterion checkers
2026-07-28 06:05:36 [DEBUG] coder_eval.utils: Resolved @uipath plugin-tools dir=/usr/lib/node_modules/@uipath from `uip` at /usr/lib/node_modules/@uipath/cli/dist/index.js
2026-07-28 06:05:37 [DEBUG] coder_eval.orchestrator: Sending prompt: Create a local BPMN project named "EmployeeAccessBpmn" with this flow:
manual start -> HITL approval...
2026-07-28 06:05:37 [DEBUG] coder_eval.agents.claude_code_agent: [coder] Starting agent query stream...
2026-07-28 06:09:22 [DEBUG] coder_eval.agents.claude_code_agent: [coder] session_id changed: None -> 12c8f7e7-a755-4358-b2a3-207503005dd5
2026-07-28 06:09:22 [DEBUG] coder_eval.agents.claude_code_agent: [coder] Agent query stream ended
2026-07-28 06:09:22 [DEBUG] coder_eval.utils: Resolved @uipath plugin-tools dir=/usr/lib/node_modules/@uipath from `uip` at /usr/lib/node_modules/@uipath/cli/dist/index.js
2026-07-28 06:09:22 [DEBUG] coder_eval.orchestrator: Agent response received (4584 chars)
2026-07-28 06:09:22 [DEBUG] coder_eval.orchestrator: Checking success criteria
2026-07-28 06:09:22 [DEBUG] coder_eval.evaluation.checker: Criterion 'file_exists' score: 0.00
2026-07-28 06:09:22 [INFO] coder_eval.evaluation.checker: Criterion 'file_exists' FAILED (score=0.00, threshold=1.00): File 'EmployeeAccessBpmn/EmployeeAccessBpmn.bpmn' does not exist
2026-07-28 06:09:22 [DEBUG] coder_eval.criteria.run_command: Running command for criterion 'HITL and RPA wrappers use the documented BPMN element types': python3 $TASK_DIR/check_hitl_rpa_wrappers.py
2026-07-28 06:09:22 [DEBUG] coder_eval.sandbox: Command 'python3 $TASK_DIR/check_hitl_rpa_wrappers.py' exited with code 1
2026-07-28 06:09:22 [DEBUG] coder_eval.sandbox: STDERR:
---
FAIL: missing bpmn:userTask with Actions.HITL uipath:activity shell
---
2026-07-28 06:09:22 [DEBUG] coder_eval.evaluation.checker: Criterion 'run_command' score: 0.00
2026-07-28 06:09:22 [INFO] coder_eval.evaluation.checker: Criterion 'run_command' FAILED (score=0.00, threshold=1.00): Command: python3 $TASK_DIR/check_hitl_rpa_wrappers.py
2026-07-28 06:09:22 [INFO] coder_eval.orchestrator: Success criteria: 0/2 passed, weighted score: 0.000
2026-07-28 06:09:22 [WARNING] coder_eval.orchestrator: Visible turns (22) exceeded expected_turns (14) at iteration 1 for task skill-bpmn-hitl-rpa-wrappers. Run continues — max_turns remains the hard cap.
2026-07-28 06:09:22 [DEBUG] coder_eval.utils: Resolved @uipath plugin-tools dir=/usr/lib/node_modules/@uipath from `uip` at /usr/lib/node_modules/@uipath/cli/dist/index.js
2026-07-28 06:09:22 [INFO] coder_eval.orchestrator: Running post-run command: find . -maxdepth 5 -type d \( -name node_modules -o -name .npm-prefix -o -name .venv \) -prune -exec rm -rf {} +
2026-07-28 06:09:22 [INFO] coder_eval.orchestrator: Sandbox preserved (in-place): /work/output/artifacts/skill-bpmn-hitl-rpa-wrappers
2026-07-28 06:09:22 [INFO] coder_eval.orchestrator: Task finished: status=FAILURE duration=233.3s score=0.000 iterations=1


================================================================================
TASK: default/skill-bpmn-hitl-schema-design/00
================================================================================

2026-07-28 06:05:34 [DEBUG] coder_eval.utils: Resolved @uipath plugin-tools dir=/usr/lib/node_modules/@uipath from `uip` at /usr/lib/node_modules/@uipath/cli/dist/index.js
2026-07-28 06:05:34 [INFO] coder_eval.orchestrator: API routing: aws_bedrock
2026-07-28 06:05:35 [DEBUG] coder_eval.criteria: Discovered 14 criterion checkers
2026-07-28 06:05:35 [DEBUG] coder_eval.criteria: Validated 14 criterion checkers
2026-07-28 06:05:35 [DEBUG] coder_eval.utils: Resolved @uipath plugin-tools dir=/usr/lib/node_modules/@uipath from `uip` at /usr/lib/node_modules/@uipath/cli/dist/index.js
2026-07-28 06:05:35 [DEBUG] coder_eval.orchestrator: Sending prompt: Create a local BPMN project named "VendorPOReviewBpmn" for purchase-order
review:

- Manual start.
-...
2026-07-28 06:05:35 [DEBUG] coder_eval.agents.claude_code_agent: [coder] Starting agent query stream...
2026-07-28 06:14:00 [DEBUG] coder_eval.agents.claude_code_agent: [coder] session_id changed: None -> 15585541-3c83-499d-80c2-8ee8ce03e1f3
2026-07-28 06:14:00 [DEBUG] coder_eval.agents.claude_code_agent: [coder] Agent query stream ended
2026-07-28 06:14:00 [DEBUG] coder_eval.utils: Resolved @uipath plugin-tools dir=/usr/lib/node_modules/@uipath from `uip` at /usr/lib/node_modules/@uipath/cli/dist/index.js
2026-07-28 06:14:00 [DEBUG] coder_eval.orchestrator: Agent response received (5471 chars)
2026-07-28 06:14:00 [DEBUG] coder_eval.orchestrator: Checking success criteria
2026-07-28 06:14:00 [DEBUG] coder_eval.evaluation.checker: Criterion 'file_exists' score: 1.00
2026-07-28 06:14:00 [DEBUG] coder_eval.evaluation.checker: Criterion 'file_contains' score: 1.00
2026-07-28 06:14:00 [DEBUG] coder_eval.criteria.run_command: Running command for criterion 'HITL has context inputs and typed, declared output mappings': python3 $TASK_DIR/check_quality_schema_design.py
2026-07-28 06:14:00 [DEBUG] coder_eval.sandbox: Command 'python3 $TASK_DIR/check_quality_schema_design.py' exited with code 0
2026-07-28 06:14:00 [DEBUG] coder_eval.sandbox: STDOUT:
---
OK: VendorPOReviewBpmn/VendorPOReviewBpmn.bpmn HITL presents context and captures typed, declared reviewer outputs
---
2026-07-28 06:14:00 [DEBUG] coder_eval.evaluation.checker: Criterion 'run_command' score: 1.00
2026-07-28 06:14:00 [INFO] coder_eval.orchestrator: Success criteria: 3/3 passed, weighted score: 1.000
2026-07-28 06:14:00 [DEBUG] coder_eval.utils: Resolved @uipath plugin-tools dir=/usr/lib/node_modules/@uipath from `uip` at /usr/lib/node_modules/@uipath/cli/dist/index.js
2026-07-28 06:14:00 [INFO] coder_eval.orchestrator: Running post-run command: find . -maxdepth 5 -type d \( -name node_modules -o -name .npm-prefix -o -name .venv \) -prune -exec rm -rf {} +
2026-07-28 06:14:00 [INFO] coder_eval.orchestrator: Sandbox preserved (in-place): /work/output/artifacts/skill-bpmn-hitl-schema-design
2026-07-28 06:14:00 [INFO] coder_eval.orchestrator: Task finished: status=SUCCESS duration=513.6s score=1.000 iterations=1


================================================================================
TASK: default/skill-bpmn-http-weather/00
================================================================================

2026-07-28 06:05:39 [DEBUG] coder_eval.utils: Resolved @uipath plugin-tools dir=/usr/lib/node_modules/@uipath from `uip` at /usr/lib/node_modules/@uipath/cli/dist/index.js
2026-07-28 06:05:39 [INFO] coder_eval.orchestrator: API routing: aws_bedrock
2026-07-28 06:05:40 [DEBUG] coder_eval.criteria: Discovered 14 criterion checkers
2026-07-28 06:05:40 [DEBUG] coder_eval.criteria: Validated 14 criterion checkers
2026-07-28 06:05:40 [DEBUG] coder_eval.utils: Resolved @uipath plugin-tools dir=/usr/lib/node_modules/@uipath from `uip` at /usr/lib/node_modules/@uipath/cli/dist/index.js
2026-07-28 06:05:40 [DEBUG] coder_eval.orchestrator: Sending prompt: Load and follow the uipath-maestro-bpmn skill.

Create a local BPMN project named "OpenMeteoWeatherH...
2026-07-28 06:05:41 [DEBUG] coder_eval.agents.claude_code_agent: [coder] Starting agent query stream...
2026-07-28 06:09:39 [DEBUG] coder_eval.agents.claude_code_agent: [coder] session_id changed: None -> 51f47a0d-99a1-4ead-9a7a-b332c96109d0
2026-07-28 06:09:39 [DEBUG] coder_eval.agents.claude_code_agent: [coder] Agent query stream ended
2026-07-28 06:09:39 [DEBUG] coder_eval.utils: Resolved @uipath plugin-tools dir=/usr/lib/node_modules/@uipath from `uip` at /usr/lib/node_modules/@uipath/cli/dist/index.js
2026-07-28 06:09:39 [DEBUG] coder_eval.orchestrator: Agent response received (3095 chars)
2026-07-28 06:09:39 [DEBUG] coder_eval.orchestrator: Checking success criteria
2026-07-28 06:09:39 [DEBUG] coder_eval.evaluation.checker: Criterion 'file_exists' score: 1.00
2026-07-28 06:09:39 [DEBUG] coder_eval.evaluation.checker: Criterion 'file_contains' score: 1.00
2026-07-28 06:09:39 [DEBUG] coder_eval.evaluation.checker: Criterion 'command_executed' score: 1.00
2026-07-28 06:09:39 [DEBUG] coder_eval.criteria.run_command: Running command for criterion 'HTTP sendTask is connectionless manual GET to Open-Meteo with a bound output variable': python3 $TASK_DIR/check_http_weather.py
2026-07-28 06:09:40 [DEBUG] coder_eval.sandbox: Command 'python3 $TASK_DIR/check_http_weather.py' exited with code 0
2026-07-28 06:09:40 [DEBUG] coder_eval.sandbox: STDOUT:
---
OK: OpenMeteoWeatherHttp/OpenMeteoWeatherHttp.bpmn is a connectionless manual GET to Open-Meteo with a bound output
---
2026-07-28 06:09:40 [DEBUG] coder_eval.evaluation.checker: Criterion 'run_command' score: 1.00
2026-07-28 06:09:40 [INFO] coder_eval.orchestrator: Success criteria: 4/4 passed, weighted score: 1.000
2026-07-28 06:09:40 [WARNING] coder_eval.orchestrator: Visible turns (20) exceeded expected_turns (16) at iteration 1 for task skill-bpmn-http-weather. Run continues — max_turns remains the hard cap.
2026-07-28 06:09:40 [DEBUG] coder_eval.utils: Resolved @uipath plugin-tools dir=/usr/lib/node_modules/@uipath from `uip` at /usr/lib/node_modules/@uipath/cli/dist/index.js
2026-07-28 06:09:40 [INFO] coder_eval.orchestrator: Running post-run command: find . -maxdepth 5 -type d \( -name node_modules -o -name .npm-prefix -o -name .venv \) -prune -exec rm -rf {} +
2026-07-28 06:09:40 [INFO] coder_eval.orchestrator: Sandbox preserved (in-place): /work/output/artifacts/skill-bpmn-http-weather
2026-07-28 06:09:40 [INFO] coder_eval.orchestrator: Task finished: status=SUCCESS duration=249.5s score=1.000 iterations=1


================================================================================
TASK: default/skill-bpmn-inclusive-gateway-forkjoin/00
================================================================================

2026-07-28 06:09:26 [DEBUG] coder_eval.utils: Resolved @uipath plugin-tools dir=/usr/lib/node_modules/@uipath from `uip` at /usr/lib/node_modules/@uipath/cli/dist/index.js
2026-07-28 06:09:26 [INFO] coder_eval.orchestrator: API routing: aws_bedrock
2026-07-28 06:09:26 [DEBUG] coder_eval.criteria: Discovered 14 criterion checkers
2026-07-28 06:09:26 [DEBUG] coder_eval.criteria: Validated 14 criterion checkers
2026-07-28 06:09:26 [DEBUG] coder_eval.utils: Resolved @uipath plugin-tools dir=/usr/lib/node_modules/@uipath from `uip` at /usr/lib/node_modules/@uipath/cli/dist/index.js
2026-07-28 06:09:26 [DEBUG] coder_eval.orchestrator: Sending prompt: Load and follow the uipath-maestro-bpmn skill.

Author a single Maestro BPMN file `NotificationFanou...
2026-07-28 06:09:26 [DEBUG] coder_eval.agents.claude_code_agent: [coder] Starting agent query stream...
2026-07-28 06:11:55 [DEBUG] coder_eval.agents.claude_code_agent: [coder] session_id changed: None -> 227198cb-54ac-4dc9-a08e-865390d39fd0
2026-07-28 06:11:55 [DEBUG] coder_eval.agents.claude_code_agent: [coder] Agent query stream ended
2026-07-28 06:11:55 [DEBUG] coder_eval.utils: Resolved @uipath plugin-tools dir=/usr/lib/node_modules/@uipath from `uip` at /usr/lib/node_modules/@uipath/cli/dist/index.js
2026-07-28 06:11:55 [DEBUG] coder_eval.orchestrator: Agent response received (3394 chars)
2026-07-28 06:11:55 [DEBUG] coder_eval.orchestrator: Checking success criteria
2026-07-28 06:11:55 [DEBUG] coder_eval.evaluation.checker: Criterion 'file_exists' score: 1.00
2026-07-28 06:11:55 [DEBUG] coder_eval.evaluation.checker: Criterion 'command_executed' score: 1.00
2026-07-28 06:11:55 [DEBUG] coder_eval.evaluation.checker: Criterion 'file_contains' score: 1.00
2026-07-28 06:11:55 [DEBUG] coder_eval.criteria.run_command: Running command for criterion 'Conditioned inclusive split rejoins at a real inclusive join (no fake/superfluous gateway), fully shaped': python3 $TASK_DIR/check_inclusive_gateway_forkjoin.py
2026-07-28 06:11:55 [DEBUG] coder_eval.sandbox: Command 'python3 $TASK_DIR/check_inclusive_gateway_forkjoin.py' exited with code 0
2026-07-28 06:11:55 [DEBUG] coder_eval.sandbox: STDOUT:
---
OK: NotificationFanout.bpmn forks on a conditioned inclusive split and rejoins at a real inclusive join
---
2026-07-28 06:11:55 [DEBUG] coder_eval.evaluation.checker: Criterion 'run_command' score: 1.00
2026-07-28 06:11:55 [INFO] coder_eval.orchestrator: Success criteria: 4/4 passed, weighted score: 1.000
2026-07-28 06:11:55 [DEBUG] coder_eval.utils: Resolved @uipath plugin-tools dir=/usr/lib/node_modules/@uipath from `uip` at /usr/lib/node_modules/@uipath/cli/dist/index.js
2026-07-28 06:11:55 [INFO] coder_eval.orchestrator: Running post-run command: find . -maxdepth 5 -type d \( -name node_modules -o -name .npm-prefix -o -name .venv \) -prune -exec rm -rf {} +
2026-07-28 06:11:55 [INFO] coder_eval.orchestrator: Sandbox preserved (in-place): /work/output/artifacts/skill-bpmn-inclusive-gateway-forkjoin
2026-07-28 06:11:55 [INFO] coder_eval.orchestrator: Task finished: status=SUCCESS duration=150.5s score=1.000 iterations=1


================================================================================
TASK: default/skill-bpmn-integration-service-boundary/00
================================================================================

2026-07-28 06:05:39 [DEBUG] coder_eval.utils: Resolved @uipath plugin-tools dir=/usr/lib/node_modules/@uipath from `uip` at /usr/lib/node_modules/@uipath/cli/dist/index.js
2026-07-28 06:05:39 [INFO] coder_eval.orchestrator: API routing: aws_bedrock
2026-07-28 06:05:39 [DEBUG] coder_eval.criteria: Discovered 14 criterion checkers
2026-07-28 06:05:39 [DEBUG] coder_eval.criteria: Validated 14 criterion checkers
2026-07-28 06:05:39 [DEBUG] coder_eval.utils: Resolved @uipath plugin-tools dir=/usr/lib/node_modules/@uipath from `uip` at /usr/lib/node_modules/@uipath/cli/dist/index.js
2026-07-28 06:05:40 [DEBUG] coder_eval.orchestrator: Sending prompt: Create a local BPMN draft project named "SlackDigestBoundaryBpmn".
The intended process is:
manual s...
2026-07-28 06:05:40 [DEBUG] coder_eval.agents.claude_code_agent: [coder] Starting agent query stream...
2026-07-28 06:14:13 [DEBUG] coder_eval.agents.claude_code_agent: [coder] session_id changed: None -> daf70098-e4e2-4740-b096-a29bb7246c9b
2026-07-28 06:14:13 [DEBUG] coder_eval.agents.claude_code_agent: [coder] Agent query stream ended
2026-07-28 06:14:13 [DEBUG] coder_eval.utils: Resolved @uipath plugin-tools dir=/usr/lib/node_modules/@uipath from `uip` at /usr/lib/node_modules/@uipath/cli/dist/index.js
2026-07-28 06:14:13 [DEBUG] coder_eval.orchestrator: Agent response received (4859 chars)
2026-07-28 06:14:13 [DEBUG] coder_eval.orchestrator: Checking success criteria
2026-07-28 06:14:13 [DEBUG] coder_eval.evaluation.checker: Criterion 'file_exists' score: 0.00
2026-07-28 06:14:13 [INFO] coder_eval.evaluation.checker: Criterion 'file_exists' FAILED (score=0.00, threshold=1.00): File 'SlackDigestBoundaryBpmn/SlackDigestBoundaryBpmn.bpmn' does not exist
2026-07-28 06:14:13 [DEBUG] coder_eval.criteria.run_command: Running command for criterion 'Integration Service draft stays inside the CLI-owned boundary': python3 $TASK_DIR/check_integration_service_boundary.py
2026-07-28 06:14:13 [DEBUG] coder_eval.sandbox: Command 'python3 $TASK_DIR/check_integration_service_boundary.py' exited with code 1
2026-07-28 06:14:13 [DEBUG] coder_eval.sandbox: STDERR:
---
FAIL: missing draft Integration Service uipath:activity shell
---
2026-07-28 06:14:13 [DEBUG] coder_eval.evaluation.checker: Criterion 'run_command' score: 0.00
2026-07-28 06:14:13 [INFO] coder_eval.evaluation.checker: Criterion 'run_command' FAILED (score=0.00, threshold=1.00): Command: python3 $TASK_DIR/check_integration_service_boundary.py
2026-07-28 06:14:13 [INFO] coder_eval.orchestrator: Success criteria: 0/2 passed, weighted score: 0.000
2026-07-28 06:14:13 [DEBUG] coder_eval.utils: Resolved @uipath plugin-tools dir=/usr/lib/node_modules/@uipath from `uip` at /usr/lib/node_modules/@uipath/cli/dist/index.js
2026-07-28 06:14:13 [INFO] coder_eval.orchestrator: Running post-run command: find . -maxdepth 5 -type d \( -name node_modules -o -name .npm-prefix -o -name .venv \) -prune -exec rm -rf {} +
2026-07-28 06:14:13 [INFO] coder_eval.orchestrator: Sandbox preserved (in-place): /work/output/artifacts/skill-bpmn-integration-service-boundary
2026-07-28 06:14:13 [INFO] coder_eval.orchestrator: Task finished: status=FAILURE duration=524.0s score=0.000 iterations=1


================================================================================
TASK: default/skill-bpmn-loop-multiply/00
================================================================================

2026-07-28 06:05:39 [DEBUG] coder_eval.utils: Resolved @uipath plugin-tools dir=/usr/lib/node_modules/@uipath from `uip` at /usr/lib/node_modules/@uipath/cli/dist/index.js
2026-07-28 06:05:39 [INFO] coder_eval.orchestrator: API routing: aws_bedrock
2026-07-28 06:05:39 [DEBUG] coder_eval.criteria: Discovered 14 criterion checkers
2026-07-28 06:05:39 [DEBUG] coder_eval.criteria: Validated 14 criterion checkers
2026-07-28 06:05:39 [DEBUG] coder_eval.utils: Resolved @uipath plugin-tools dir=/usr/lib/node_modules/@uipath from `uip` at /usr/lib/node_modules/@uipath/cli/dist/index.js
2026-07-28 06:05:39 [DEBUG] coder_eval.orchestrator: Sending prompt: Load and follow the uipath-maestro-bpmn skill.

Author a local Maestro BPMN project named "LoopMulti...
2026-07-28 06:05:39 [DEBUG] coder_eval.agents.claude_code_agent: [coder] Starting agent query stream...
2026-07-28 06:13:27 [DEBUG] coder_eval.agents.claude_code_agent: [coder] session_id changed: None -> f2426d63-ea25-4f87-8139-d44c7fe84052
2026-07-28 06:13:27 [DEBUG] coder_eval.agents.claude_code_agent: [coder] Agent query stream ended
2026-07-28 06:13:27 [DEBUG] coder_eval.utils: Resolved @uipath plugin-tools dir=/usr/lib/node_modules/@uipath from `uip` at /usr/lib/node_modules/@uipath/cli/dist/index.js
2026-07-28 06:13:27 [DEBUG] coder_eval.orchestrator: Agent response received (3141 chars)
2026-07-28 06:13:27 [DEBUG] coder_eval.orchestrator: Checking success criteria
2026-07-28 06:13:27 [DEBUG] coder_eval.evaluation.checker: Criterion 'file_exists' score: 1.00
2026-07-28 06:13:27 [DEBUG] coder_eval.evaluation.checker: Criterion 'file_contains' score: 1.00
2026-07-28 06:13:27 [DEBUG] coder_eval.criteria.run_command: Running command for criterion 'BPMN has a sequential multi-instance marker with a bound collection and valid DI': python3 $TASK_DIR/check_loop_multiply.py
2026-07-28 06:13:27 [DEBUG] coder_eval.sandbox: Command 'python3 $TASK_DIR/check_loop_multiply.py' exited with code 0
2026-07-28 06:13:27 [DEBUG] coder_eval.sandbox: STDOUT:
---
OK: LoopMultiplyBpmn/LoopMultiplyBpmn.bpmn multiplies a collection through a sequential multi-instance marker
---
2026-07-28 06:13:27 [DEBUG] coder_eval.evaluation.checker: Criterion 'run_command' score: 1.00
2026-07-28 06:13:27 [INFO] coder_eval.orchestrator: Success criteria: 3/3 passed, weighted score: 1.000
2026-07-28 06:13:27 [DEBUG] coder_eval.utils: Resolved @uipath plugin-tools dir=/usr/lib/node_modules/@uipath from `uip` at /usr/lib/node_modules/@uipath/cli/dist/index.js
2026-07-28 06:13:27 [INFO] coder_eval.orchestrator: Running post-run command: find . -maxdepth 5 -type d \( -name node_modules -o -name .npm-prefix -o -name .venv \) -prune -exec rm -rf {} +
2026-07-28 06:13:27 [INFO] coder_eval.orchestrator: Sandbox preserved (in-place): /work/output/artifacts/skill-bpmn-loop-multiply
2026-07-28 06:13:27 [INFO] coder_eval.orchestrator: Task finished: status=SUCCESS duration=476.9s score=1.000 iterations=1


================================================================================
TASK: default/skill-bpmn-message-catch/00
================================================================================

2026-07-28 06:11:05 [DEBUG] coder_eval.utils: Resolved @uipath plugin-tools dir=/usr/lib/node_modules/@uipath from `uip` at /usr/lib/node_modules/@uipath/cli/dist/index.js
2026-07-28 06:11:05 [INFO] coder_eval.orchestrator: API routing: aws_bedrock
2026-07-28 06:11:05 [DEBUG] coder_eval.criteria: Discovered 14 criterion checkers
2026-07-28 06:11:05 [DEBUG] coder_eval.criteria: Validated 14 criterion checkers
2026-07-28 06:11:05 [DEBUG] coder_eval.utils: Resolved @uipath plugin-tools dir=/usr/lib/node_modules/@uipath from `uip` at /usr/lib/node_modules/@uipath/cli/dist/index.js
2026-07-28 06:11:05 [DEBUG] coder_eval.orchestrator: Sending prompt: Load and follow the uipath-maestro-bpmn skill.

Create a local BPMN project named "AwaitApprovalMess...
2026-07-28 06:11:05 [DEBUG] coder_eval.agents.claude_code_agent: [coder] Starting agent query stream...
2026-07-28 06:15:01 [DEBUG] coder_eval.agents.claude_code_agent: [coder] session_id changed: None -> 3078b592-7643-4136-b11b-505576c8dbc1
2026-07-28 06:15:01 [DEBUG] coder_eval.agents.claude_code_agent: [coder] Agent query stream ended
2026-07-28 06:15:01 [DEBUG] coder_eval.utils: Resolved @uipath plugin-tools dir=/usr/lib/node_modules/@uipath from `uip` at /usr/lib/node_modules/@uipath/cli/dist/index.js
2026-07-28 06:15:01 [DEBUG] coder_eval.orchestrator: Agent response received (4810 chars)
2026-07-28 06:15:01 [DEBUG] coder_eval.orchestrator: Checking success criteria
2026-07-28 06:15:01 [DEBUG] coder_eval.evaluation.checker: Criterion 'file_exists' score: 1.00
2026-07-28 06:15:01 [DEBUG] coder_eval.evaluation.checker: Criterion 'command_executed' score: 1.00
2026-07-28 06:15:01 [DEBUG] coder_eval.criteria.run_command: Running command for criterion 'Receive-message wait is a mid-flow intermediate catch event with the start preserved': python3 $TASK_DIR/check_message_catch.py
2026-07-28 06:15:01 [DEBUG] coder_eval.sandbox: Command 'python3 $TASK_DIR/check_message_catch.py' exited with code 0
2026-07-28 06:15:01 [DEBUG] coder_eval.sandbox: STDOUT:
---
OK: AwaitApprovalMessage/AwaitApprovalMessage.bpmn waits mid-flow on a receive-message catch event with the start preserved
---
2026-07-28 06:15:01 [DEBUG] coder_eval.evaluation.checker: Criterion 'run_command' score: 1.00
2026-07-28 06:15:01 [INFO] coder_eval.orchestrator: Success criteria: 3/3 passed, weighted score: 1.000
2026-07-28 06:15:01 [WARNING] coder_eval.orchestrator: Visible turns (22) exceeded expected_turns (16) at iteration 1 for task skill-bpmn-message-catch. Run continues — max_turns remains the hard cap.
2026-07-28 06:15:01 [DEBUG] coder_eval.utils: Resolved @uipath plugin-tools dir=/usr/lib/node_modules/@uipath from `uip` at /usr/lib/node_modules/@uipath/cli/dist/index.js
2026-07-28 06:15:01 [INFO] coder_eval.orchestrator: Running post-run command: find . -maxdepth 5 -type d \( -name node_modules -o -name .npm-prefix -o -name .venv \) -prune -exec rm -rf {} +
2026-07-28 06:15:01 [INFO] coder_eval.orchestrator: Sandbox preserved (in-place): /work/output/artifacts/skill-bpmn-message-catch
2026-07-28 06:15:01 [INFO] coder_eval.orchestrator: Task finished: status=SUCCESS duration=237.4s score=1.000 iterations=1


================================================================================
TASK: default/skill-bpmn-message-send-receive-pair/00
================================================================================

2026-07-28 06:10:02 [DEBUG] coder_eval.utils: Resolved @uipath plugin-tools dir=/usr/lib/node_modules/@uipath from `uip` at /usr/lib/node_modules/@uipath/cli/dist/index.js
2026-07-28 06:10:02 [INFO] coder_eval.orchestrator: API routing: aws_bedrock
2026-07-28 06:10:02 [DEBUG] coder_eval.criteria: Discovered 14 criterion checkers
2026-07-28 06:10:02 [DEBUG] coder_eval.criteria: Validated 14 criterion checkers
2026-07-28 06:10:02 [DEBUG] coder_eval.utils: Resolved @uipath plugin-tools dir=/usr/lib/node_modules/@uipath from `uip` at /usr/lib/node_modules/@uipath/cli/dist/index.js
2026-07-28 06:10:02 [DEBUG] coder_eval.orchestrator: Sending prompt: Load and follow the uipath-maestro-bpmn skill.

Author a single Maestro BPMN file `OrderCoordination...
2026-07-28 06:10:02 [DEBUG] coder_eval.agents.claude_code_agent: [coder] Starting agent query stream...
2026-07-28 06:15:25 [DEBUG] coder_eval.agents.claude_code_agent: [coder] session_id changed: None -> 05a75a3f-09bc-46c4-8826-0844907ef0a9
2026-07-28 06:15:25 [DEBUG] coder_eval.agents.claude_code_agent: [coder] Agent query stream ended
2026-07-28 06:15:25 [DEBUG] coder_eval.utils: Resolved @uipath plugin-tools dir=/usr/lib/node_modules/@uipath from `uip` at /usr/lib/node_modules/@uipath/cli/dist/index.js
2026-07-28 06:15:25 [DEBUG] coder_eval.orchestrator: Agent response received (4322 chars)
2026-07-28 06:15:25 [DEBUG] coder_eval.orchestrator: Checking success criteria
2026-07-28 06:15:25 [DEBUG] coder_eval.evaluation.checker: Criterion 'file_exists' score: 1.00
2026-07-28 06:15:25 [DEBUG] coder_eval.evaluation.checker: Criterion 'command_executed' score: 1.00
2026-07-28 06:15:25 [DEBUG] coder_eval.evaluation.checker: Criterion 'file_contains' score: 1.00
2026-07-28 06:15:25 [DEBUG] coder_eval.criteria.run_command: Running command for criterion 'Send/receive wrappers on the right host events share a consistent message reference, fully shaped': python3 $TASK_DIR/check_message_send_receive_pair.py
2026-07-28 06:15:25 [DEBUG] coder_eval.sandbox: Command 'python3 $TASK_DIR/check_message_send_receive_pair.py' exited with code 0
2026-07-28 06:15:25 [DEBUG] coder_eval.sandbox: STDOUT:
---
OK: OrderCoordination.bpmn pairs a Maestro send and receive message event on a consistent reference 'OrderReady'
---
2026-07-28 06:15:25 [DEBUG] coder_eval.evaluation.checker: Criterion 'run_command' score: 1.00
2026-07-28 06:15:25 [INFO] coder_eval.orchestrator: Success criteria: 4/4 passed, weighted score: 1.000
2026-07-28 06:15:25 [WARNING] coder_eval.orchestrator: Visible turns (38) exceeded expected_turns (20) at iteration 1 for task skill-bpmn-message-send-receive-pair. Run continues — max_turns remains the hard cap.
2026-07-28 06:15:25 [DEBUG] coder_eval.utils: Resolved @uipath plugin-tools dir=/usr/lib/node_modules/@uipath from `uip` at /usr/lib/node_modules/@uipath/cli/dist/index.js
2026-07-28 06:15:25 [INFO] coder_eval.orchestrator: Running post-run command: find . -maxdepth 5 -type d \( -name node_modules -o -name .npm-prefix -o -name .venv \) -prune -exec rm -rf {} +
2026-07-28 06:15:25 [INFO] coder_eval.orchestrator: Sandbox preserved (in-place): /work/output/artifacts/skill-bpmn-message-send-receive-pair
2026-07-28 06:15:25 [INFO] coder_eval.orchestrator: Task finished: status=SUCCESS duration=324.7s score=1.000 iterations=1


================================================================================
TASK: default/skill-bpmn-multi-city-weather/00
================================================================================

2026-07-28 06:08:36 [DEBUG] coder_eval.utils: Resolved @uipath plugin-tools dir=/usr/lib/node_modules/@uipath from `uip` at /usr/lib/node_modules/@uipath/cli/dist/index.js
2026-07-28 06:08:36 [INFO] coder_eval.orchestrator: API routing: aws_bedrock
2026-07-28 06:08:36 [DEBUG] coder_eval.criteria: Discovered 14 criterion checkers
2026-07-28 06:08:36 [DEBUG] coder_eval.criteria: Validated 14 criterion checkers
2026-07-28 06:08:36 [DEBUG] coder_eval.utils: Resolved @uipath plugin-tools dir=/usr/lib/node_modules/@uipath from `uip` at /usr/lib/node_modules/@uipath/cli/dist/index.js
2026-07-28 06:08:37 [DEBUG] coder_eval.orchestrator: Sending prompt: Load and follow the uipath-maestro-bpmn skill.

Author a local Maestro BPMN project named "MultiCity...
2026-07-28 06:08:37 [DEBUG] coder_eval.agents.claude_code_agent: [coder] Starting agent query stream...
2026-07-28 06:17:52 [DEBUG] coder_eval.agents.claude_code_agent: [coder] session_id changed: None -> fe1c8994-d8cd-4285-8517-82b5b30431de
2026-07-28 06:17:52 [DEBUG] coder_eval.agents.claude_code_agent: [coder] Agent query stream ended
2026-07-28 06:17:52 [DEBUG] coder_eval.utils: Resolved @uipath plugin-tools dir=/usr/lib/node_modules/@uipath from `uip` at /usr/lib/node_modules/@uipath/cli/dist/index.js
2026-07-28 06:17:52 [DEBUG] coder_eval.orchestrator: Agent response received (5256 chars)
2026-07-28 06:17:52 [DEBUG] coder_eval.orchestrator: Checking success criteria
2026-07-28 06:17:52 [DEBUG] coder_eval.evaluation.checker: Criterion 'file_exists' score: 1.00
2026-07-28 06:17:52 [DEBUG] coder_eval.evaluation.checker: Criterion 'file_contains' score: 1.00
2026-07-28 06:17:52 [DEBUG] coder_eval.criteria.run_command: Running command for criterion 'BPMN has a parallel multi-instance marker with a bound cities collection and valid DI': python3 $TASK_DIR/check_multi_city_weather.py
2026-07-28 06:17:52 [DEBUG] coder_eval.sandbox: Command 'python3 $TASK_DIR/check_multi_city_weather.py' exited with code 0
2026-07-28 06:17:52 [DEBUG] coder_eval.sandbox: STDOUT:
---
OK: MultiCityWeatherBpmn/MultiCityWeatherBpmn.bpmn classifies cities through a parallel multi-instance script task
---
2026-07-28 06:17:52 [DEBUG] coder_eval.evaluation.checker: Criterion 'run_command' score: 1.00
2026-07-28 06:17:52 [INFO] coder_eval.orchestrator: Success criteria: 3/3 passed, weighted score: 1.000
2026-07-28 06:17:52 [DEBUG] coder_eval.utils: Resolved @uipath plugin-tools dir=/usr/lib/node_modules/@uipath from `uip` at /usr/lib/node_modules/@uipath/cli/dist/index.js
2026-07-28 06:17:52 [INFO] coder_eval.orchestrator: Running post-run command: find . -maxdepth 5 -type d \( -name node_modules -o -name .npm-prefix -o -name .venv \) -prune -exec rm -rf {} +
2026-07-28 06:17:52 [INFO] coder_eval.orchestrator: Sandbox preserved (in-place): /work/output/artifacts/skill-bpmn-multi-city-weather
2026-07-28 06:17:52 [INFO] coder_eval.orchestrator: Task finished: status=SUCCESS duration=556.8s score=1.000 iterations=1


================================================================================
TASK: default/skill-bpmn-operate-diagnose-minimal-fault-triage/00
================================================================================

2026-07-28 06:07:16 [DEBUG] coder_eval.utils: Resolved @uipath plugin-tools dir=/usr/lib/node_modules/@uipath from `uip` at /usr/lib/node_modules/@uipath/cli/dist/index.js
2026-07-28 06:07:16 [INFO] coder_eval.orchestrator: API routing: aws_bedrock
2026-07-28 06:07:16 [DEBUG] coder_eval.criteria: Discovered 14 criterion checkers
2026-07-28 06:07:16 [DEBUG] coder_eval.criteria: Validated 14 criterion checkers
2026-07-28 06:07:16 [DEBUG] coder_eval.utils: Resolved @uipath plugin-tools dir=/usr/lib/node_modules/@uipath from `uip` at /usr/lib/node_modules/@uipath/cli/dist/index.js
2026-07-28 06:07:16 [DEBUG] coder_eval.orchestrator: Sending prompt: A UiPath Maestro BPMN process run failed. Diagnose it using the mocked `uip`
CLI responses already a...
2026-07-28 06:07:16 [DEBUG] coder_eval.agents.claude_code_agent: [coder] Starting agent query stream...
2026-07-28 06:08:48 [DEBUG] coder_eval.agents.claude_code_agent: [coder] session_id changed: None -> 61dc92d4-c186-46cf-9946-7cea57df919b
2026-07-28 06:08:48 [DEBUG] coder_eval.agents.claude_code_agent: [coder] Agent query stream ended
2026-07-28 06:08:48 [DEBUG] coder_eval.utils: `uip` at /work/output/artifacts/skill-bpmn-operate-diagnose-minimal-fault-triage/mocks/uip is not inside a recognizable node_modules/@uipath tree
2026-07-28 06:08:48 [DEBUG] coder_eval.orchestrator: Agent response received (3337 chars)
2026-07-28 06:08:48 [DEBUG] coder_eval.orchestrator: Checking success criteria
2026-07-28 06:08:48 [DEBUG] coder_eval.evaluation.checker: Criterion 'command_executed' score: 1.00
2026-07-28 06:08:48 [DEBUG] coder_eval.evaluation.checker: Criterion 'command_executed' score: 1.00
2026-07-28 06:08:48 [DEBUG] coder_eval.evaluation.checker: Criterion 'command_executed' score: 1.00
2026-07-28 06:08:48 [DEBUG] coder_eval.evaluation.checker: Criterion 'command_executed' score: 1.00
2026-07-28 06:08:48 [DEBUG] coder_eval.evaluation.checker: Criterion 'file_contains' score: 1.00
2026-07-28 06:08:48 [DEBUG] coder_eval.evaluation.judge_context: judge_context: include_reference=True but reference not set
2026-07-28 06:08:54 [DEBUG] coder_eval.evaluation.checker: Criterion 'llm_judge' score: 1.00
2026-07-28 06:08:54 [INFO] coder_eval.orchestrator: Success criteria: 6/6 passed, weighted score: 1.000
2026-07-28 06:08:54 [WARNING] coder_eval.orchestrator: Visible turns (18) exceeded expected_turns (16) at iteration 1 for task skill-bpmn-operate-diagnose-minimal-fault-triage. Run continues — max_turns remains the hard cap.
2026-07-28 06:08:54 [DEBUG] coder_eval.utils: `uip` at /work/output/artifacts/skill-bpmn-operate-diagnose-minimal-fault-triage/mocks/uip is not inside a recognizable node_modules/@uipath tree
2026-07-28 06:08:54 [INFO] coder_eval.orchestrator: Running post-run command: find . -maxdepth 5 -type d \( -name node_modules -o -name .npm-prefix -o -name .venv \) -prune -exec rm -rf {} +
2026-07-28 06:08:54 [INFO] coder_eval.orchestrator: Sandbox preserved (in-place): /work/output/artifacts/skill-bpmn-operate-diagnose-minimal-fault-triage
2026-07-28 06:08:54 [INFO] coder_eval.orchestrator: Task finished: status=SUCCESS duration=99.0s score=1.000 iterations=1
2026-07-28 06:08:54 [DEBUG] coder_eval.evaluation.judge_persistence: spilled 1 judge transcript(s) to /work/output


================================================================================
TASK: default/skill-bpmn-parallel-fork-join/00
================================================================================

2026-07-28 06:05:34 [DEBUG] coder_eval.utils: Resolved @uipath plugin-tools dir=/usr/lib/node_modules/@uipath from `uip` at /usr/lib/node_modules/@uipath/cli/dist/index.js
2026-07-28 06:05:34 [INFO] coder_eval.orchestrator: API routing: aws_bedrock
2026-07-28 06:05:34 [DEBUG] coder_eval.criteria: Discovered 14 criterion checkers
2026-07-28 06:05:34 [DEBUG] coder_eval.criteria: Validated 14 criterion checkers
2026-07-28 06:05:34 [DEBUG] coder_eval.utils: Resolved @uipath plugin-tools dir=/usr/lib/node_modules/@uipath from `uip` at /usr/lib/node_modules/@uipath/cli/dist/index.js
2026-07-28 06:05:35 [DEBUG] coder_eval.orchestrator: Sending prompt: Load and follow the uipath-maestro-bpmn skill.

Author a single Maestro BPMN file `ParallelSync.bpmn...
2026-07-28 06:05:35 [DEBUG] coder_eval.agents.claude_code_agent: [coder] Starting agent query stream...
2026-07-28 06:07:12 [DEBUG] coder_eval.agents.claude_code_agent: [coder] session_id changed: None -> 8f725f9a-b270-4221-afb2-538a6b173a57
2026-07-28 06:07:12 [DEBUG] coder_eval.agents.claude_code_agent: [coder] Agent query stream ended
2026-07-28 06:07:12 [DEBUG] coder_eval.utils: Resolved @uipath plugin-tools dir=/usr/lib/node_modules/@uipath from `uip` at /usr/lib/node_modules/@uipath/cli/dist/index.js
2026-07-28 06:07:12 [DEBUG] coder_eval.orchestrator: Agent response received (3442 chars)
2026-07-28 06:07:12 [DEBUG] coder_eval.orchestrator: Checking success criteria
2026-07-28 06:07:12 [DEBUG] coder_eval.evaluation.checker: Criterion 'file_exists' score: 1.00
2026-07-28 06:07:12 [DEBUG] coder_eval.evaluation.checker: Criterion 'file_contains' score: 1.00
2026-07-28 06:07:12 [DEBUG] coder_eval.criteria.run_command: Running command for criterion 'BPMN forks into >=2 distinct parallel branches and synchronizes them at a join gateway, with full DI': python3 $TASK_DIR/check_fork_join.py
2026-07-28 06:07:12 [DEBUG] coder_eval.sandbox: Command 'python3 $TASK_DIR/check_fork_join.py' exited with code 0
2026-07-28 06:07:12 [DEBUG] coder_eval.sandbox: STDOUT:
---
OK: ParallelSync.bpmn forks into parallel branches and synchronizes them at a join gateway
---
2026-07-28 06:07:12 [DEBUG] coder_eval.evaluation.checker: Criterion 'run_command' score: 1.00
2026-07-28 06:07:12 [INFO] coder_eval.orchestrator: Success criteria: 3/3 passed, weighted score: 1.000
2026-07-28 06:07:12 [DEBUG] coder_eval.utils: Resolved @uipath plugin-tools dir=/usr/lib/node_modules/@uipath from `uip` at /usr/lib/node_modules/@uipath/cli/dist/index.js
2026-07-28 06:07:12 [INFO] coder_eval.orchestrator: Running post-run command: find . -maxdepth 5 -type d \( -name node_modules -o -name .npm-prefix -o -name .venv \) -prune -exec rm -rf {} +
2026-07-28 06:07:12 [INFO] coder_eval.orchestrator: Sandbox preserved (in-place): /work/output/artifacts/skill-bpmn-parallel-fork-join
2026-07-28 06:07:12 [INFO] coder_eval.orchestrator: Task finished: status=SUCCESS duration=106.6s score=1.000 iterations=1


================================================================================
TASK: default/skill-bpmn-queue-create-and-wait/00
================================================================================

2026-07-28 06:06:40 [DEBUG] coder_eval.utils: Resolved @uipath plugin-tools dir=/usr/lib/node_modules/@uipath from `uip` at /usr/lib/node_modules/@uipath/cli/dist/index.js
2026-07-28 06:06:40 [INFO] coder_eval.orchestrator: API routing: aws_bedrock
2026-07-28 06:06:40 [DEBUG] coder_eval.criteria: Discovered 14 criterion checkers
2026-07-28 06:06:40 [DEBUG] coder_eval.criteria: Validated 14 criterion checkers
2026-07-28 06:06:40 [DEBUG] coder_eval.utils: Resolved @uipath plugin-tools dir=/usr/lib/node_modules/@uipath from `uip` at /usr/lib/node_modules/@uipath/cli/dist/index.js
2026-07-28 06:06:40 [DEBUG] coder_eval.orchestrator: Sending prompt: Load and follow the uipath-maestro-bpmn skill.

Author a local Maestro BPMN project named "QueueCrea...
2026-07-28 06:06:40 [DEBUG] coder_eval.agents.claude_code_agent: [coder] Starting agent query stream...
2026-07-28 06:10:18 [WARNING] coder_eval.agents.claude_code_agent: [coder] Tool use blocked: Bash (id=toolu_bdrk_01Xf5ubttd4etbeCox9nKpsj) - permission denied. Error: Exit code 1
chmod: changing permissions of '/home/azureuser/projects/skills/skills/uipath-maestro-bpmn/validator': Read-only file system
2026-07-28 06:10:44 [DEBUG] coder_eval.agents.claude_code_agent: [coder] session_id changed: None -> 3ba7b94f-7462-408b-bb2c-289032a738e3
2026-07-28 06:10:44 [DEBUG] coder_eval.agents.claude_code_agent: [coder] Agent query stream ended
2026-07-28 06:10:44 [DEBUG] coder_eval.utils: Resolved @uipath plugin-tools dir=/usr/lib/node_modules/@uipath from `uip` at /usr/lib/node_modules/@uipath/cli/dist/index.js
2026-07-28 06:10:44 [DEBUG] coder_eval.orchestrator: Agent response received (5740 chars)
2026-07-28 06:10:44 [DEBUG] coder_eval.orchestrator: Checking success criteria
2026-07-28 06:10:44 [DEBUG] coder_eval.evaluation.checker: Criterion 'file_exists' score: 1.00
2026-07-28 06:10:44 [DEBUG] coder_eval.evaluation.checker: Criterion 'command_executed' score: 1.00
2026-07-28 06:10:44 [DEBUG] coder_eval.criteria.run_command: Running command for criterion 'CreateAndWaitForQueueItem hosted on a serviceTask with bound input + captured output': python3 $TASK_DIR/check_queue_create_and_wait.py
2026-07-28 06:10:44 [DEBUG] coder_eval.sandbox: Command 'python3 $TASK_DIR/check_queue_create_and_wait.py' exited with code 0
2026-07-28 06:10:44 [DEBUG] coder_eval.sandbox: STDOUT:
---
OK: QueueCreateAndWaitBpmn/QueueCreateAndWaitBpmn.bpmn hosts Orchestrator.CreateAndWaitForQueueItem on a serviceTask with bound input and captured output
---
2026-07-28 06:10:44 [DEBUG] coder_eval.evaluation.checker: Criterion 'run_command' score: 1.00
2026-07-28 06:10:44 [INFO] coder_eval.orchestrator: Success criteria: 3/3 passed, weighted score: 1.000
2026-07-28 06:10:44 [WARNING] coder_eval.orchestrator: Visible turns (22) exceeded expected_turns (18) at iteration 1 for task skill-bpmn-queue-create-and-wait. Run continues — max_turns remains the hard cap.
2026-07-28 06:10:44 [DEBUG] coder_eval.utils: Resolved @uipath plugin-tools dir=/usr/lib/node_modules/@uipath from `uip` at /usr/lib/node_modules/@uipath/cli/dist/index.js
2026-07-28 06:10:44 [INFO] coder_eval.orchestrator: Running post-run command: find . -maxdepth 5 -type d \( -name node_modules -o -name .npm-prefix -o -name .venv \) -prune -exec rm -rf {} +
2026-07-28 06:10:44 [INFO] coder_eval.orchestrator: Sandbox preserved (in-place): /work/output/artifacts/skill-bpmn-queue-create-and-wait
2026-07-28 06:10:44 [INFO] coder_eval.orchestrator: Task finished: status=SUCCESS duration=245.7s score=1.000 iterations=1


================================================================================
TASK: default/skill-bpmn-reading-list/00
================================================================================

2026-07-28 06:07:59 [DEBUG] coder_eval.utils: Resolved @uipath plugin-tools dir=/usr/lib/node_modules/@uipath from `uip` at /usr/lib/node_modules/@uipath/cli/dist/index.js
2026-07-28 06:07:59 [INFO] coder_eval.orchestrator: API routing: aws_bedrock
2026-07-28 06:07:59 [DEBUG] coder_eval.criteria: Discovered 14 criterion checkers
2026-07-28 06:07:59 [DEBUG] coder_eval.criteria: Validated 14 criterion checkers
2026-07-28 06:07:59 [DEBUG] coder_eval.utils: Resolved @uipath plugin-tools dir=/usr/lib/node_modules/@uipath from `uip` at /usr/lib/node_modules/@uipath/cli/dist/index.js
2026-07-28 06:07:59 [DEBUG] coder_eval.orchestrator: Sending prompt: Load and follow the uipath-maestro-bpmn skill.

Author a local Maestro BPMN project named "ReadingLi...
2026-07-28 06:07:59 [DEBUG] coder_eval.agents.claude_code_agent: [coder] Starting agent query stream...
2026-07-28 06:17:18 [DEBUG] coder_eval.agents.claude_code_agent: [coder] session_id changed: None -> 12387ea8-c739-4dd4-ad59-c097aafda515
2026-07-28 06:17:18 [DEBUG] coder_eval.agents.claude_code_agent: [coder] Agent query stream ended
2026-07-28 06:17:18 [DEBUG] coder_eval.utils: Resolved @uipath plugin-tools dir=/usr/lib/node_modules/@uipath from `uip` at /usr/lib/node_modules/@uipath/cli/dist/index.js
2026-07-28 06:17:18 [DEBUG] coder_eval.orchestrator: Agent response received (4590 chars)
2026-07-28 06:17:18 [DEBUG] coder_eval.orchestrator: Checking success criteria
2026-07-28 06:17:18 [DEBUG] coder_eval.evaluation.checker: Criterion 'file_exists' score: 1.00
2026-07-28 06:17:18 [DEBUG] coder_eval.criteria.run_command: Running command for criterion 'BPMN has distinct filter and map script tasks over the catalog and valid DI': python3 $TASK_DIR/check_reading_list.py
2026-07-28 06:17:18 [DEBUG] coder_eval.sandbox: Command 'python3 $TASK_DIR/check_reading_list.py' exited with code 0
2026-07-28 06:17:18 [DEBUG] coder_eval.sandbox: STDOUT:
---
OK: ReadingListBpmn/ReadingListBpmn.bpmn curates the catalog through distinct filter and map script tasks
---
2026-07-28 06:17:18 [DEBUG] coder_eval.evaluation.checker: Criterion 'run_command' score: 1.00
2026-07-28 06:17:18 [INFO] coder_eval.orchestrator: Success criteria: 2/2 passed, weighted score: 1.000
2026-07-28 06:17:18 [DEBUG] coder_eval.utils: Resolved @uipath plugin-tools dir=/usr/lib/node_modules/@uipath from `uip` at /usr/lib/node_modules/@uipath/cli/dist/index.js
2026-07-28 06:17:18 [INFO] coder_eval.orchestrator: Running post-run command: find . -maxdepth 5 -type d \( -name node_modules -o -name .npm-prefix -o -name .venv \) -prune -exec rm -rf {} +
2026-07-28 06:17:18 [INFO] coder_eval.orchestrator: Sandbox preserved (in-place): /work/output/artifacts/skill-bpmn-reading-list
2026-07-28 06:17:18 [INFO] coder_eval.orchestrator: Task finished: status=SUCCESS duration=561.0s score=1.000 iterations=1


================================================================================
TASK: default/skill-bpmn-registry-discovery/00
================================================================================

2026-07-28 06:10:46 [DEBUG] coder_eval.utils: Resolved @uipath plugin-tools dir=/usr/lib/node_modules/@uipath from `uip` at /usr/lib/node_modules/@uipath/cli/dist/index.js
2026-07-28 06:10:46 [INFO] coder_eval.orchestrator: API routing: aws_bedrock
2026-07-28 06:10:46 [DEBUG] coder_eval.criteria: Discovered 14 criterion checkers
2026-07-28 06:10:46 [DEBUG] coder_eval.criteria: Validated 14 criterion checkers
2026-07-28 06:10:46 [DEBUG] coder_eval.utils: Resolved @uipath plugin-tools dir=/usr/lib/node_modules/@uipath from `uip` at /usr/lib/node_modules/@uipath/cli/dist/index.js
2026-07-28 06:10:47 [DEBUG] coder_eval.orchestrator: Sending prompt: Use the installed `uip` CLI's Maestro BPMN registry surface to discover the
documented wrapper surfa...
2026-07-28 06:10:47 [DEBUG] coder_eval.agents.claude_code_agent: [coder] Starting agent query stream...
2026-07-28 06:12:14 [DEBUG] coder_eval.agents.claude_code_agent: [coder] session_id changed: None -> b5099331-6e0b-477a-87cf-6257e85081a3
2026-07-28 06:12:14 [DEBUG] coder_eval.agents.claude_code_agent: [coder] Agent query stream ended
2026-07-28 06:12:14 [DEBUG] coder_eval.utils: Resolved @uipath plugin-tools dir=/usr/lib/node_modules/@uipath from `uip` at /usr/lib/node_modules/@uipath/cli/dist/index.js
2026-07-28 06:12:14 [DEBUG] coder_eval.orchestrator: Agent response received (4970 chars)
2026-07-28 06:12:14 [DEBUG] coder_eval.orchestrator: Checking success criteria
2026-07-28 06:12:14 [DEBUG] coder_eval.evaluation.checker: Criterion 'file_exists' score: 1.00
2026-07-28 06:12:14 [DEBUG] coder_eval.evaluation.checker: Criterion 'command_executed' score: 1.00
2026-07-28 06:12:14 [DEBUG] coder_eval.evaluation.checker: Criterion 'command_executed' score: 1.00
2026-07-28 06:12:14 [DEBUG] coder_eval.evaluation.checker: Criterion 'command_executed' score: 1.00
2026-07-28 06:12:14 [DEBUG] coder_eval.criteria.run_command: Running command for criterion 'Registry evidence covers documented agent, queue, and connector wrapper types': python3 $TASK_DIR/check_registry_discovery.py
2026-07-28 06:12:14 [DEBUG] coder_eval.sandbox: Command 'python3 $TASK_DIR/check_registry_discovery.py' exited with code 0
2026-07-28 06:12:14 [DEBUG] coder_eval.sandbox: STDOUT:
---
OK: registry-evidence covers agent/queue/connector wrappers across 7 files
---
2026-07-28 06:12:14 [DEBUG] coder_eval.evaluation.checker: Criterion 'run_command' score: 1.00
2026-07-28 06:12:14 [INFO] coder_eval.orchestrator: Success criteria: 5/5 passed, weighted score: 1.000
2026-07-28 06:12:14 [DEBUG] coder_eval.utils: Resolved @uipath plugin-tools dir=/usr/lib/node_modules/@uipath from `uip` at /usr/lib/node_modules/@uipath/cli/dist/index.js
2026-07-28 06:12:14 [INFO] coder_eval.orchestrator: Running post-run command: find . -maxdepth 5 -type d \( -name node_modules -o -name .npm-prefix -o -name .venv \) -prune -exec rm -rf {} +
2026-07-28 06:12:14 [INFO] coder_eval.orchestrator: Sandbox preserved (in-place): /work/output/artifacts/skill-bpmn-registry-discovery
2026-07-28 06:12:14 [INFO] coder_eval.orchestrator: Task finished: status=SUCCESS duration=88.9s score=1.000 iterations=1


================================================================================
TASK: default/skill-bpmn-rpa-job/00
================================================================================

2026-07-28 06:10:29 [DEBUG] coder_eval.utils: Resolved @uipath plugin-tools dir=/usr/lib/node_modules/@uipath from `uip` at /usr/lib/node_modules/@uipath/cli/dist/index.js
2026-07-28 06:10:29 [INFO] coder_eval.orchestrator: API routing: aws_bedrock
2026-07-28 06:10:29 [DEBUG] coder_eval.criteria: Discovered 14 criterion checkers
2026-07-28 06:10:29 [DEBUG] coder_eval.criteria: Validated 14 criterion checkers
2026-07-28 06:10:29 [DEBUG] coder_eval.utils: Resolved @uipath plugin-tools dir=/usr/lib/node_modules/@uipath from `uip` at /usr/lib/node_modules/@uipath/cli/dist/index.js
2026-07-28 06:10:29 [DEBUG] coder_eval.orchestrator: Sending prompt: Load and follow the uipath-maestro-bpmn skill.

Create a local BPMN project named "InvoiceExtraction...
2026-07-28 06:10:29 [DEBUG] coder_eval.agents.claude_code_agent: [coder] Starting agent query stream...
2026-07-28 06:12:42 [DEBUG] coder_eval.agents.claude_code_agent: [coder] session_id changed: None -> f55fbcb3-d2fb-46da-bb66-09b3af5c8ced
2026-07-28 06:12:42 [DEBUG] coder_eval.agents.claude_code_agent: [coder] Agent query stream ended
2026-07-28 06:12:42 [DEBUG] coder_eval.utils: Resolved @uipath plugin-tools dir=/usr/lib/node_modules/@uipath from `uip` at /usr/lib/node_modules/@uipath/cli/dist/index.js
2026-07-28 06:12:42 [DEBUG] coder_eval.orchestrator: Agent response received (6280 chars)
2026-07-28 06:12:42 [DEBUG] coder_eval.orchestrator: Checking success criteria
2026-07-28 06:12:42 [DEBUG] coder_eval.evaluation.checker: Criterion 'file_exists' score: 1.00
2026-07-28 06:12:42 [DEBUG] coder_eval.evaluation.checker: Criterion 'command_executed' score: 1.00
2026-07-28 06:12:42 [DEBUG] coder_eval.criteria.run_command: Running command for criterion 'RPA job serviceTask uses Orchestrator.StartJob with input and a declared output variable': python3 $TASK_DIR/check_rpa_job.py
2026-07-28 06:12:42 [DEBUG] coder_eval.sandbox: Command 'python3 $TASK_DIR/check_rpa_job.py' exited with code 0
2026-07-28 06:12:42 [DEBUG] coder_eval.sandbox: STDOUT:
---
OK: InvoiceExtractionRpa/InvoiceExtractionRpa.bpmn wires Orchestrator.StartJob with bound input and output variable
---
2026-07-28 06:12:42 [DEBUG] coder_eval.evaluation.checker: Criterion 'run_command' score: 1.00
2026-07-28 06:12:42 [INFO] coder_eval.orchestrator: Success criteria: 3/3 passed, weighted score: 1.000
2026-07-28 06:12:42 [DEBUG] coder_eval.utils: Resolved @uipath plugin-tools dir=/usr/lib/node_modules/@uipath from `uip` at /usr/lib/node_modules/@uipath/cli/dist/index.js
2026-07-28 06:12:42 [INFO] coder_eval.orchestrator: Running post-run command: find . -maxdepth 5 -type d \( -name node_modules -o -name .npm-prefix -o -name .venv \) -prune -exec rm -rf {} +
2026-07-28 06:12:42 [INFO] coder_eval.orchestrator: Sandbox preserved (in-place): /work/output/artifacts/skill-bpmn-rpa-job
2026-07-28 06:12:42 [INFO] coder_eval.orchestrator: Task finished: status=SUCCESS duration=134.4s score=1.000 iterations=1


================================================================================
TASK: default/skill-bpmn-safety-sanitize/00
================================================================================

2026-07-28 06:10:44 [DEBUG] coder_eval.utils: Resolved @uipath plugin-tools dir=/usr/lib/node_modules/@uipath from `uip` at /usr/lib/node_modules/@uipath/cli/dist/index.js
2026-07-28 06:10:44 [INFO] coder_eval.orchestrator: API routing: aws_bedrock
2026-07-28 06:10:44 [DEBUG] coder_eval.criteria: Discovered 14 criterion checkers
2026-07-28 06:10:44 [DEBUG] coder_eval.criteria: Validated 14 criterion checkers
2026-07-28 06:10:44 [DEBUG] coder_eval.utils: Resolved @uipath plugin-tools dir=/usr/lib/node_modules/@uipath from `uip` at /usr/lib/node_modules/@uipath/cli/dist/index.js
2026-07-28 06:10:44 [DEBUG] coder_eval.orchestrator: Sending prompt: Load and follow the uipath-maestro-bpmn skill, and apply its public-safety
rules (references/public-...
2026-07-28 06:10:44 [DEBUG] coder_eval.agents.claude_code_agent: [coder] Starting agent query stream...
2026-07-28 06:11:37 [DEBUG] coder_eval.agents.claude_code_agent: [coder] session_id changed: None -> b6626fd5-d538-4973-8178-fedbb80d5da2
2026-07-28 06:11:37 [DEBUG] coder_eval.agents.claude_code_agent: [coder] Agent query stream ended
2026-07-28 06:11:37 [DEBUG] coder_eval.utils: Resolved @uipath plugin-tools dir=/usr/lib/node_modules/@uipath from `uip` at /usr/lib/node_modules/@uipath/cli/dist/index.js
2026-07-28 06:11:37 [DEBUG] coder_eval.orchestrator: Agent response received (2975 chars)
2026-07-28 06:11:37 [DEBUG] coder_eval.orchestrator: Checking success criteria
2026-07-28 06:11:37 [DEBUG] coder_eval.evaluation.checker: Criterion 'file_exists' score: 1.00
2026-07-28 06:11:37 [DEBUG] coder_eval.evaluation.checker: Criterion 'file_contains' score: 1.00
2026-07-28 06:11:37 [DEBUG] coder_eval.evaluation.checker: Criterion 'file_contains' score: 1.00
2026-07-28 06:11:37 [DEBUG] coder_eval.criteria.run_command: Running command for criterion 'No seeded private data remains, no real tenant host, placeholders adopted, graph intact': python3 $TASK_DIR/check_sanitize.py
2026-07-28 06:11:37 [DEBUG] coder_eval.sandbox: Command 'python3 $TASK_DIR/check_sanitize.py' exited with code 0
2026-07-28 06:11:37 [DEBUG] coder_eval.sandbox: STDOUT:
---
OK: CustomerExport.bpmn sanitized — no seeded private data remains and the graph is intact
---
2026-07-28 06:11:37 [DEBUG] coder_eval.evaluation.checker: Criterion 'run_command' score: 1.00
2026-07-28 06:11:37 [INFO] coder_eval.orchestrator: Success criteria: 4/4 passed, weighted score: 1.000
2026-07-28 06:11:37 [DEBUG] coder_eval.utils: Resolved @uipath plugin-tools dir=/usr/lib/node_modules/@uipath from `uip` at /usr/lib/node_modules/@uipath/cli/dist/index.js
2026-07-28 06:11:37 [INFO] coder_eval.orchestrator: Running post-run command: find . -maxdepth 5 -type d \( -name node_modules -o -name .npm-prefix -o -name .venv \) -prune -exec rm -rf {} +
2026-07-28 06:11:37 [INFO] coder_eval.orchestrator: Sandbox preserved (in-place): /work/output/artifacts/skill-bpmn-safety-sanitize
2026-07-28 06:11:37 [INFO] coder_eval.orchestrator: Task finished: status=SUCCESS duration=54.3s score=1.000 iterations=1


================================================================================
TASK: default/skill-bpmn-script-jint-guidance/00
================================================================================

2026-07-28 06:05:33 [DEBUG] coder_eval.utils: Resolved @uipath plugin-tools dir=/usr/lib/node_modules/@uipath from `uip` at /usr/lib/node_modules/@uipath/cli/dist/index.js
2026-07-28 06:05:33 [INFO] coder_eval.orchestrator: API routing: aws_bedrock
2026-07-28 06:05:33 [DEBUG] coder_eval.criteria: Discovered 14 criterion checkers
2026-07-28 06:05:33 [DEBUG] coder_eval.criteria: Validated 14 criterion checkers
2026-07-28 06:05:33 [DEBUG] coder_eval.utils: Resolved @uipath plugin-tools dir=/usr/lib/node_modules/@uipath from `uip` at /usr/lib/node_modules/@uipath/cli/dist/index.js
2026-07-28 06:05:34 [DEBUG] coder_eval.orchestrator: Sending prompt: Create a local BPMN project named "RiskScoreScriptBpmn".
The process should manually start with `amo...
2026-07-28 06:05:34 [DEBUG] coder_eval.agents.claude_code_agent: [coder] Starting agent query stream...
2026-07-28 06:08:37 [DEBUG] coder_eval.agents.claude_code_agent: [coder] session_id changed: None -> cd14b9a1-6e7d-42de-ab44-185c2575e22a
2026-07-28 06:08:37 [DEBUG] coder_eval.agents.claude_code_agent: [coder] Agent query stream ended
2026-07-28 06:08:37 [DEBUG] coder_eval.utils: Resolved @uipath plugin-tools dir=/usr/lib/node_modules/@uipath from `uip` at /usr/lib/node_modules/@uipath/cli/dist/index.js
2026-07-28 06:08:37 [DEBUG] coder_eval.orchestrator: Agent response received (4639 chars)
2026-07-28 06:08:37 [DEBUG] coder_eval.orchestrator: Checking success criteria
2026-07-28 06:08:37 [DEBUG] coder_eval.criteria.run_command: Running command for criterion 'BPMN source was created': find . -type f -name '*.bpmn' -path '*RiskScoreScriptBpmn*' | grep -q .
2026-07-28 06:08:37 [DEBUG] coder_eval.sandbox: Command 'find . -type f -name '*.bpmn' -path '*RiskScoreScriptBpmn*' | grep -q .' exited with code 0
2026-07-28 06:08:37 [DEBUG] coder_eval.evaluation.checker: Criterion 'run_command' score: 1.00
2026-07-28 06:08:37 [DEBUG] coder_eval.criteria.run_command: Running command for criterion 'Script task follows Jint-compatible BPMN guidance': python3 $TASK_DIR/check_script_jint_guidance.py
2026-07-28 06:08:37 [DEBUG] coder_eval.sandbox: Command 'python3 $TASK_DIR/check_script_jint_guidance.py' exited with code 0
2026-07-28 06:08:37 [DEBUG] coder_eval.sandbox: STDOUT:
---
OK: RiskScoreScriptBpmnSolution/RiskScoreScriptBpmn/RiskScoreScriptBpmn.bpmn contains a Jint-compatible BPMN script task
---
2026-07-28 06:08:37 [DEBUG] coder_eval.evaluation.checker: Criterion 'run_command' score: 1.00
2026-07-28 06:08:37 [INFO] coder_eval.orchestrator: Success criteria: 2/2 passed, weighted score: 1.000
2026-07-28 06:08:37 [WARNING] coder_eval.orchestrator: Visible turns (18) exceeded expected_turns (15) at iteration 1 for task skill-bpmn-script-jint-guidance. Run continues — max_turns remains the hard cap.
2026-07-28 06:08:37 [DEBUG] coder_eval.utils: Resolved @uipath plugin-tools dir=/usr/lib/node_modules/@uipath from `uip` at /usr/lib/node_modules/@uipath/cli/dist/index.js
2026-07-28 06:08:37 [INFO] coder_eval.orchestrator: Running post-run command: find . -maxdepth 5 -type d \( -name node_modules -o -name .npm-prefix -o -name .venv \) -prune -exec rm -rf {} +
2026-07-28 06:08:37 [INFO] coder_eval.orchestrator: Sandbox preserved (in-place): /work/output/artifacts/skill-bpmn-script-jint-guidance
2026-07-28 06:08:37 [INFO] coder_eval.orchestrator: Task finished: status=SUCCESS duration=192.6s score=1.000 iterations=1


================================================================================
TASK: default/skill-bpmn-script-jint-lifecycle/00
================================================================================

2026-07-28 06:05:38 [DEBUG] coder_eval.utils: Resolved @uipath plugin-tools dir=/usr/lib/node_modules/@uipath from `uip` at /usr/lib/node_modules/@uipath/cli/dist/index.js
2026-07-28 06:05:38 [INFO] coder_eval.orchestrator: API routing: aws_bedrock
2026-07-28 06:05:38 [DEBUG] coder_eval.criteria: Discovered 14 criterion checkers
2026-07-28 06:05:38 [DEBUG] coder_eval.criteria: Validated 14 criterion checkers
2026-07-28 06:05:38 [DEBUG] coder_eval.utils: Resolved @uipath plugin-tools dir=/usr/lib/node_modules/@uipath from `uip` at /usr/lib/node_modules/@uipath/cli/dist/index.js
2026-07-28 06:05:39 [DEBUG] coder_eval.orchestrator: Sending prompt: Create a UiPath Maestro BPMN Process Orchestration project at:
  ScriptNormalizer/ScriptNormalizer

...
2026-07-28 06:05:39 [DEBUG] coder_eval.agents.claude_code_agent: [coder] Starting agent query stream...
2026-07-28 06:11:01 [DEBUG] coder_eval.agents.claude_code_agent: [coder] session_id changed: None -> 1c90f48a-e4c3-4168-8b37-c96f4b0bb611
2026-07-28 06:11:01 [DEBUG] coder_eval.agents.claude_code_agent: [coder] Agent query stream ended
2026-07-28 06:11:01 [DEBUG] coder_eval.utils: Resolved @uipath plugin-tools dir=/usr/lib/node_modules/@uipath from `uip` at /usr/lib/node_modules/@uipath/cli/dist/index.js
2026-07-28 06:11:01 [DEBUG] coder_eval.orchestrator: Agent response received (4967 chars)
2026-07-28 06:11:01 [DEBUG] coder_eval.orchestrator: Checking success criteria
2026-07-28 06:11:01 [DEBUG] coder_eval.evaluation.checker: Criterion 'file_exists' score: 1.00
2026-07-28 06:11:01 [DEBUG] coder_eval.criteria.run_command: Running command for criterion 'Script task uses JavaScript/v3 Jint-safe source and package lifecycle files': python3 $TASK_DIR/check_script_jint_lifecycle.py
2026-07-28 06:11:01 [DEBUG] coder_eval.sandbox: Command 'python3 $TASK_DIR/check_script_jint_lifecycle.py' exited with code 0
2026-07-28 06:11:01 [DEBUG] coder_eval.sandbox: STDOUT:
---
OK: scriptTask uses JavaScript/v3 Jint-safe source and package lifecycle files
---
2026-07-28 06:11:01 [DEBUG] coder_eval.evaluation.checker: Criterion 'run_command' score: 1.00
2026-07-28 06:11:01 [INFO] coder_eval.orchestrator: Success criteria: 2/2 passed, weighted score: 1.000
2026-07-28 06:11:01 [WARNING] coder_eval.orchestrator: Visible turns (32) exceeded expected_turns (22) at iteration 1 for task skill-bpmn-script-jint-lifecycle. Run continues — max_turns remains the hard cap.
2026-07-28 06:11:01 [DEBUG] coder_eval.utils: Resolved @uipath plugin-tools dir=/usr/lib/node_modules/@uipath from `uip` at /usr/lib/node_modules/@uipath/cli/dist/index.js
2026-07-28 06:11:01 [INFO] coder_eval.orchestrator: Running post-run command: find . -maxdepth 5 -type d \( -name node_modules -o -name .npm-prefix -o -name .venv \) -prune -exec rm -rf {} +
2026-07-28 06:11:01 [INFO] coder_eval.orchestrator: Sandbox preserved (in-place): /work/output/artifacts/skill-bpmn-script-jint-lifecycle
2026-07-28 06:11:01 [INFO] coder_eval.orchestrator: Task finished: status=SUCCESS duration=331.6s score=1.000 iterations=1


================================================================================
TASK: default/skill-bpmn-script-task-filter/00
================================================================================

2026-07-28 06:05:37 [DEBUG] coder_eval.utils: Resolved @uipath plugin-tools dir=/usr/lib/node_modules/@uipath from `uip` at /usr/lib/node_modules/@uipath/cli/dist/index.js
2026-07-28 06:05:37 [INFO] coder_eval.orchestrator: API routing: aws_bedrock
2026-07-28 06:05:38 [DEBUG] coder_eval.criteria: Discovered 14 criterion checkers
2026-07-28 06:05:38 [DEBUG] coder_eval.criteria: Validated 14 criterion checkers
2026-07-28 06:05:38 [DEBUG] coder_eval.utils: Resolved @uipath plugin-tools dir=/usr/lib/node_modules/@uipath from `uip` at /usr/lib/node_modules/@uipath/cli/dist/index.js
2026-07-28 06:05:38 [DEBUG] coder_eval.orchestrator: Sending prompt: Load and follow the uipath-maestro-bpmn skill.

Author a single Maestro BPMN file `ScriptTaskFilterD...
2026-07-28 06:05:39 [DEBUG] coder_eval.agents.claude_code_agent: [coder] Starting agent query stream...
2026-07-28 06:08:32 [DEBUG] coder_eval.agents.claude_code_agent: [coder] session_id changed: None -> 05768e78-6e4c-46a6-a62b-94653e4a7a01
2026-07-28 06:08:32 [DEBUG] coder_eval.agents.claude_code_agent: [coder] Agent query stream ended
2026-07-28 06:08:32 [DEBUG] coder_eval.utils: Resolved @uipath plugin-tools dir=/usr/lib/node_modules/@uipath from `uip` at /usr/lib/node_modules/@uipath/cli/dist/index.js
2026-07-28 06:08:32 [DEBUG] coder_eval.orchestrator: Agent response received (2857 chars)
2026-07-28 06:08:32 [DEBUG] coder_eval.orchestrator: Checking success criteria
2026-07-28 06:08:32 [DEBUG] coder_eval.evaluation.checker: Criterion 'file_exists' score: 1.00
2026-07-28 06:08:32 [DEBUG] coder_eval.evaluation.checker: Criterion 'file_contains' score: 1.00
2026-07-28 06:08:32 [DEBUG] coder_eval.criteria.run_command: Running command for criterion 'BPMN has a Jint-safe scriptTask (v3, mapped I/O) implementing a filter operation, with full DI': python3 $TASK_DIR/check_script_task_filter.py
2026-07-28 06:08:32 [DEBUG] coder_eval.sandbox: Command 'python3 $TASK_DIR/check_script_task_filter.py' exited with code 0
2026-07-28 06:08:32 [DEBUG] coder_eval.sandbox: STDOUT:
---
OK: ScriptTaskFilterDemo.bpmn has a Jint-safe scriptTask performing a filter operation
---
2026-07-28 06:08:32 [DEBUG] coder_eval.evaluation.checker: Criterion 'run_command' score: 1.00
2026-07-28 06:08:32 [INFO] coder_eval.orchestrator: Success criteria: 3/3 passed, weighted score: 1.000
2026-07-28 06:08:32 [DEBUG] coder_eval.utils: Resolved @uipath plugin-tools dir=/usr/lib/node_modules/@uipath from `uip` at /usr/lib/node_modules/@uipath/cli/dist/index.js
2026-07-28 06:08:32 [INFO] coder_eval.orchestrator: Running post-run command: find . -maxdepth 5 -type d \( -name node_modules -o -name .npm-prefix -o -name .venv \) -prune -exec rm -rf {} +
2026-07-28 06:08:32 [INFO] coder_eval.orchestrator: Sandbox preserved (in-place): /work/output/artifacts/skill-bpmn-script-task-filter
2026-07-28 06:08:32 [INFO] coder_eval.orchestrator: Task finished: status=SUCCESS duration=182.5s score=1.000 iterations=1


================================================================================
TASK: default/skill-bpmn-script-task-group-by/00
================================================================================

2026-07-28 06:08:59 [DEBUG] coder_eval.utils: Resolved @uipath plugin-tools dir=/usr/lib/node_modules/@uipath from `uip` at /usr/lib/node_modules/@uipath/cli/dist/index.js
2026-07-28 06:08:59 [INFO] coder_eval.orchestrator: API routing: aws_bedrock
2026-07-28 06:08:59 [DEBUG] coder_eval.criteria: Discovered 14 criterion checkers
2026-07-28 06:08:59 [DEBUG] coder_eval.criteria: Validated 14 criterion checkers
2026-07-28 06:08:59 [DEBUG] coder_eval.utils: Resolved @uipath plugin-tools dir=/usr/lib/node_modules/@uipath from `uip` at /usr/lib/node_modules/@uipath/cli/dist/index.js
2026-07-28 06:08:59 [DEBUG] coder_eval.orchestrator: Sending prompt: Load and follow the uipath-maestro-bpmn skill.

Author a single Maestro BPMN file `ScriptTaskGroupBy...
2026-07-28 06:08:59 [DEBUG] coder_eval.agents.claude_code_agent: [coder] Starting agent query stream...
2026-07-28 06:11:26 [DEBUG] coder_eval.agents.claude_code_agent: [coder] session_id changed: None -> bff836b9-129f-4202-b008-5f803ac5c733
2026-07-28 06:11:26 [DEBUG] coder_eval.agents.claude_code_agent: [coder] Agent query stream ended
2026-07-28 06:11:26 [DEBUG] coder_eval.utils: Resolved @uipath plugin-tools dir=/usr/lib/node_modules/@uipath from `uip` at /usr/lib/node_modules/@uipath/cli/dist/index.js
2026-07-28 06:11:26 [DEBUG] coder_eval.orchestrator: Agent response received (2965 chars)
2026-07-28 06:11:26 [DEBUG] coder_eval.orchestrator: Checking success criteria
2026-07-28 06:11:26 [DEBUG] coder_eval.evaluation.checker: Criterion 'file_exists' score: 1.00
2026-07-28 06:11:26 [DEBUG] coder_eval.evaluation.checker: Criterion 'file_contains' score: 1.00
2026-07-28 06:11:26 [DEBUG] coder_eval.criteria.run_command: Running command for criterion 'BPMN has a Jint-safe scriptTask (v3, mapped I/O) implementing a group-by with aggregation, with full DI': python3 $TASK_DIR/check_script_task_group_by.py
2026-07-28 06:11:26 [DEBUG] coder_eval.sandbox: Command 'python3 $TASK_DIR/check_script_task_group_by.py' exited with code 0
2026-07-28 06:11:26 [DEBUG] coder_eval.sandbox: STDOUT:
---
OK: ScriptTaskGroupByDemo.bpmn has a Jint-safe scriptTask performing a group-by operation
---
2026-07-28 06:11:26 [DEBUG] coder_eval.evaluation.checker: Criterion 'run_command' score: 1.00
2026-07-28 06:11:26 [INFO] coder_eval.orchestrator: Success criteria: 3/3 passed, weighted score: 1.000
2026-07-28 06:11:26 [DEBUG] coder_eval.utils: Resolved @uipath plugin-tools dir=/usr/lib/node_modules/@uipath from `uip` at /usr/lib/node_modules/@uipath/cli/dist/index.js
2026-07-28 06:11:26 [INFO] coder_eval.orchestrator: Running post-run command: find . -maxdepth 5 -type d \( -name node_modules -o -name .npm-prefix -o -name .venv \) -prune -exec rm -rf {} +
2026-07-28 06:11:26 [INFO] coder_eval.orchestrator: Sandbox preserved (in-place): /work/output/artifacts/skill-bpmn-script-task-group-by
2026-07-28 06:11:26 [INFO] coder_eval.orchestrator: Task finished: status=SUCCESS duration=148.7s score=1.000 iterations=1


================================================================================
TASK: default/skill-bpmn-script-task-map/00
================================================================================

2026-07-28 06:06:29 [DEBUG] coder_eval.utils: Resolved @uipath plugin-tools dir=/usr/lib/node_modules/@uipath from `uip` at /usr/lib/node_modules/@uipath/cli/dist/index.js
2026-07-28 06:06:29 [INFO] coder_eval.orchestrator: API routing: aws_bedrock
2026-07-28 06:06:29 [DEBUG] coder_eval.criteria: Discovered 14 criterion checkers
2026-07-28 06:06:29 [DEBUG] coder_eval.criteria: Validated 14 criterion checkers
2026-07-28 06:06:29 [DEBUG] coder_eval.utils: Resolved @uipath plugin-tools dir=/usr/lib/node_modules/@uipath from `uip` at /usr/lib/node_modules/@uipath/cli/dist/index.js
2026-07-28 06:06:29 [DEBUG] coder_eval.orchestrator: Sending prompt: Load and follow the uipath-maestro-bpmn skill.

Author a single Maestro BPMN file `ScriptTaskMapDemo...
2026-07-28 06:06:29 [DEBUG] coder_eval.agents.claude_code_agent: [coder] Starting agent query stream...
2026-07-28 06:10:40 [DEBUG] coder_eval.agents.claude_code_agent: [coder] session_id changed: None -> f4ac67cd-0163-4182-934b-a1689f6e1027
2026-07-28 06:10:40 [DEBUG] coder_eval.agents.claude_code_agent: [coder] Agent query stream ended
2026-07-28 06:10:40 [DEBUG] coder_eval.utils: Resolved @uipath plugin-tools dir=/usr/lib/node_modules/@uipath from `uip` at /usr/lib/node_modules/@uipath/cli/dist/index.js
2026-07-28 06:10:40 [DEBUG] coder_eval.orchestrator: Agent response received (3310 chars)
2026-07-28 06:10:40 [DEBUG] coder_eval.orchestrator: Checking success criteria
2026-07-28 06:10:40 [DEBUG] coder_eval.evaluation.checker: Criterion 'file_exists' score: 1.00
2026-07-28 06:10:40 [DEBUG] coder_eval.evaluation.checker: Criterion 'file_contains' score: 1.00
2026-07-28 06:10:40 [DEBUG] coder_eval.criteria.run_command: Running command for criterion 'BPMN has a Jint-safe scriptTask (v3, mapped I/O) implementing a map/uppercase operation, with full DI': python3 $TASK_DIR/check_script_task_map.py
2026-07-28 06:10:40 [DEBUG] coder_eval.sandbox: Command 'python3 $TASK_DIR/check_script_task_map.py' exited with code 0
2026-07-28 06:10:40 [DEBUG] coder_eval.sandbox: STDOUT:
---
OK: ScriptTaskMapDemo.bpmn has a Jint-safe scriptTask performing a map/uppercase operation
---
2026-07-28 06:10:40 [DEBUG] coder_eval.evaluation.checker: Criterion 'run_command' score: 1.00
2026-07-28 06:10:40 [INFO] coder_eval.orchestrator: Success criteria: 3/3 passed, weighted score: 1.000
2026-07-28 06:10:40 [DEBUG] coder_eval.utils: Resolved @uipath plugin-tools dir=/usr/lib/node_modules/@uipath from `uip` at /usr/lib/node_modules/@uipath/cli/dist/index.js
2026-07-28 06:10:40 [INFO] coder_eval.orchestrator: Running post-run command: find . -maxdepth 5 -type d \( -name node_modules -o -name .npm-prefix -o -name .venv \) -prune -exec rm -rf {} +
2026-07-28 06:10:40 [INFO] coder_eval.orchestrator: Sandbox preserved (in-place): /work/output/artifacts/skill-bpmn-script-task-map
2026-07-28 06:10:40 [INFO] coder_eval.orchestrator: Task finished: status=SUCCESS duration=252.8s score=1.000 iterations=1


================================================================================
TASK: default/skill-bpmn-simple-approval-bpmn/00
================================================================================

2026-07-28 06:09:47 [DEBUG] coder_eval.utils: Resolved @uipath plugin-tools dir=/usr/lib/node_modules/@uipath from `uip` at /usr/lib/node_modules/@uipath/cli/dist/index.js
2026-07-28 06:09:47 [INFO] coder_eval.orchestrator: API routing: aws_bedrock
2026-07-28 06:09:47 [DEBUG] coder_eval.criteria: Discovered 14 criterion checkers
2026-07-28 06:09:47 [DEBUG] coder_eval.criteria: Validated 14 criterion checkers
2026-07-28 06:09:47 [DEBUG] coder_eval.utils: Resolved @uipath plugin-tools dir=/usr/lib/node_modules/@uipath from `uip` at /usr/lib/node_modules/@uipath/cli/dist/index.js
2026-07-28 06:09:47 [DEBUG] coder_eval.orchestrator: Sending prompt: Create a local BPMN project named "ExpenseApprovalBpmn" for this process:
- Manual start with input ...
2026-07-28 06:09:47 [DEBUG] coder_eval.agents.claude_code_agent: [coder] Starting agent query stream...
2026-07-28 06:18:29 [DEBUG] coder_eval.agents.claude_code_agent: [coder] session_id changed: None -> b3948689-71e8-4a52-ac4f-1ddbab098623
2026-07-28 06:18:29 [DEBUG] coder_eval.agents.claude_code_agent: [coder] Agent query stream ended
2026-07-28 06:18:29 [DEBUG] coder_eval.utils: Resolved @uipath plugin-tools dir=/usr/lib/node_modules/@uipath from `uip` at /usr/lib/node_modules/@uipath/cli/dist/index.js
2026-07-28 06:18:29 [DEBUG] coder_eval.orchestrator: Agent response received (6167 chars)
2026-07-28 06:18:29 [DEBUG] coder_eval.orchestrator: Checking success criteria
2026-07-28 06:18:29 [DEBUG] coder_eval.evaluation.checker: Criterion 'file_exists' score: 1.00
2026-07-28 06:18:29 [DEBUG] coder_eval.evaluation.checker: Criterion 'file_exists' score: 1.00
2026-07-28 06:18:29 [DEBUG] coder_eval.criteria.run_command: Running command for criterion 'Simple approval BPMN combines StartAgentJob, gateway, CreateQueueItem, script, variables, migration, and DI': python3 $TASK_DIR/check_simple_approval_bpmn.py
2026-07-28 06:18:29 [DEBUG] coder_eval.sandbox: Command 'python3 $TASK_DIR/check_simple_approval_bpmn.py' exited with code 0
2026-07-28 06:18:29 [DEBUG] coder_eval.sandbox: STDOUT:
---
OK: ExpenseApprovalBpmn/ExpenseApprovalBpmn.bpmn contains the documented simple approval BPMN shape
---
2026-07-28 06:18:29 [DEBUG] coder_eval.evaluation.checker: Criterion 'run_command' score: 1.00
2026-07-28 06:18:29 [INFO] coder_eval.orchestrator: Success criteria: 3/3 passed, weighted score: 1.000
2026-07-28 06:18:29 [DEBUG] coder_eval.utils: Resolved @uipath plugin-tools dir=/usr/lib/node_modules/@uipath from `uip` at /usr/lib/node_modules/@uipath/cli/dist/index.js
2026-07-28 06:18:29 [INFO] coder_eval.orchestrator: Running post-run command: find . -maxdepth 5 -type d \( -name node_modules -o -name .npm-prefix -o -name .venv \) -prune -exec rm -rf {} +
2026-07-28 06:18:29 [INFO] coder_eval.orchestrator: Sandbox preserved (in-place): /work/output/artifacts/skill-bpmn-simple-approval-bpmn
2026-07-28 06:18:29 [INFO] coder_eval.orchestrator: Task finished: status=SUCCESS duration=523.5s score=1.000 iterations=1


================================================================================
TASK: default/skill-bpmn-smoke-registry-discovery/00
================================================================================

2026-07-28 06:05:13 [DEBUG] coder_eval.utils: Resolved @uipath plugin-tools dir=/home/azureuser/.npm-global/lib/node_modules/@uipath from `uip` at /home/azureuser/.npm-global/lib/node_modules/@uipath/cli/dist/index.js
2026-07-28 06:05:13 [INFO] coder_eval.orchestrator: API routing: aws_bedrock
2026-07-28 06:05:13 [DEBUG] coder_eval.criteria: Discovered 14 criterion checkers
2026-07-28 06:05:13 [DEBUG] coder_eval.criteria: Validated 14 criterion checkers
2026-07-28 06:05:13 [DEBUG] coder_eval.utils: Resolved @uipath plugin-tools dir=/home/azureuser/.npm-global/lib/node_modules/@uipath from `uip` at /home/azureuser/.npm-global/lib/node_modules/@uipath/cli/dist/index.js
2026-07-28 06:05:13 [DEBUG] coder_eval.orchestrator: Sending prompt: I want to author a UiPath Maestro BPMN process that starts an RPA job and
waits for an internal mess...
2026-07-28 06:05:13 [DEBUG] coder_eval.agents.claude_code_agent: [coder] Starting agent query stream...
2026-07-28 06:06:20 [DEBUG] coder_eval.agents.claude_code_agent: [coder] session_id changed: None -> 730509a9-0b54-4a4a-bf53-97bc3dce7273
2026-07-28 06:06:20 [DEBUG] coder_eval.agents.claude_code_agent: [coder] Agent query stream ended
2026-07-28 06:06:20 [DEBUG] coder_eval.utils: Resolved @uipath plugin-tools dir=/home/azureuser/.npm-global/lib/node_modules/@uipath from `uip` at /home/azureuser/.npm-global/lib/node_modules/@uipath/cli/dist/index.js
2026-07-28 06:06:20 [DEBUG] coder_eval.orchestrator: Agent response received (4180 chars)
2026-07-28 06:06:20 [DEBUG] coder_eval.orchestrator: Checking success criteria
2026-07-28 06:06:20 [DEBUG] coder_eval.evaluation.checker: Criterion 'command_executed' score: 1.00
2026-07-28 06:06:20 [DEBUG] coder_eval.evaluation.checker: Criterion 'command_executed' score: 1.00
2026-07-28 06:06:20 [DEBUG] coder_eval.evaluation.checker: Criterion 'command_executed' score: 1.00
2026-07-28 06:06:20 [DEBUG] coder_eval.criteria.run_command: Running command for criterion 'Raw registry evidence covers the RPA-job and receive-message types': python3 $TASK_DIR/check_registry_discovery.py
2026-07-28 06:06:20 [DEBUG] coder_eval.sandbox: Command 'python3 $TASK_DIR/check_registry_discovery.py' exited with code 0
2026-07-28 06:06:20 [DEBUG] coder_eval.sandbox: STDOUT:
---
OK: registry-evidence covers Orchestrator.StartJob, Maestro.ReceiveMessageEvent across 4 raw output files
---
2026-07-28 06:06:20 [DEBUG] coder_eval.evaluation.checker: Criterion 'run_command' score: 1.00
2026-07-28 06:06:20 [INFO] coder_eval.orchestrator: Success criteria: 4/4 passed, weighted score: 1.000
2026-07-28 06:06:20 [DEBUG] coder_eval.utils: Resolved @uipath plugin-tools dir=/home/azureuser/.npm-global/lib/node_modules/@uipath from `uip` at /home/azureuser/.npm-global/lib/node_modules/@uipath/cli/dist/index.js
2026-07-28 06:06:20 [INFO] coder_eval.orchestrator: Running post-run command: find . -maxdepth 5 -type d \( -name node_modules -o -name .npm-prefix -o -name .venv \) -prune -exec rm -rf {} +
2026-07-28 06:06:20 [INFO] coder_eval.orchestrator: Sandbox preserved to: runs/maestro-bpmn-baseline-report-70/default/skill-bpmn-smoke-registry-discovery/00/artifacts/skill-bpmn-smoke-registry-discovery
2026-07-28 06:06:20 [INFO] coder_eval.orchestrator: Task finished: status=SUCCESS duration=67.4s score=1.000 iterations=1


================================================================================
TASK: default/skill-bpmn-subprocess/00
================================================================================

2026-07-28 06:11:25 [DEBUG] coder_eval.utils: Resolved @uipath plugin-tools dir=/usr/lib/node_modules/@uipath from `uip` at /usr/lib/node_modules/@uipath/cli/dist/index.js
2026-07-28 06:11:25 [INFO] coder_eval.orchestrator: API routing: aws_bedrock
2026-07-28 06:11:25 [DEBUG] coder_eval.criteria: Discovered 14 criterion checkers
2026-07-28 06:11:25 [DEBUG] coder_eval.criteria: Validated 14 criterion checkers
2026-07-28 06:11:25 [DEBUG] coder_eval.utils: Resolved @uipath plugin-tools dir=/usr/lib/node_modules/@uipath from `uip` at /usr/lib/node_modules/@uipath/cli/dist/index.js
2026-07-28 06:11:25 [DEBUG] coder_eval.orchestrator: Sending prompt: Load and follow the uipath-maestro-bpmn skill.

Author a single Maestro BPMN file `SubflowDemo.bpmn`...
2026-07-28 06:11:25 [DEBUG] coder_eval.agents.claude_code_agent: [coder] Starting agent query stream...
2026-07-28 06:13:28 [DEBUG] coder_eval.agents.claude_code_agent: [coder] session_id changed: None -> ddb80a22-4062-4e8e-a58f-5f85cf186215
2026-07-28 06:13:28 [DEBUG] coder_eval.agents.claude_code_agent: [coder] Agent query stream ended
2026-07-28 06:13:28 [DEBUG] coder_eval.utils: Resolved @uipath plugin-tools dir=/usr/lib/node_modules/@uipath from `uip` at /usr/lib/node_modules/@uipath/cli/dist/index.js
2026-07-28 06:13:28 [DEBUG] coder_eval.orchestrator: Agent response received (2521 chars)
2026-07-28 06:13:28 [DEBUG] coder_eval.orchestrator: Checking success criteria
2026-07-28 06:13:28 [DEBUG] coder_eval.evaluation.checker: Criterion 'file_exists' score: 1.00
2026-07-28 06:13:28 [DEBUG] coder_eval.evaluation.checker: Criterion 'file_contains' score: 1.00
2026-07-28 06:13:28 [DEBUG] coder_eval.criteria.run_command: Running command for criterion 'BPMN encapsulates logic in a subProcess (nested start/activity/end) or callActivity, with a shape and resolvable flows': python3 $TASK_DIR/check_subprocess.py
2026-07-28 06:13:28 [DEBUG] coder_eval.sandbox: Command 'python3 $TASK_DIR/check_subprocess.py' exited with code 0
2026-07-28 06:13:28 [DEBUG] coder_eval.sandbox: STDOUT:
---
OK: SubflowDemo.bpmn encapsulates logic in a subProcess with a diagram shape
---
2026-07-28 06:13:28 [DEBUG] coder_eval.evaluation.checker: Criterion 'run_command' score: 1.00
2026-07-28 06:13:28 [DEBUG] coder_eval.evaluation.judge_context: judge_context: include_reference=True but reference not set
2026-07-28 06:13:32 [DEBUG] coder_eval.evaluation.checker: Criterion 'llm_judge' score: 1.00
2026-07-28 06:13:32 [INFO] coder_eval.orchestrator: Success criteria: 4/4 passed, weighted score: 1.000
2026-07-28 06:13:32 [DEBUG] coder_eval.utils: Resolved @uipath plugin-tools dir=/usr/lib/node_modules/@uipath from `uip` at /usr/lib/node_modules/@uipath/cli/dist/index.js
2026-07-28 06:13:32 [INFO] coder_eval.orchestrator: Running post-run command: find . -maxdepth 5 -type d \( -name node_modules -o -name .npm-prefix -o -name .venv \) -prune -exec rm -rf {} +
2026-07-28 06:13:32 [INFO] coder_eval.orchestrator: Sandbox preserved (in-place): /work/output/artifacts/skill-bpmn-subprocess
2026-07-28 06:13:32 [INFO] coder_eval.orchestrator: Task finished: status=SUCCESS duration=128.1s score=1.000 iterations=1
2026-07-28 06:13:32 [DEBUG] coder_eval.evaluation.judge_persistence: spilled 1 judge transcript(s) to /work/output


================================================================================
TASK: default/skill-bpmn-switch/00
================================================================================

2026-07-28 06:06:46 [DEBUG] coder_eval.utils: Resolved @uipath plugin-tools dir=/usr/lib/node_modules/@uipath from `uip` at /usr/lib/node_modules/@uipath/cli/dist/index.js
2026-07-28 06:06:46 [INFO] coder_eval.orchestrator: API routing: aws_bedrock
2026-07-28 06:06:46 [DEBUG] coder_eval.criteria: Discovered 14 criterion checkers
2026-07-28 06:06:46 [DEBUG] coder_eval.criteria: Validated 14 criterion checkers
2026-07-28 06:06:46 [DEBUG] coder_eval.utils: Resolved @uipath plugin-tools dir=/usr/lib/node_modules/@uipath from `uip` at /usr/lib/node_modules/@uipath/cli/dist/index.js
2026-07-28 06:06:46 [DEBUG] coder_eval.orchestrator: Sending prompt: Load and follow the uipath-maestro-bpmn skill.

Author a single Maestro BPMN file `SeasonLookup.bpmn...
2026-07-28 06:06:46 [DEBUG] coder_eval.agents.claude_code_agent: [coder] Starting agent query stream...
2026-07-28 06:08:48 [DEBUG] coder_eval.agents.claude_code_agent: [coder] session_id changed: None -> 626cd027-679d-480b-92af-d2a23dadfdea
2026-07-28 06:08:48 [DEBUG] coder_eval.agents.claude_code_agent: [coder] Agent query stream ended
2026-07-28 06:08:48 [DEBUG] coder_eval.utils: Resolved @uipath plugin-tools dir=/usr/lib/node_modules/@uipath from `uip` at /usr/lib/node_modules/@uipath/cli/dist/index.js
2026-07-28 06:08:48 [DEBUG] coder_eval.orchestrator: Agent response received (2678 chars)
2026-07-28 06:08:48 [DEBUG] coder_eval.orchestrator: Checking success criteria
2026-07-28 06:08:48 [DEBUG] coder_eval.evaluation.checker: Criterion 'file_exists' score: 1.00
2026-07-28 06:08:48 [DEBUG] coder_eval.evaluation.checker: Criterion 'file_contains' score: 1.00
2026-07-28 06:08:48 [DEBUG] coder_eval.criteria.run_command: Running command for criterion 'BPMN has a multi-way exclusive gateway (3+ conditioned branches + default), full DI, resolvable flows': python3 $TASK_DIR/check_switch.py
2026-07-28 06:08:48 [DEBUG] coder_eval.sandbox: Command 'python3 $TASK_DIR/check_switch.py' exited with code 0
2026-07-28 06:08:48 [DEBUG] coder_eval.sandbox: STDOUT:
---
OK: SeasonLookup.bpmn has a multi-way exclusive gateway (3 conditioned + 1 default)
---
2026-07-28 06:08:48 [DEBUG] coder_eval.evaluation.checker: Criterion 'run_command' score: 1.00
2026-07-28 06:08:48 [DEBUG] coder_eval.evaluation.judge_context: judge_context: include_reference=True but reference not set
2026-07-28 06:08:55 [DEBUG] coder_eval.evaluation.checker: Criterion 'llm_judge' score: 1.00
2026-07-28 06:08:55 [INFO] coder_eval.orchestrator: Success criteria: 4/4 passed, weighted score: 1.000
2026-07-28 06:08:55 [DEBUG] coder_eval.utils: Resolved @uipath plugin-tools dir=/usr/lib/node_modules/@uipath from `uip` at /usr/lib/node_modules/@uipath/cli/dist/index.js
2026-07-28 06:08:55 [INFO] coder_eval.orchestrator: Running post-run command: find . -maxdepth 5 -type d \( -name node_modules -o -name .npm-prefix -o -name .venv \) -prune -exec rm -rf {} +
2026-07-28 06:08:55 [INFO] coder_eval.orchestrator: Sandbox preserved (in-place): /work/output/artifacts/skill-bpmn-switch
2026-07-28 06:08:55 [INFO] coder_eval.orchestrator: Task finished: status=SUCCESS duration=130.3s score=1.000 iterations=1
2026-07-28 06:08:55 [DEBUG] coder_eval.evaluation.judge_persistence: spilled 1 judge transcript(s) to /work/output


================================================================================
TASK: default/skill-bpmn-terminate/00
================================================================================

2026-07-28 06:05:34 [DEBUG] coder_eval.utils: Resolved @uipath plugin-tools dir=/usr/lib/node_modules/@uipath from `uip` at /usr/lib/node_modules/@uipath/cli/dist/index.js
2026-07-28 06:05:34 [INFO] coder_eval.orchestrator: API routing: aws_bedrock
2026-07-28 06:05:34 [DEBUG] coder_eval.criteria: Discovered 14 criterion checkers
2026-07-28 06:05:34 [DEBUG] coder_eval.criteria: Validated 14 criterion checkers
2026-07-28 06:05:34 [DEBUG] coder_eval.utils: Resolved @uipath plugin-tools dir=/usr/lib/node_modules/@uipath from `uip` at /usr/lib/node_modules/@uipath/cli/dist/index.js
2026-07-28 06:05:34 [DEBUG] coder_eval.orchestrator: Sending prompt: Load and follow the uipath-maestro-bpmn skill.

Author a single Maestro BPMN file `TerminateParallel...
2026-07-28 06:05:34 [DEBUG] coder_eval.agents.claude_code_agent: [coder] Starting agent query stream...
2026-07-28 06:07:10 [DEBUG] coder_eval.agents.claude_code_agent: [coder] session_id changed: None -> 95fc6cc0-ff1b-4086-b2a0-3710846549f5
2026-07-28 06:07:10 [DEBUG] coder_eval.agents.claude_code_agent: [coder] Agent query stream ended
2026-07-28 06:07:10 [DEBUG] coder_eval.utils: Resolved @uipath plugin-tools dir=/usr/lib/node_modules/@uipath from `uip` at /usr/lib/node_modules/@uipath/cli/dist/index.js
2026-07-28 06:07:10 [DEBUG] coder_eval.orchestrator: Agent response received (2399 chars)
2026-07-28 06:07:10 [DEBUG] coder_eval.orchestrator: Checking success criteria
2026-07-28 06:07:10 [DEBUG] coder_eval.evaluation.checker: Criterion 'file_exists' score: 1.00
2026-07-28 06:07:10 [DEBUG] coder_eval.evaluation.checker: Criterion 'file_contains' score: 1.00
2026-07-28 06:07:10 [DEBUG] coder_eval.criteria.run_command: Running command for criterion 'BPMN has a terminate end event on one branch, a normal end on another, a fork, full DI, resolvable flows': python3 $TASK_DIR/check_terminate.py
2026-07-28 06:07:10 [DEBUG] coder_eval.sandbox: Command 'python3 $TASK_DIR/check_terminate.py' exited with code 0
2026-07-28 06:07:10 [DEBUG] coder_eval.sandbox: STDOUT:
---
OK: TerminateParallel.bpmn has a terminate end event on one branch and a normal end on another
---
2026-07-28 06:07:10 [DEBUG] coder_eval.evaluation.checker: Criterion 'run_command' score: 1.00
2026-07-28 06:07:10 [DEBUG] coder_eval.evaluation.judge_context: judge_context: include_reference=True but reference not set
2026-07-28 06:07:14 [DEBUG] coder_eval.evaluation.checker: Criterion 'llm_judge' score: 1.00
2026-07-28 06:07:14 [INFO] coder_eval.orchestrator: Success criteria: 4/4 passed, weighted score: 1.000
2026-07-28 06:07:14 [DEBUG] coder_eval.utils: Resolved @uipath plugin-tools dir=/usr/lib/node_modules/@uipath from `uip` at /usr/lib/node_modules/@uipath/cli/dist/index.js
2026-07-28 06:07:14 [INFO] coder_eval.orchestrator: Running post-run command: find . -maxdepth 5 -type d \( -name node_modules -o -name .npm-prefix -o -name .venv \) -prune -exec rm -rf {} +
2026-07-28 06:07:14 [INFO] coder_eval.orchestrator: Sandbox preserved (in-place): /work/output/artifacts/skill-bpmn-terminate
2026-07-28 06:07:14 [INFO] coder_eval.orchestrator: Task finished: status=SUCCESS duration=107.5s score=1.000 iterations=1
2026-07-28 06:07:14 [DEBUG] coder_eval.evaluation.judge_persistence: spilled 1 judge transcript(s) to /work/output


================================================================================
TASK: default/skill-bpmn-timer/00
================================================================================

2026-07-28 06:08:10 [DEBUG] coder_eval.utils: Resolved @uipath plugin-tools dir=/usr/lib/node_modules/@uipath from `uip` at /usr/lib/node_modules/@uipath/cli/dist/index.js
2026-07-28 06:08:10 [INFO] coder_eval.orchestrator: API routing: aws_bedrock
2026-07-28 06:08:10 [DEBUG] coder_eval.criteria: Discovered 14 criterion checkers
2026-07-28 06:08:10 [DEBUG] coder_eval.criteria: Validated 14 criterion checkers
2026-07-28 06:08:10 [DEBUG] coder_eval.utils: Resolved @uipath plugin-tools dir=/usr/lib/node_modules/@uipath from `uip` at /usr/lib/node_modules/@uipath/cli/dist/index.js
2026-07-28 06:08:10 [DEBUG] coder_eval.orchestrator: Sending prompt: Load and follow the uipath-maestro-bpmn skill.

Author a single Maestro BPMN file `TimerWait.bpmn` i...
2026-07-28 06:08:10 [DEBUG] coder_eval.agents.claude_code_agent: [coder] Starting agent query stream...
2026-07-28 06:09:57 [DEBUG] coder_eval.agents.claude_code_agent: [coder] session_id changed: None -> 9b308ba3-fe90-4ae2-b314-699ce91be635
2026-07-28 06:09:57 [DEBUG] coder_eval.agents.claude_code_agent: [coder] Agent query stream ended
2026-07-28 06:09:57 [DEBUG] coder_eval.utils: Resolved @uipath plugin-tools dir=/usr/lib/node_modules/@uipath from `uip` at /usr/lib/node_modules/@uipath/cli/dist/index.js
2026-07-28 06:09:57 [DEBUG] coder_eval.orchestrator: Agent response received (2343 chars)
2026-07-28 06:09:57 [DEBUG] coder_eval.orchestrator: Checking success criteria
2026-07-28 06:09:57 [DEBUG] coder_eval.evaluation.checker: Criterion 'file_exists' score: 1.00
2026-07-28 06:09:57 [DEBUG] coder_eval.evaluation.checker: Criterion 'file_contains' score: 1.00
2026-07-28 06:09:57 [DEBUG] coder_eval.criteria.run_command: Running command for criterion 'BPMN has a wired intermediate timer catch event with a valid ISO-8601 definition, full DI, resolvable flows': python3 $TASK_DIR/check_timer.py
2026-07-28 06:09:57 [DEBUG] coder_eval.sandbox: Command 'python3 $TASK_DIR/check_timer.py' exited with code 0
2026-07-28 06:09:57 [DEBUG] coder_eval.sandbox: STDOUT:
---
OK: TimerWait.bpmn has a wired intermediate timer catch event with a valid definition
---
2026-07-28 06:09:57 [DEBUG] coder_eval.evaluation.checker: Criterion 'run_command' score: 1.00
2026-07-28 06:09:57 [INFO] coder_eval.orchestrator: Success criteria: 3/3 passed, weighted score: 1.000
2026-07-28 06:09:57 [DEBUG] coder_eval.utils: Resolved @uipath plugin-tools dir=/usr/lib/node_modules/@uipath from `uip` at /usr/lib/node_modules/@uipath/cli/dist/index.js
2026-07-28 06:09:57 [INFO] coder_eval.orchestrator: Running post-run command: find . -maxdepth 5 -type d \( -name node_modules -o -name .npm-prefix -o -name .venv \) -prune -exec rm -rf {} +
2026-07-28 06:09:58 [INFO] coder_eval.orchestrator: Sandbox preserved (in-place): /work/output/artifacts/skill-bpmn-timer
2026-07-28 06:09:58 [INFO] coder_eval.orchestrator: Task finished: status=SUCCESS duration=108.8s score=1.000 iterations=1


================================================================================
TASK: default/skill-bpmn-timer-boundary-noninterrupting/00
================================================================================

2026-07-28 06:05:35 [DEBUG] coder_eval.utils: Resolved @uipath plugin-tools dir=/usr/lib/node_modules/@uipath from `uip` at /usr/lib/node_modules/@uipath/cli/dist/index.js
2026-07-28 06:05:36 [INFO] coder_eval.orchestrator: API routing: aws_bedrock
2026-07-28 06:05:36 [DEBUG] coder_eval.criteria: Discovered 14 criterion checkers
2026-07-28 06:05:36 [DEBUG] coder_eval.criteria: Validated 14 criterion checkers
2026-07-28 06:05:36 [DEBUG] coder_eval.utils: Resolved @uipath plugin-tools dir=/usr/lib/node_modules/@uipath from `uip` at /usr/lib/node_modules/@uipath/cli/dist/index.js
2026-07-28 06:05:36 [DEBUG] coder_eval.orchestrator: Sending prompt: Load and follow the uipath-maestro-bpmn skill.

Author a single Maestro BPMN file `ApprovalReminder....
2026-07-28 06:05:36 [DEBUG] coder_eval.agents.claude_code_agent: [coder] Starting agent query stream...
2026-07-28 06:11:40 [DEBUG] coder_eval.agents.claude_code_agent: [coder] session_id changed: None -> 118bcca3-d57c-4b9c-83b5-654c7ec1aa58
2026-07-28 06:11:40 [DEBUG] coder_eval.agents.claude_code_agent: [coder] Agent query stream ended
2026-07-28 06:11:40 [DEBUG] coder_eval.utils: Resolved @uipath plugin-tools dir=/usr/lib/node_modules/@uipath from `uip` at /usr/lib/node_modules/@uipath/cli/dist/index.js
2026-07-28 06:11:40 [DEBUG] coder_eval.orchestrator: Agent response received (4163 chars)
2026-07-28 06:11:40 [DEBUG] coder_eval.orchestrator: Checking success criteria
2026-07-28 06:11:40 [DEBUG] coder_eval.evaluation.checker: Criterion 'file_exists' score: 1.00
2026-07-28 06:11:40 [DEBUG] coder_eval.evaluation.checker: Criterion 'command_executed' score: 1.00
2026-07-28 06:11:40 [DEBUG] coder_eval.evaluation.checker: Criterion 'file_contains' score: 1.00
2026-07-28 06:11:40 [DEBUG] coder_eval.criteria.run_command: Running command for criterion 'Non-interrupting timer boundary on a userTask does not cancel it, fully shaped': python3 $TASK_DIR/check_timer_boundary_noninterrupting.py
2026-07-28 06:11:40 [DEBUG] coder_eval.sandbox: Command 'python3 $TASK_DIR/check_timer_boundary_noninterrupting.py' exited with code 0
2026-07-28 06:11:40 [DEBUG] coder_eval.sandbox: STDOUT:
---
OK: ApprovalReminder.bpmn has a non-interrupting timer boundary on a userTask that does not cancel it
---
2026-07-28 06:11:40 [DEBUG] coder_eval.evaluation.checker: Criterion 'run_command' score: 1.00
2026-07-28 06:11:40 [INFO] coder_eval.orchestrator: Success criteria: 4/4 passed, weighted score: 1.000
2026-07-28 06:11:41 [DEBUG] coder_eval.utils: Resolved @uipath plugin-tools dir=/usr/lib/node_modules/@uipath from `uip` at /usr/lib/node_modules/@uipath/cli/dist/index.js
2026-07-28 06:11:41 [INFO] coder_eval.orchestrator: Running post-run command: find . -maxdepth 5 -type d \( -name node_modules -o -name .npm-prefix -o -name .venv \) -prune -exec rm -rf {} +
2026-07-28 06:11:41 [INFO] coder_eval.orchestrator: Sandbox preserved (in-place): /work/output/artifacts/skill-bpmn-timer-boundary-noninterrupting
2026-07-28 06:11:41 [INFO] coder_eval.orchestrator: Task finished: status=SUCCESS duration=372.9s score=1.000 iterations=1


================================================================================
TASK: default/skill-bpmn-timer-start/00
================================================================================

2026-07-28 06:06:25 [DEBUG] coder_eval.utils: Resolved @uipath plugin-tools dir=/usr/lib/node_modules/@uipath from `uip` at /usr/lib/node_modules/@uipath/cli/dist/index.js
2026-07-28 06:06:25 [INFO] coder_eval.orchestrator: API routing: aws_bedrock
2026-07-28 06:06:25 [DEBUG] coder_eval.criteria: Discovered 14 criterion checkers
2026-07-28 06:06:25 [DEBUG] coder_eval.criteria: Validated 14 criterion checkers
2026-07-28 06:06:25 [DEBUG] coder_eval.utils: Resolved @uipath plugin-tools dir=/usr/lib/node_modules/@uipath from `uip` at /usr/lib/node_modules/@uipath/cli/dist/index.js
2026-07-28 06:06:25 [DEBUG] coder_eval.orchestrator: Sending prompt: Load and follow the uipath-maestro-bpmn skill.

Create a local BPMN project named "ScheduledReportBp...
2026-07-28 06:06:26 [DEBUG] coder_eval.agents.claude_code_agent: [coder] Starting agent query stream...
2026-07-28 06:09:43 [DEBUG] coder_eval.agents.claude_code_agent: [coder] session_id changed: None -> 187de954-4281-4f45-a99a-ff0201a53cff
2026-07-28 06:09:43 [DEBUG] coder_eval.agents.claude_code_agent: [coder] Agent query stream ended
2026-07-28 06:09:43 [DEBUG] coder_eval.utils: Resolved @uipath plugin-tools dir=/usr/lib/node_modules/@uipath from `uip` at /usr/lib/node_modules/@uipath/cli/dist/index.js
2026-07-28 06:09:43 [DEBUG] coder_eval.orchestrator: Agent response received (3413 chars)
2026-07-28 06:09:43 [DEBUG] coder_eval.orchestrator: Checking success criteria
2026-07-28 06:09:43 [DEBUG] coder_eval.evaluation.checker: Criterion 'file_exists' score: 1.00
2026-07-28 06:09:43 [DEBUG] coder_eval.evaluation.checker: Criterion 'file_contains' score: 1.00
2026-07-28 06:09:43 [DEBUG] coder_eval.evaluation.checker: Criterion 'command_executed' score: 1.00
2026-07-28 06:09:43 [DEBUG] coder_eval.criteria.run_command: Running command for criterion 'Timer start event is a recurring scheduled start with valid structure': python3 $TASK_DIR/check_timer_start.py
2026-07-28 06:09:43 [DEBUG] coder_eval.sandbox: Command 'python3 $TASK_DIR/check_timer_start.py' exited with code 0
2026-07-28 06:09:43 [DEBUG] coder_eval.sandbox: STDOUT:
---
OK: ScheduledReportBpmn/ScheduledReportBpmn.bpmn starts on a recurring timer schedule (R/PT1H)
---
2026-07-28 06:09:43 [DEBUG] coder_eval.evaluation.checker: Criterion 'run_command' score: 1.00
2026-07-28 06:09:43 [INFO] coder_eval.orchestrator: Success criteria: 4/4 passed, weighted score: 1.000
2026-07-28 06:09:43 [DEBUG] coder_eval.utils: Resolved @uipath plugin-tools dir=/usr/lib/node_modules/@uipath from `uip` at /usr/lib/node_modules/@uipath/cli/dist/index.js
2026-07-28 06:09:43 [INFO] coder_eval.orchestrator: Running post-run command: find . -maxdepth 5 -type d \( -name node_modules -o -name .npm-prefix -o -name .venv \) -prune -exec rm -rf {} +
2026-07-28 06:09:43 [INFO] coder_eval.orchestrator: Sandbox preserved (in-place): /work/output/artifacts/skill-bpmn-timer-start
2026-07-28 06:09:43 [INFO] coder_eval.orchestrator: Task finished: status=SUCCESS duration=199.8s score=1.000 iterations=1

