# Run Log: maestro-bpmn-optimized-sonnet-5-new
# Aggregated from 70 task(s)
# Generated: 2026-08-20 21:49:11

================================================================================


================================================================================
TASK: default/skill-bpmn-agent-job/00
================================================================================

2026-08-20 21:05:50 [DEBUG] coder_eval.utils: Resolved @uipath plugin-tools dir=/usr/lib/node_modules/@uipath from `uip` at /usr/lib/node_modules/@uipath/cli/dist/index.js
2026-08-20 21:05:50 [INFO] coder_eval.orchestrator: API routing: aws_bedrock
2026-08-20 21:05:50 [DEBUG] coder_eval.criteria: Discovered 15 criterion checkers
2026-08-20 21:05:50 [DEBUG] coder_eval.criteria: Validated 15 criterion checkers
2026-08-20 21:05:50 [DEBUG] coder_eval.utils: Resolved @uipath plugin-tools dir=/usr/lib/node_modules/@uipath from `uip` at /usr/lib/node_modules/@uipath/cli/dist/index.js
2026-08-20 21:05:51 [DEBUG] coder_eval.orchestrator: Sending prompt: Load and follow the uipath-maestro-bpmn skill.

Create a local BPMN project named "ApproverCountAgen...
2026-08-20 21:05:51 [DEBUG] coder_eval.agents.claude_code_agent: [coder] Starting agent query stream...
2026-08-20 21:11:21 [DEBUG] coder_eval.agents.claude_code_agent: [coder] session_id changed: None -> 2eefbed8-2b31-4246-bd32-8f32a20bba09
2026-08-20 21:11:21 [DEBUG] coder_eval.agents.claude_code_agent: [coder] Agent query stream ended
2026-08-20 21:11:21 [DEBUG] coder_eval.utils: Resolved @uipath plugin-tools dir=/usr/lib/node_modules/@uipath from `uip` at /usr/lib/node_modules/@uipath/cli/dist/index.js
2026-08-20 21:11:21 [DEBUG] coder_eval.orchestrator: Agent response received (4910 chars)
2026-08-20 21:11:21 [DEBUG] coder_eval.orchestrator: Checking success criteria
2026-08-20 21:11:21 [DEBUG] coder_eval.evaluation.checker: Criterion 'file_exists' score: 1.00
2026-08-20 21:11:21 [DEBUG] coder_eval.evaluation.checker: Criterion 'command_executed' score: 1.00
2026-08-20 21:11:21 [DEBUG] coder_eval.criteria.run_command: Running command for criterion 'Agent invocation uses Orchestrator.StartAgentJob with input and a declared output variable': python3 $TASK_DIR/check_agent_job.py
2026-08-20 21:11:21 [DEBUG] coder_eval.sandbox: Command 'python3 $TASK_DIR/check_agent_job.py' exited with code 0
2026-08-20 21:11:21 [DEBUG] coder_eval.sandbox: STDOUT:
---
OK: ApproverCountAgent/ApproverCountAgent.bpmn wires Orchestrator.StartAgentJob with bound input and output variable
---
2026-08-20 21:11:21 [DEBUG] coder_eval.evaluation.checker: Criterion 'run_command' score: 1.00
2026-08-20 21:11:21 [INFO] coder_eval.orchestrator: Success criteria: 3/3 passed, weighted score: 1.000
2026-08-20 21:11:21 [WARNING] coder_eval.orchestrator: Visible turns (47) exceeded expected_turns (16) at iteration 1 for task skill-bpmn-agent-job. Run continues — max_turns remains the hard cap.
2026-08-20 21:11:21 [DEBUG] coder_eval.utils: Resolved @uipath plugin-tools dir=/usr/lib/node_modules/@uipath from `uip` at /usr/lib/node_modules/@uipath/cli/dist/index.js
2026-08-20 21:11:21 [INFO] coder_eval.orchestrator: Running post-run command: find . -maxdepth 5 -type d \( -name node_modules -o -name .npm-prefix -o -name .venv \) -prune -exec rm -rf {} +
2026-08-20 21:11:21 [INFO] coder_eval.orchestrator: Sandbox preserved (in-place): /work/output/artifacts/skill-bpmn-agent-job
2026-08-20 21:11:21 [INFO] coder_eval.orchestrator: Task finished: status=SUCCESS duration=342.8s score=1.000 iterations=1


================================================================================
TASK: default/skill-bpmn-api-workflow-task/00
================================================================================

2026-08-20 21:09:27 [DEBUG] coder_eval.utils: Resolved @uipath plugin-tools dir=/usr/lib/node_modules/@uipath from `uip` at /usr/lib/node_modules/@uipath/cli/dist/index.js
2026-08-20 21:09:27 [INFO] coder_eval.orchestrator: API routing: aws_bedrock
2026-08-20 21:09:27 [DEBUG] coder_eval.criteria: Discovered 15 criterion checkers
2026-08-20 21:09:27 [DEBUG] coder_eval.criteria: Validated 15 criterion checkers
2026-08-20 21:09:27 [DEBUG] coder_eval.utils: Resolved @uipath plugin-tools dir=/usr/lib/node_modules/@uipath from `uip` at /usr/lib/node_modules/@uipath/cli/dist/index.js
2026-08-20 21:09:28 [DEBUG] coder_eval.orchestrator: Sending prompt: Create a UiPath Maestro BPMN Process Orchestration project at:
  ApiWorkflowDispatch/ApiWorkflowDisp...
2026-08-20 21:09:28 [DEBUG] coder_eval.agents.claude_code_agent: [coder] Starting agent query stream...
2026-08-20 21:18:44 [DEBUG] coder_eval.agents.claude_code_agent: [coder] is_error ResultMessage; not advancing session_id (kept None)
2026-08-20 21:18:44 [DEBUG] coder_eval.agents.claude_code_agent: [coder] Generic Exception is error_max_turns; treating as clean turn
2026-08-20 21:18:44 [WARNING] coder_eval.agents.claude_code_agent: [coder] Agent exhausted max_turns (40); turn ended without completing
2026-08-20 21:18:44 [DEBUG] coder_eval.utils: Resolved @uipath plugin-tools dir=/usr/lib/node_modules/@uipath from `uip` at /usr/lib/node_modules/@uipath/cli/dist/index.js
2026-08-20 21:18:44 [DEBUG] coder_eval.orchestrator: Agent response received (640 chars)
2026-08-20 21:18:44 [DEBUG] coder_eval.orchestrator: Checking success criteria
2026-08-20 21:18:44 [DEBUG] coder_eval.evaluation.checker: Criterion 'file_exists' score: 1.00
2026-08-20 21:18:44 [DEBUG] coder_eval.criteria.run_command: Running command for criterion 'API workflow uses bpmn:serviceTask with Orchestrator.ExecuteApiWorkflowAsync': python3 $TASK_DIR/check_api_workflow_task.py
2026-08-20 21:18:44 [DEBUG] coder_eval.sandbox: Command 'python3 $TASK_DIR/check_api_workflow_task.py' exited with code 1
2026-08-20 21:18:44 [DEBUG] coder_eval.sandbox: STDERR:
---
FAIL: expected exactly one serviceTask with Orchestrator.ExecuteApiWorkflowAsync, found 0
---
2026-08-20 21:18:44 [DEBUG] coder_eval.evaluation.checker: Criterion 'run_command' score: 0.00
2026-08-20 21:18:44 [INFO] coder_eval.evaluation.checker: Criterion 'run_command' FAILED (score=0.00, threshold=1.00): Command: python3 $TASK_DIR/check_api_workflow_task.py
2026-08-20 21:18:44 [INFO] coder_eval.orchestrator: Success criteria: 1/2 passed, weighted score: 0.200
2026-08-20 21:18:44 [WARNING] coder_eval.orchestrator: Agent exhausted max_turns (40) without passing criteria.
2026-08-20 21:18:44 [WARNING] coder_eval.orchestrator: Visible turns (44) exceeded expected_turns (32) at iteration 1 for task skill-bpmn-api-workflow-task. Run continues — max_turns remains the hard cap.
2026-08-20 21:18:44 [DEBUG] coder_eval.utils: Resolved @uipath plugin-tools dir=/usr/lib/node_modules/@uipath from `uip` at /usr/lib/node_modules/@uipath/cli/dist/index.js
2026-08-20 21:18:44 [INFO] coder_eval.orchestrator: Running post-run command: find . -maxdepth 5 -type d \( -name node_modules -o -name .npm-prefix -o -name .venv \) -prune -exec rm -rf {} +
2026-08-20 21:18:44 [INFO] coder_eval.orchestrator: Sandbox preserved (in-place): /work/output/artifacts/skill-bpmn-api-workflow-task
2026-08-20 21:18:44 [INFO] coder_eval.orchestrator: Task finished: status=MAX_TURNS_EXHAUSTED duration=560.4s score=0.200 iterations=1


================================================================================
TASK: default/skill-bpmn-author-validate/00
================================================================================

2026-08-20 21:05:54 [DEBUG] coder_eval.utils: Resolved @uipath plugin-tools dir=/usr/lib/node_modules/@uipath from `uip` at /usr/lib/node_modules/@uipath/cli/dist/index.js
2026-08-20 21:05:54 [INFO] coder_eval.orchestrator: API routing: aws_bedrock
2026-08-20 21:05:54 [DEBUG] coder_eval.criteria: Discovered 15 criterion checkers
2026-08-20 21:05:54 [DEBUG] coder_eval.criteria: Validated 15 criterion checkers
2026-08-20 21:05:54 [DEBUG] coder_eval.utils: Resolved @uipath plugin-tools dir=/usr/lib/node_modules/@uipath from `uip` at /usr/lib/node_modules/@uipath/cli/dist/index.js
2026-08-20 21:05:55 [DEBUG] coder_eval.orchestrator: Sending prompt: Load and follow the uipath-maestro-bpmn skill.

Author a local Maestro BPMN project with main file
`...
2026-08-20 21:05:55 [DEBUG] coder_eval.agents.claude_code_agent: [coder] Starting agent query stream...
2026-08-20 21:08:05 [DEBUG] coder_eval.agents.claude_code_agent: [coder] session_id changed: None -> 860ba586-3cff-4ad1-b96f-c235dee24b06
2026-08-20 21:08:05 [DEBUG] coder_eval.agents.claude_code_agent: [coder] Agent query stream ended
2026-08-20 21:08:05 [DEBUG] coder_eval.utils: Resolved @uipath plugin-tools dir=/usr/lib/node_modules/@uipath from `uip` at /usr/lib/node_modules/@uipath/cli/dist/index.js
2026-08-20 21:08:05 [DEBUG] coder_eval.orchestrator: Agent response received (2672 chars)
2026-08-20 21:08:05 [DEBUG] coder_eval.orchestrator: Checking success criteria
2026-08-20 21:08:05 [DEBUG] coder_eval.evaluation.checker: Criterion 'command_executed' score: 1.00
2026-08-20 21:08:05 [DEBUG] coder_eval.evaluation.checker: Criterion 'file_exists' score: 1.00
2026-08-20 21:08:05 [DEBUG] coder_eval.evaluation.checker: Criterion 'file_contains' score: 1.00
2026-08-20 21:08:05 [DEBUG] coder_eval.criteria.run_command: Running command for criterion 'Authored BPMN is well-formed, structurally sound, and fully shaped': python3 $TASK_DIR/check_author_validate.py
2026-08-20 21:08:06 [DEBUG] coder_eval.sandbox: Command 'python3 $TASK_DIR/check_author_validate.py' exited with code 0
2026-08-20 21:08:06 [DEBUG] coder_eval.sandbox: STDOUT:
---
OK: InvoiceApproval/InvoiceApproval.bpmn is well-formed, fully shaped, and gateway-routed
---
2026-08-20 21:08:06 [DEBUG] coder_eval.evaluation.checker: Criterion 'run_command' score: 1.00
2026-08-20 21:08:06 [INFO] coder_eval.orchestrator: Success criteria: 4/4 passed, weighted score: 1.000
2026-08-20 21:08:06 [DEBUG] coder_eval.utils: Resolved @uipath plugin-tools dir=/usr/lib/node_modules/@uipath from `uip` at /usr/lib/node_modules/@uipath/cli/dist/index.js
2026-08-20 21:08:06 [INFO] coder_eval.orchestrator: Running post-run command: find . -maxdepth 5 -type d \( -name node_modules -o -name .npm-prefix -o -name .venv \) -prune -exec rm -rf {} +
2026-08-20 21:08:06 [INFO] coder_eval.orchestrator: Sandbox preserved (in-place): /work/output/artifacts/skill-bpmn-author-validate
2026-08-20 21:08:06 [INFO] coder_eval.orchestrator: Task finished: status=SUCCESS duration=143.6s score=1.000 iterations=1


================================================================================
TASK: default/skill-bpmn-business-rule-task/00
================================================================================

2026-08-20 21:05:49 [DEBUG] coder_eval.utils: Resolved @uipath plugin-tools dir=/usr/lib/node_modules/@uipath from `uip` at /usr/lib/node_modules/@uipath/cli/dist/index.js
2026-08-20 21:05:49 [INFO] coder_eval.orchestrator: API routing: aws_bedrock
2026-08-20 21:05:49 [DEBUG] coder_eval.criteria: Discovered 15 criterion checkers
2026-08-20 21:05:49 [DEBUG] coder_eval.criteria: Validated 15 criterion checkers
2026-08-20 21:05:49 [DEBUG] coder_eval.utils: Resolved @uipath plugin-tools dir=/usr/lib/node_modules/@uipath from `uip` at /usr/lib/node_modules/@uipath/cli/dist/index.js
2026-08-20 21:05:50 [DEBUG] coder_eval.orchestrator: Sending prompt: Create a UiPath Maestro BPMN Process Orchestration project at:
  BusinessRuleDecision/BusinessRuleDe...
2026-08-20 21:05:50 [DEBUG] coder_eval.agents.claude_code_agent: [coder] Starting agent query stream...
2026-08-20 21:15:05 [DEBUG] coder_eval.agents.claude_code_agent: [coder] is_error ResultMessage; not advancing session_id (kept None)
2026-08-20 21:15:05 [DEBUG] coder_eval.agents.claude_code_agent: [coder] Generic Exception is error_max_turns; treating as clean turn
2026-08-20 21:15:05 [WARNING] coder_eval.agents.claude_code_agent: [coder] Agent exhausted max_turns (40); turn ended without completing
2026-08-20 21:15:05 [DEBUG] coder_eval.utils: Resolved @uipath plugin-tools dir=/usr/lib/node_modules/@uipath from `uip` at /usr/lib/node_modules/@uipath/cli/dist/index.js
2026-08-20 21:15:05 [DEBUG] coder_eval.orchestrator: Agent response received (1575 chars)
2026-08-20 21:15:05 [DEBUG] coder_eval.orchestrator: Checking success criteria
2026-08-20 21:15:05 [DEBUG] coder_eval.evaluation.checker: Criterion 'file_exists' score: 1.00
2026-08-20 21:15:05 [DEBUG] coder_eval.criteria.run_command: Running command for criterion 'Business rule task uses bpmn:businessRuleTask with Orchestrator.BusinessRules': python3 $TASK_DIR/check_business_rule_task.py
2026-08-20 21:15:06 [DEBUG] coder_eval.sandbox: Command 'python3 $TASK_DIR/check_business_rule_task.py' exited with code 1
2026-08-20 21:15:06 [DEBUG] coder_eval.sandbox: STDERR:
---
FAIL: project.uiproj main does not reference the BPMN file
---
2026-08-20 21:15:06 [DEBUG] coder_eval.evaluation.checker: Criterion 'run_command' score: 0.00
2026-08-20 21:15:06 [INFO] coder_eval.evaluation.checker: Criterion 'run_command' FAILED (score=0.00, threshold=1.00): Command: python3 $TASK_DIR/check_business_rule_task.py
2026-08-20 21:15:06 [INFO] coder_eval.orchestrator: Success criteria: 1/2 passed, weighted score: 0.200
2026-08-20 21:15:06 [WARNING] coder_eval.orchestrator: Agent exhausted max_turns (40) without passing criteria.
2026-08-20 21:15:06 [WARNING] coder_eval.orchestrator: Visible turns (47) exceeded expected_turns (28) at iteration 1 for task skill-bpmn-business-rule-task. Run continues — max_turns remains the hard cap.
2026-08-20 21:15:06 [DEBUG] coder_eval.utils: Resolved @uipath plugin-tools dir=/usr/lib/node_modules/@uipath from `uip` at /usr/lib/node_modules/@uipath/cli/dist/index.js
2026-08-20 21:15:06 [INFO] coder_eval.orchestrator: Running post-run command: find . -maxdepth 5 -type d \( -name node_modules -o -name .npm-prefix -o -name .venv \) -prune -exec rm -rf {} +
2026-08-20 21:15:06 [INFO] coder_eval.orchestrator: Sandbox preserved (in-place): /work/output/artifacts/skill-bpmn-business-rule-task
2026-08-20 21:15:06 [INFO] coder_eval.orchestrator: Task finished: status=MAX_TURNS_EXHAUSTED duration=568.4s score=0.200 iterations=1


================================================================================
TASK: default/skill-bpmn-calculator/00
================================================================================

2026-08-20 21:05:53 [DEBUG] coder_eval.utils: Resolved @uipath plugin-tools dir=/usr/lib/node_modules/@uipath from `uip` at /usr/lib/node_modules/@uipath/cli/dist/index.js
2026-08-20 21:05:53 [INFO] coder_eval.orchestrator: API routing: aws_bedrock
2026-08-20 21:05:54 [DEBUG] coder_eval.criteria: Discovered 15 criterion checkers
2026-08-20 21:05:54 [DEBUG] coder_eval.criteria: Validated 15 criterion checkers
2026-08-20 21:05:54 [DEBUG] coder_eval.utils: Resolved @uipath plugin-tools dir=/usr/lib/node_modules/@uipath from `uip` at /usr/lib/node_modules/@uipath/cli/dist/index.js
2026-08-20 21:05:55 [DEBUG] coder_eval.orchestrator: Sending prompt: Load and follow the uipath-maestro-bpmn skill.

Author a local Maestro BPMN project named "Calculato...
2026-08-20 21:05:55 [DEBUG] coder_eval.agents.claude_code_agent: [coder] Starting agent query stream...
2026-08-20 21:09:40 [DEBUG] coder_eval.agents.claude_code_agent: [coder] session_id changed: None -> 09be30a9-057d-4f38-a082-514c1e0b7511
2026-08-20 21:09:40 [DEBUG] coder_eval.agents.claude_code_agent: [coder] Agent query stream ended
2026-08-20 21:09:40 [DEBUG] coder_eval.utils: Resolved @uipath plugin-tools dir=/usr/lib/node_modules/@uipath from `uip` at /usr/lib/node_modules/@uipath/cli/dist/index.js
2026-08-20 21:09:40 [DEBUG] coder_eval.orchestrator: Agent response received (3241 chars)
2026-08-20 21:09:40 [DEBUG] coder_eval.orchestrator: Checking success criteria
2026-08-20 21:09:40 [DEBUG] coder_eval.evaluation.checker: Criterion 'file_exists' score: 1.00
2026-08-20 21:09:40 [DEBUG] coder_eval.evaluation.checker: Criterion 'file_contains' score: 1.00
2026-08-20 21:09:40 [DEBUG] coder_eval.criteria.run_command: Running command for criterion 'BPMN has multi-way exclusive-gateway routing, one script task per branch, and valid DI': python3 $TASK_DIR/check_calculator.py
2026-08-20 21:09:41 [DEBUG] coder_eval.sandbox: Command 'python3 $TASK_DIR/check_calculator.py' exited with code 0
2026-08-20 21:09:41 [DEBUG] coder_eval.sandbox: STDOUT:
---
OK: CalculatorBpmn/CalculatorBpmn.bpmn routes an operator through a multi-way exclusive gateway with per-branch script tasks
---
2026-08-20 21:09:41 [DEBUG] coder_eval.evaluation.checker: Criterion 'run_command' score: 1.00
2026-08-20 21:09:41 [INFO] coder_eval.orchestrator: Success criteria: 3/3 passed, weighted score: 1.000
2026-08-20 21:09:41 [WARNING] coder_eval.orchestrator: Visible turns (26) exceeded expected_turns (22) at iteration 1 for task skill-bpmn-calculator. Run continues — max_turns remains the hard cap.
2026-08-20 21:09:41 [DEBUG] coder_eval.utils: Resolved @uipath plugin-tools dir=/usr/lib/node_modules/@uipath from `uip` at /usr/lib/node_modules/@uipath/cli/dist/index.js
2026-08-20 21:09:41 [INFO] coder_eval.orchestrator: Running post-run command: find . -maxdepth 5 -type d \( -name node_modules -o -name .npm-prefix -o -name .venv \) -prune -exec rm -rf {} +
2026-08-20 21:09:41 [INFO] coder_eval.orchestrator: Sandbox preserved (in-place): /work/output/artifacts/skill-bpmn-calculator
2026-08-20 21:09:41 [INFO] coder_eval.orchestrator: Task finished: status=SUCCESS duration=239.0s score=1.000 iterations=1


================================================================================
TASK: default/skill-bpmn-callactivity-agentic-process/00
================================================================================

2026-08-20 21:05:53 [DEBUG] coder_eval.utils: Resolved @uipath plugin-tools dir=/usr/lib/node_modules/@uipath from `uip` at /usr/lib/node_modules/@uipath/cli/dist/index.js
2026-08-20 21:05:53 [INFO] coder_eval.orchestrator: API routing: aws_bedrock
2026-08-20 21:05:53 [DEBUG] coder_eval.criteria: Discovered 15 criterion checkers
2026-08-20 21:05:53 [DEBUG] coder_eval.criteria: Validated 15 criterion checkers
2026-08-20 21:05:53 [DEBUG] coder_eval.utils: Resolved @uipath plugin-tools dir=/usr/lib/node_modules/@uipath from `uip` at /usr/lib/node_modules/@uipath/cli/dist/index.js
2026-08-20 21:05:54 [DEBUG] coder_eval.orchestrator: Sending prompt: Load and follow the uipath-maestro-bpmn skill.

Author a local Maestro BPMN project named "CallActiv...
2026-08-20 21:05:54 [DEBUG] coder_eval.agents.claude_code_agent: [coder] Starting agent query stream...
2026-08-20 21:10:06 [DEBUG] coder_eval.agents.claude_code_agent: [coder] session_id changed: None -> b9263737-a204-47af-b15f-cc604d07700f
2026-08-20 21:10:06 [DEBUG] coder_eval.agents.claude_code_agent: [coder] Agent query stream ended
2026-08-20 21:10:06 [DEBUG] coder_eval.utils: Resolved @uipath plugin-tools dir=/usr/lib/node_modules/@uipath from `uip` at /usr/lib/node_modules/@uipath/cli/dist/index.js
2026-08-20 21:10:06 [DEBUG] coder_eval.orchestrator: Agent response received (4117 chars)
2026-08-20 21:10:06 [DEBUG] coder_eval.orchestrator: Checking success criteria
2026-08-20 21:10:06 [DEBUG] coder_eval.evaluation.checker: Criterion 'file_exists' score: 1.00
2026-08-20 21:10:06 [DEBUG] coder_eval.evaluation.checker: Criterion 'command_executed' score: 1.00
2026-08-20 21:10:06 [DEBUG] coder_eval.criteria.run_command: Running command for criterion 'StartAgenticProcess hosted on a bpmn:callActivity (not a serviceTask) and the graph is sound': python3 $TASK_DIR/check_callactivity_agentic.py
2026-08-20 21:10:07 [DEBUG] coder_eval.sandbox: Command 'python3 $TASK_DIR/check_callactivity_agentic.py' exited with code 0
2026-08-20 21:10:07 [DEBUG] coder_eval.sandbox: STDOUT:
---
OK: CallActivityAgenticBpmn/CallActivityAgenticBpmn.bpmn hosts Orchestrator.StartAgenticProcess on a bpmn:callActivity
---
2026-08-20 21:10:07 [DEBUG] coder_eval.evaluation.checker: Criterion 'run_command' score: 1.00
2026-08-20 21:10:07 [INFO] coder_eval.orchestrator: Success criteria: 3/3 passed, weighted score: 1.000
2026-08-20 21:10:07 [WARNING] coder_eval.orchestrator: Visible turns (29) exceeded expected_turns (18) at iteration 1 for task skill-bpmn-callactivity-agentic-process. Run continues — max_turns remains the hard cap.
2026-08-20 21:10:07 [DEBUG] coder_eval.utils: Resolved @uipath plugin-tools dir=/usr/lib/node_modules/@uipath from `uip` at /usr/lib/node_modules/@uipath/cli/dist/index.js
2026-08-20 21:10:07 [INFO] coder_eval.orchestrator: Running post-run command: find . -maxdepth 5 -type d \( -name node_modules -o -name .npm-prefix -o -name .venv \) -prune -exec rm -rf {} +
2026-08-20 21:10:07 [INFO] coder_eval.orchestrator: Sandbox preserved (in-place): /work/output/artifacts/skill-bpmn-callactivity-agentic-process
2026-08-20 21:10:07 [INFO] coder_eval.orchestrator: Task finished: status=SUCCESS duration=265.6s score=1.000 iterations=1


================================================================================
TASK: default/skill-bpmn-contract-variant-wrappers/00
================================================================================

2026-08-20 21:08:19 [DEBUG] coder_eval.utils: Resolved @uipath plugin-tools dir=/usr/lib/node_modules/@uipath from `uip` at /usr/lib/node_modules/@uipath/cli/dist/index.js
2026-08-20 21:08:19 [INFO] coder_eval.orchestrator: API routing: aws_bedrock
2026-08-20 21:08:19 [DEBUG] coder_eval.criteria: Discovered 15 criterion checkers
2026-08-20 21:08:19 [DEBUG] coder_eval.criteria: Validated 15 criterion checkers
2026-08-20 21:08:19 [DEBUG] coder_eval.utils: Resolved @uipath plugin-tools dir=/usr/lib/node_modules/@uipath from `uip` at /usr/lib/node_modules/@uipath/cli/dist/index.js
2026-08-20 21:08:19 [DEBUG] coder_eval.orchestrator: Sending prompt: Create a local BPMN project named "ContractVariantsBpmn".
Use synthetic placeholder resource names o...
2026-08-20 21:08:19 [DEBUG] coder_eval.agents.claude_code_agent: [coder] Starting agent query stream...
2026-08-20 21:49:08 [DEBUG] coder_eval.agents.claude_code_agent: [coder] is_error ResultMessage; not advancing session_id (kept None)
2026-08-20 21:49:08 [DEBUG] coder_eval.agents.claude_code_agent: [coder] Generic Exception is error_max_turns; treating as clean turn
2026-08-20 21:49:08 [WARNING] coder_eval.agents.claude_code_agent: [coder] Agent exhausted max_turns (90); turn ended without completing
2026-08-20 21:49:08 [DEBUG] coder_eval.utils: Resolved @uipath plugin-tools dir=/usr/lib/node_modules/@uipath from `uip` at /usr/lib/node_modules/@uipath/cli/dist/index.js
2026-08-20 21:49:08 [DEBUG] coder_eval.orchestrator: Agent response received (1411 chars)
2026-08-20 21:49:08 [DEBUG] coder_eval.orchestrator: Checking success criteria
2026-08-20 21:49:08 [DEBUG] coder_eval.criteria.run_command: Running command for criterion 'Contract variant wrappers use the documented BPMN element types': python3 $TASK_DIR/check_contract_variant_wrappers.py
2026-08-20 21:49:08 [DEBUG] coder_eval.sandbox: Command 'python3 $TASK_DIR/check_contract_variant_wrappers.py' exited with code 0
2026-08-20 21:49:08 [DEBUG] coder_eval.sandbox: STDOUT:
---
OK: ContractVariantsBpmn/ContractVariantsBpmn.bpmn contains public-safe Maestro BPMN XML contract variants
---
2026-08-20 21:49:08 [DEBUG] coder_eval.evaluation.checker: Criterion 'run_command' score: 1.00
2026-08-20 21:49:08 [INFO] coder_eval.orchestrator: Success criteria: 1/1 passed, weighted score: 1.000
2026-08-20 21:49:08 [WARNING] coder_eval.orchestrator: Agent exhausted max_turns (90) without passing criteria.
2026-08-20 21:49:08 [WARNING] coder_eval.orchestrator: Visible turns (92) exceeded expected_turns (20) at iteration 1 for task skill-bpmn-contract-variant-wrappers. Run continues — max_turns remains the hard cap.
2026-08-20 21:49:08 [DEBUG] coder_eval.utils: Resolved @uipath plugin-tools dir=/usr/lib/node_modules/@uipath from `uip` at /usr/lib/node_modules/@uipath/cli/dist/index.js
2026-08-20 21:49:08 [INFO] coder_eval.orchestrator: Running post-run command: find . -maxdepth 5 -type d \( -name node_modules -o -name .npm-prefix -o -name .venv \) -prune -exec rm -rf {} +
2026-08-20 21:49:08 [INFO] coder_eval.orchestrator: Sandbox preserved (in-place): /work/output/artifacts/skill-bpmn-contract-variant-wrappers
2026-08-20 21:49:08 [INFO] coder_eval.orchestrator: Task finished: status=SUCCESS duration=2454.5s score=1.000 iterations=1


================================================================================
TASK: default/skill-bpmn-debug-instance-inspect/00
================================================================================

2026-08-20 21:09:38 [DEBUG] coder_eval.utils: Resolved @uipath plugin-tools dir=/usr/lib/node_modules/@uipath from `uip` at /usr/lib/node_modules/@uipath/cli/dist/index.js
2026-08-20 21:09:38 [INFO] coder_eval.orchestrator: API routing: aws_bedrock
2026-08-20 21:09:38 [DEBUG] coder_eval.criteria: Discovered 15 criterion checkers
2026-08-20 21:09:38 [DEBUG] coder_eval.criteria: Validated 15 criterion checkers
2026-08-20 21:09:38 [DEBUG] coder_eval.utils: Resolved @uipath plugin-tools dir=/usr/lib/node_modules/@uipath from `uip` at /usr/lib/node_modules/@uipath/cli/dist/index.js
2026-08-20 21:09:38 [DEBUG] coder_eval.orchestrator: Sending prompt: A Maestro BPMN debug session faulted. You have only the debug-session
identifier:
- debug instance i...
2026-08-20 21:09:39 [DEBUG] coder_eval.agents.claude_code_agent: [coder] Starting agent query stream...
2026-08-20 21:11:21 [DEBUG] coder_eval.agents.claude_code_agent: [coder] session_id changed: None -> 07cc7a27-29f0-48cd-9359-8a76f03d1978
2026-08-20 21:11:21 [DEBUG] coder_eval.agents.claude_code_agent: [coder] Agent query stream ended
2026-08-20 21:11:21 [DEBUG] coder_eval.utils: `uip` at /work/output/artifacts/skill-bpmn-debug-instance-inspect/mocks/uip is not inside a recognizable node_modules/@uipath tree
2026-08-20 21:11:21 [DEBUG] coder_eval.orchestrator: Agent response received (1552 chars)
2026-08-20 21:11:21 [DEBUG] coder_eval.orchestrator: Checking success criteria
2026-08-20 21:11:21 [DEBUG] coder_eval.evaluation.checker: Criterion 'command_executed' score: 1.00
2026-08-20 21:11:21 [DEBUG] coder_eval.evaluation.checker: Criterion 'command_executed' score: 1.00
2026-08-20 21:11:21 [DEBUG] coder_eval.evaluation.checker: Criterion 'command_executed' score: 1.00
2026-08-20 21:11:21 [DEBUG] coder_eval.evaluation.checker: Criterion 'file_contains' score: 1.00
2026-08-20 21:11:21 [DEBUG] coder_eval.evaluation.checker: Criterion 'command_executed' score: 1.00
2026-08-20 21:11:21 [INFO] coder_eval.orchestrator: Success criteria: 5/5 passed, weighted score: 1.000
2026-08-20 21:11:21 [WARNING] coder_eval.orchestrator: Visible turns (19) exceeded expected_turns (14) at iteration 1 for task skill-bpmn-debug-instance-inspect. Run continues — max_turns remains the hard cap.
2026-08-20 21:11:21 [DEBUG] coder_eval.utils: `uip` at /work/output/artifacts/skill-bpmn-debug-instance-inspect/mocks/uip is not inside a recognizable node_modules/@uipath tree
2026-08-20 21:11:21 [INFO] coder_eval.orchestrator: Running post-run command: find . -maxdepth 5 -type d \( -name node_modules -o -name .npm-prefix -o -name .venv \) -prune -exec rm -rf {} +
2026-08-20 21:11:21 [INFO] coder_eval.orchestrator: Sandbox preserved (in-place): /work/output/artifacts/skill-bpmn-debug-instance-inspect
2026-08-20 21:11:21 [INFO] coder_eval.orchestrator: Task finished: status=SUCCESS duration=107.2s score=1.000 iterations=1


================================================================================
TASK: default/skill-bpmn-debug-not-validation/00
================================================================================

2026-08-20 21:07:46 [DEBUG] coder_eval.utils: Resolved @uipath plugin-tools dir=/usr/lib/node_modules/@uipath from `uip` at /usr/lib/node_modules/@uipath/cli/dist/index.js
2026-08-20 21:07:46 [INFO] coder_eval.orchestrator: API routing: aws_bedrock
2026-08-20 21:07:47 [DEBUG] coder_eval.criteria: Discovered 15 criterion checkers
2026-08-20 21:07:47 [DEBUG] coder_eval.criteria: Validated 15 criterion checkers
2026-08-20 21:07:47 [DEBUG] coder_eval.utils: Resolved @uipath plugin-tools dir=/usr/lib/node_modules/@uipath from `uip` at /usr/lib/node_modules/@uipath/cli/dist/index.js
2026-08-20 21:07:47 [DEBUG] coder_eval.orchestrator: Sending prompt: Load and follow the uipath-maestro-bpmn skill.

Author a single Maestro BPMN file `PriorityRouting.b...
2026-08-20 21:07:47 [DEBUG] coder_eval.agents.claude_code_agent: [coder] Starting agent query stream...
2026-08-20 21:08:57 [DEBUG] coder_eval.agents.claude_code_agent: [coder] session_id changed: None -> 32903b76-89e5-470d-895c-f33e8afd93ad
2026-08-20 21:08:57 [DEBUG] coder_eval.agents.claude_code_agent: [coder] Agent query stream ended
2026-08-20 21:08:57 [DEBUG] coder_eval.utils: Resolved @uipath plugin-tools dir=/usr/lib/node_modules/@uipath from `uip` at /usr/lib/node_modules/@uipath/cli/dist/index.js
2026-08-20 21:08:57 [DEBUG] coder_eval.orchestrator: Agent response received (1290 chars)
2026-08-20 21:08:57 [DEBUG] coder_eval.orchestrator: Checking success criteria
2026-08-20 21:08:57 [DEBUG] coder_eval.evaluation.checker: Criterion 'file_exists' score: 0.00
2026-08-20 21:08:57 [INFO] coder_eval.evaluation.checker: Criterion 'file_exists' FAILED (score=0.00, threshold=1.00): File 'PriorityRouting.bpmn' does not exist
2026-08-20 21:08:57 [DEBUG] coder_eval.evaluation.checker: Criterion 'command_executed' score: 1.00
2026-08-20 21:08:57 [DEBUG] coder_eval.evaluation.checker: Criterion 'command_executed' score: 1.00
2026-08-20 21:08:57 [DEBUG] coder_eval.criteria.run_command: Running command for criterion 'Authored BPMN is well-formed, fully shaped, and gateway-routed': python3 $TASK_DIR/check_debug_not_validation.py
2026-08-20 21:08:59 [DEBUG] coder_eval.sandbox: Command 'python3 $TASK_DIR/check_debug_not_validation.py' exited with code 0
2026-08-20 21:08:59 [DEBUG] coder_eval.sandbox: STDOUT:
---
OK: PriorityRouting/PriorityRouting.bpmn is well-formed, fully shaped, and gateway-routed
---
2026-08-20 21:08:59 [DEBUG] coder_eval.evaluation.checker: Criterion 'run_command' score: 1.00
2026-08-20 21:08:59 [INFO] coder_eval.orchestrator: Success criteria: 3/4 passed, weighted score: 0.882
2026-08-20 21:08:59 [DEBUG] coder_eval.utils: Resolved @uipath plugin-tools dir=/usr/lib/node_modules/@uipath from `uip` at /usr/lib/node_modules/@uipath/cli/dist/index.js
2026-08-20 21:08:59 [INFO] coder_eval.orchestrator: Running post-run command: find . -maxdepth 5 -type d \( -name node_modules -o -name .npm-prefix -o -name .venv \) -prune -exec rm -rf {} +
2026-08-20 21:08:59 [INFO] coder_eval.orchestrator: Sandbox preserved (in-place): /work/output/artifacts/skill-bpmn-debug-not-validation
2026-08-20 21:08:59 [INFO] coder_eval.orchestrator: Task finished: status=FAILURE duration=77.6s score=0.882 iterations=1


================================================================================
TASK: default/skill-bpmn-debug-workflow-mocked/00
================================================================================

2026-08-20 21:05:52 [DEBUG] coder_eval.utils: Resolved @uipath plugin-tools dir=/usr/lib/node_modules/@uipath from `uip` at /usr/lib/node_modules/@uipath/cli/dist/index.js
2026-08-20 21:05:52 [INFO] coder_eval.orchestrator: API routing: aws_bedrock
2026-08-20 21:05:52 [DEBUG] coder_eval.criteria: Discovered 15 criterion checkers
2026-08-20 21:05:52 [DEBUG] coder_eval.criteria: Validated 15 criterion checkers
2026-08-20 21:05:52 [DEBUG] coder_eval.utils: Resolved @uipath plugin-tools dir=/usr/lib/node_modules/@uipath from `uip` at /usr/lib/node_modules/@uipath/cli/dist/index.js
2026-08-20 21:05:53 [DEBUG] coder_eval.orchestrator: Sending prompt: A local Maestro BPMN project already exists at `./OrderApproval`. Debug it
and report what the run p...
2026-08-20 21:05:53 [DEBUG] coder_eval.agents.claude_code_agent: [coder] Starting agent query stream...
2026-08-20 21:06:41 [DEBUG] coder_eval.agents.claude_code_agent: [coder] session_id changed: None -> 1813368d-2bf1-4473-a57e-aea7da880569
2026-08-20 21:06:41 [DEBUG] coder_eval.agents.claude_code_agent: [coder] Agent query stream ended
2026-08-20 21:06:41 [DEBUG] coder_eval.utils: `uip` at /work/output/artifacts/skill-bpmn-debug-workflow-mocked/mocks/uip is not inside a recognizable node_modules/@uipath tree
2026-08-20 21:06:41 [DEBUG] coder_eval.orchestrator: Agent response received (1220 chars)
2026-08-20 21:06:41 [DEBUG] coder_eval.orchestrator: Checking success criteria
2026-08-20 21:06:41 [DEBUG] coder_eval.evaluation.checker: Criterion 'command_executed' score: 1.00
2026-08-20 21:06:41 [DEBUG] coder_eval.evaluation.checker: Criterion 'command_executed' score: 1.00
2026-08-20 21:06:41 [DEBUG] coder_eval.evaluation.checker: Criterion 'file_contains' score: 1.00
2026-08-20 21:06:41 [DEBUG] coder_eval.evaluation.checker: Criterion 'command_executed' score: 1.00
2026-08-20 21:06:41 [INFO] coder_eval.orchestrator: Success criteria: 4/4 passed, weighted score: 1.000
2026-08-20 21:06:41 [DEBUG] coder_eval.utils: `uip` at /work/output/artifacts/skill-bpmn-debug-workflow-mocked/mocks/uip is not inside a recognizable node_modules/@uipath tree
2026-08-20 21:06:41 [INFO] coder_eval.orchestrator: Running post-run command: find . -maxdepth 5 -type d \( -name node_modules -o -name .npm-prefix -o -name .venv \) -prune -exec rm -rf {} +
2026-08-20 21:06:41 [INFO] coder_eval.orchestrator: Sandbox preserved (in-place): /work/output/artifacts/skill-bpmn-debug-workflow-mocked
2026-08-20 21:06:41 [INFO] coder_eval.orchestrator: Task finished: status=SUCCESS duration=59.8s score=1.000 iterations=1


================================================================================
TASK: default/skill-bpmn-diagnose-deployed-drift/00
================================================================================

2026-08-20 21:08:20 [DEBUG] coder_eval.utils: Resolved @uipath plugin-tools dir=/usr/lib/node_modules/@uipath from `uip` at /usr/lib/node_modules/@uipath/cli/dist/index.js
2026-08-20 21:08:20 [INFO] coder_eval.orchestrator: API routing: aws_bedrock
2026-08-20 21:08:20 [DEBUG] coder_eval.criteria: Discovered 15 criterion checkers
2026-08-20 21:08:20 [DEBUG] coder_eval.criteria: Validated 15 criterion checkers
2026-08-20 21:08:20 [DEBUG] coder_eval.utils: Resolved @uipath plugin-tools dir=/usr/lib/node_modules/@uipath from `uip` at /usr/lib/node_modules/@uipath/cli/dist/index.js
2026-08-20 21:08:20 [DEBUG] coder_eval.orchestrator: Sending prompt: A UiPath Maestro BPMN instance behaved differently from the local source. The
local file `OrderRouti...
2026-08-20 21:08:20 [DEBUG] coder_eval.agents.claude_code_agent: [coder] Starting agent query stream...
2026-08-20 21:09:16 [DEBUG] coder_eval.agents.claude_code_agent: [coder] session_id changed: None -> 402aa238-5662-42fe-a134-cb5a0fca31aa
2026-08-20 21:09:16 [DEBUG] coder_eval.agents.claude_code_agent: [coder] Agent query stream ended
2026-08-20 21:09:16 [DEBUG] coder_eval.utils: `uip` at /work/output/artifacts/skill-bpmn-diagnose-deployed-drift/mocks/uip is not inside a recognizable node_modules/@uipath tree
2026-08-20 21:09:16 [DEBUG] coder_eval.orchestrator: Agent response received (1412 chars)
2026-08-20 21:09:16 [DEBUG] coder_eval.orchestrator: Checking success criteria
2026-08-20 21:09:16 [DEBUG] coder_eval.evaluation.checker: Criterion 'command_executed' score: 1.00
2026-08-20 21:09:16 [DEBUG] coder_eval.evaluation.checker: Criterion 'file_contains' score: 1.00
2026-08-20 21:09:16 [INFO] coder_eval.orchestrator: Success criteria: 2/2 passed, weighted score: 1.000
2026-08-20 21:09:16 [DEBUG] coder_eval.utils: `uip` at /work/output/artifacts/skill-bpmn-diagnose-deployed-drift/mocks/uip is not inside a recognizable node_modules/@uipath tree
2026-08-20 21:09:17 [INFO] coder_eval.orchestrator: Running post-run command: find . -maxdepth 5 -type d \( -name node_modules -o -name .npm-prefix -o -name .venv \) -prune -exec rm -rf {} +
2026-08-20 21:09:17 [INFO] coder_eval.orchestrator: Sandbox preserved (in-place): /work/output/artifacts/skill-bpmn-diagnose-deployed-drift
2026-08-20 21:09:17 [INFO] coder_eval.orchestrator: Task finished: status=SUCCESS duration=62.3s score=1.000 iterations=1


================================================================================
TASK: default/skill-bpmn-diagnose-incident-root-cause/00
================================================================================

2026-08-20 21:08:04 [DEBUG] coder_eval.utils: Resolved @uipath plugin-tools dir=/usr/lib/node_modules/@uipath from `uip` at /usr/lib/node_modules/@uipath/cli/dist/index.js
2026-08-20 21:08:04 [INFO] coder_eval.orchestrator: API routing: aws_bedrock
2026-08-20 21:08:05 [DEBUG] coder_eval.criteria: Discovered 15 criterion checkers
2026-08-20 21:08:05 [DEBUG] coder_eval.criteria: Validated 15 criterion checkers
2026-08-20 21:08:05 [DEBUG] coder_eval.utils: Resolved @uipath plugin-tools dir=/usr/lib/node_modules/@uipath from `uip` at /usr/lib/node_modules/@uipath/cli/dist/index.js
2026-08-20 21:08:05 [DEBUG] coder_eval.orchestrator: Sending prompt: A UiPath Maestro BPMN instance failed with more than one incident. Diagnose it
using the mocked `uip...
2026-08-20 21:08:05 [DEBUG] coder_eval.agents.claude_code_agent: [coder] Starting agent query stream...
2026-08-20 21:08:43 [DEBUG] coder_eval.agents.claude_code_agent: [coder] session_id changed: None -> 53115455-e069-451b-bcd5-1d9693a8e939
2026-08-20 21:08:44 [DEBUG] coder_eval.agents.claude_code_agent: [coder] Agent query stream ended
2026-08-20 21:08:44 [DEBUG] coder_eval.utils: `uip` at /work/output/artifacts/skill-bpmn-diagnose-incident-root-cause/mocks/uip is not inside a recognizable node_modules/@uipath tree
2026-08-20 21:08:44 [DEBUG] coder_eval.orchestrator: Agent response received (1727 chars)
2026-08-20 21:08:44 [DEBUG] coder_eval.orchestrator: Checking success criteria
2026-08-20 21:08:44 [DEBUG] coder_eval.evaluation.checker: Criterion 'command_executed' score: 1.00
2026-08-20 21:08:44 [DEBUG] coder_eval.evaluation.checker: Criterion 'command_executed' score: 1.00
2026-08-20 21:08:44 [DEBUG] coder_eval.evaluation.checker: Criterion 'command_executed' score: 1.00
2026-08-20 21:08:44 [DEBUG] coder_eval.evaluation.checker: Criterion 'file_contains' score: 1.00
2026-08-20 21:08:44 [INFO] coder_eval.orchestrator: Success criteria: 4/4 passed, weighted score: 1.000
2026-08-20 21:08:44 [DEBUG] coder_eval.utils: `uip` at /work/output/artifacts/skill-bpmn-diagnose-incident-root-cause/mocks/uip is not inside a recognizable node_modules/@uipath tree
2026-08-20 21:08:44 [INFO] coder_eval.orchestrator: Running post-run command: find . -maxdepth 5 -type d \( -name node_modules -o -name .npm-prefix -o -name .venv \) -prune -exec rm -rf {} +
2026-08-20 21:08:44 [INFO] coder_eval.orchestrator: Sandbox preserved (in-place): /work/output/artifacts/skill-bpmn-diagnose-incident-root-cause
2026-08-20 21:08:44 [INFO] coder_eval.orchestrator: Task finished: status=SUCCESS duration=44.4s score=1.000 iterations=1


================================================================================
TASK: default/skill-bpmn-diagnose-job-traces/00
================================================================================

2026-08-20 21:07:45 [DEBUG] coder_eval.utils: Resolved @uipath plugin-tools dir=/usr/lib/node_modules/@uipath from `uip` at /usr/lib/node_modules/@uipath/cli/dist/index.js
2026-08-20 21:07:45 [INFO] coder_eval.orchestrator: API routing: aws_bedrock
2026-08-20 21:07:46 [DEBUG] coder_eval.criteria: Discovered 15 criterion checkers
2026-08-20 21:07:46 [DEBUG] coder_eval.criteria: Validated 15 criterion checkers
2026-08-20 21:07:46 [DEBUG] coder_eval.utils: Resolved @uipath plugin-tools dir=/usr/lib/node_modules/@uipath from `uip` at /usr/lib/node_modules/@uipath/cli/dist/index.js
2026-08-20 21:07:46 [DEBUG] coder_eval.orchestrator: Sending prompt: A UiPath Maestro BPMN job faulted, but the job summary lists no faulting
element and no incident was...
2026-08-20 21:07:46 [DEBUG] coder_eval.agents.claude_code_agent: [coder] Starting agent query stream...
2026-08-20 21:08:32 [DEBUG] coder_eval.agents.claude_code_agent: [coder] session_id changed: None -> 6c461695-55e1-4994-97ef-96bce676b5c1
2026-08-20 21:08:32 [DEBUG] coder_eval.agents.claude_code_agent: [coder] Agent query stream ended
2026-08-20 21:08:32 [DEBUG] coder_eval.utils: `uip` at /work/output/artifacts/skill-bpmn-diagnose-job-traces/mocks/uip is not inside a recognizable node_modules/@uipath tree
2026-08-20 21:08:32 [DEBUG] coder_eval.orchestrator: Agent response received (1336 chars)
2026-08-20 21:08:32 [DEBUG] coder_eval.orchestrator: Checking success criteria
2026-08-20 21:08:32 [DEBUG] coder_eval.evaluation.checker: Criterion 'command_executed' score: 1.00
2026-08-20 21:08:32 [DEBUG] coder_eval.evaluation.checker: Criterion 'command_executed' score: 1.00
2026-08-20 21:08:32 [DEBUG] coder_eval.evaluation.checker: Criterion 'file_contains' score: 1.00
2026-08-20 21:08:32 [INFO] coder_eval.orchestrator: Success criteria: 3/3 passed, weighted score: 1.000
2026-08-20 21:08:32 [DEBUG] coder_eval.utils: `uip` at /work/output/artifacts/skill-bpmn-diagnose-job-traces/mocks/uip is not inside a recognizable node_modules/@uipath tree
2026-08-20 21:08:32 [INFO] coder_eval.orchestrator: Running post-run command: find . -maxdepth 5 -type d \( -name node_modules -o -name .npm-prefix -o -name .venv \) -prune -exec rm -rf {} +
2026-08-20 21:08:32 [INFO] coder_eval.orchestrator: Sandbox preserved (in-place): /work/output/artifacts/skill-bpmn-diagnose-job-traces
2026-08-20 21:08:32 [INFO] coder_eval.orchestrator: Task finished: status=SUCCESS duration=50.6s score=1.000 iterations=1


================================================================================
TASK: default/skill-bpmn-diagnose-scoped-variables/00
================================================================================

2026-08-20 21:05:50 [DEBUG] coder_eval.utils: Resolved @uipath plugin-tools dir=/usr/lib/node_modules/@uipath from `uip` at /usr/lib/node_modules/@uipath/cli/dist/index.js
2026-08-20 21:05:50 [INFO] coder_eval.orchestrator: API routing: aws_bedrock
2026-08-20 21:05:50 [DEBUG] coder_eval.criteria: Discovered 15 criterion checkers
2026-08-20 21:05:50 [DEBUG] coder_eval.criteria: Validated 15 criterion checkers
2026-08-20 21:05:50 [DEBUG] coder_eval.utils: Resolved @uipath plugin-tools dir=/usr/lib/node_modules/@uipath from `uip` at /usr/lib/node_modules/@uipath/cli/dist/index.js
2026-08-20 21:05:51 [DEBUG] coder_eval.orchestrator: Sending prompt: A UiPath Maestro BPMN run finished with status Completed, but a stakeholder
reports the tax on the i...
2026-08-20 21:05:51 [DEBUG] coder_eval.agents.claude_code_agent: [coder] Starting agent query stream...
2026-08-20 21:06:44 [DEBUG] coder_eval.agents.claude_code_agent: [coder] session_id changed: None -> f4419f44-6a6b-4fad-98a9-c3e660928a16
2026-08-20 21:06:44 [DEBUG] coder_eval.agents.claude_code_agent: [coder] Agent query stream ended
2026-08-20 21:06:44 [DEBUG] coder_eval.utils: `uip` at /work/output/artifacts/skill-bpmn-diagnose-scoped-variables/mocks/uip is not inside a recognizable node_modules/@uipath tree
2026-08-20 21:06:44 [DEBUG] coder_eval.orchestrator: Agent response received (1829 chars)
2026-08-20 21:06:44 [DEBUG] coder_eval.orchestrator: Checking success criteria
2026-08-20 21:06:44 [DEBUG] coder_eval.evaluation.checker: Criterion 'command_executed' score: 1.00
2026-08-20 21:06:44 [DEBUG] coder_eval.evaluation.checker: Criterion 'file_contains' score: 1.00
2026-08-20 21:06:44 [INFO] coder_eval.orchestrator: Success criteria: 2/2 passed, weighted score: 1.000
2026-08-20 21:06:44 [DEBUG] coder_eval.utils: `uip` at /work/output/artifacts/skill-bpmn-diagnose-scoped-variables/mocks/uip is not inside a recognizable node_modules/@uipath tree
2026-08-20 21:06:45 [INFO] coder_eval.orchestrator: Running post-run command: find . -maxdepth 5 -type d \( -name node_modules -o -name .npm-prefix -o -name .venv \) -prune -exec rm -rf {} +
2026-08-20 21:06:45 [INFO] coder_eval.orchestrator: Sandbox preserved (in-place): /work/output/artifacts/skill-bpmn-diagnose-scoped-variables
2026-08-20 21:06:45 [INFO] coder_eval.orchestrator: Task finished: status=SUCCESS duration=67.4s score=1.000 iterations=1


================================================================================
TASK: default/skill-bpmn-diagnose-stuck-gateway/00
================================================================================

2026-08-20 21:07:02 [DEBUG] coder_eval.utils: Resolved @uipath plugin-tools dir=/usr/lib/node_modules/@uipath from `uip` at /usr/lib/node_modules/@uipath/cli/dist/index.js
2026-08-20 21:07:02 [INFO] coder_eval.orchestrator: API routing: aws_bedrock
2026-08-20 21:07:02 [DEBUG] coder_eval.criteria: Discovered 15 criterion checkers
2026-08-20 21:07:02 [DEBUG] coder_eval.criteria: Validated 15 criterion checkers
2026-08-20 21:07:02 [DEBUG] coder_eval.utils: Resolved @uipath plugin-tools dir=/usr/lib/node_modules/@uipath from `uip` at /usr/lib/node_modules/@uipath/cli/dist/index.js
2026-08-20 21:07:03 [DEBUG] coder_eval.orchestrator: Sending prompt: A UiPath Maestro BPMN run is stuck: it never faulted and never completed. It
is parked mid-flow. Dia...
2026-08-20 21:07:03 [DEBUG] coder_eval.agents.claude_code_agent: [coder] Starting agent query stream...
2026-08-20 21:08:13 [DEBUG] coder_eval.agents.claude_code_agent: [coder] session_id changed: None -> 60028eff-f3c1-4818-afd4-9ddfdc53145c
2026-08-20 21:08:13 [DEBUG] coder_eval.agents.claude_code_agent: [coder] Agent query stream ended
2026-08-20 21:08:13 [DEBUG] coder_eval.utils: `uip` at /work/output/artifacts/skill-bpmn-diagnose-stuck-gateway/mocks/uip is not inside a recognizable node_modules/@uipath tree
2026-08-20 21:08:13 [DEBUG] coder_eval.orchestrator: Agent response received (1409 chars)
2026-08-20 21:08:13 [DEBUG] coder_eval.orchestrator: Checking success criteria
2026-08-20 21:08:13 [DEBUG] coder_eval.evaluation.checker: Criterion 'command_executed' score: 1.00
2026-08-20 21:08:13 [DEBUG] coder_eval.evaluation.checker: Criterion 'command_executed' score: 1.00
2026-08-20 21:08:13 [DEBUG] coder_eval.evaluation.checker: Criterion 'file_contains' score: 1.00
2026-08-20 21:08:13 [INFO] coder_eval.orchestrator: Success criteria: 3/3 passed, weighted score: 1.000
2026-08-20 21:08:13 [DEBUG] coder_eval.utils: `uip` at /work/output/artifacts/skill-bpmn-diagnose-stuck-gateway/mocks/uip is not inside a recognizable node_modules/@uipath tree
2026-08-20 21:08:14 [INFO] coder_eval.orchestrator: Running post-run command: find . -maxdepth 5 -type d \( -name node_modules -o -name .npm-prefix -o -name .venv \) -prune -exec rm -rf {} +
2026-08-20 21:08:14 [INFO] coder_eval.orchestrator: Sandbox preserved (in-place): /work/output/artifacts/skill-bpmn-diagnose-stuck-gateway
2026-08-20 21:08:14 [INFO] coder_eval.orchestrator: Task finished: status=SUCCESS duration=78.8s score=1.000 iterations=1


================================================================================
TASK: default/skill-bpmn-diagnose-validate-fix-loop/00
================================================================================

2026-08-20 21:09:33 [DEBUG] coder_eval.utils: Resolved @uipath plugin-tools dir=/usr/lib/node_modules/@uipath from `uip` at /usr/lib/node_modules/@uipath/cli/dist/index.js
2026-08-20 21:09:33 [INFO] coder_eval.orchestrator: API routing: aws_bedrock
2026-08-20 21:09:33 [DEBUG] coder_eval.criteria: Discovered 15 criterion checkers
2026-08-20 21:09:33 [DEBUG] coder_eval.criteria: Validated 15 criterion checkers
2026-08-20 21:09:33 [DEBUG] coder_eval.utils: Resolved @uipath plugin-tools dir=/usr/lib/node_modules/@uipath from `uip` at /usr/lib/node_modules/@uipath/cli/dist/index.js
2026-08-20 21:09:33 [INFO] coder_eval.orchestrator: Running pre-run command: out=$(uip maestro bpmn validate ExpenseApproval.bpmn --output json 2>&1); if [ $? -eq 0 ]; then echo "CLI reported the seeded-broken fixture as VALID — the installed uip likely predates the BPMN structural rules (needs cli#3135). Update the CLI."; exit 1; fi; if printf '%s' "$out" | grep -q '"Result": "Failure"'; then exit 0; fi; echo "uip maestro bpmn validate did not run as expected (missing command or not cli#3135?). Output: $out"; exit 1

2026-08-20 21:09:36 [DEBUG] coder_eval.orchestrator: Sending prompt: Load and follow the uipath-maestro-bpmn skill.

A Maestro BPMN file `ExpenseApproval.bpmn` is in the...
2026-08-20 21:09:36 [DEBUG] coder_eval.agents.claude_code_agent: [coder] Starting agent query stream...
2026-08-20 21:10:04 [DEBUG] coder_eval.agents.claude_code_agent: [coder] session_id changed: None -> 14024878-59d7-474c-ae14-c752e73ca55f
2026-08-20 21:10:04 [DEBUG] coder_eval.agents.claude_code_agent: [coder] Agent query stream ended
2026-08-20 21:10:04 [DEBUG] coder_eval.utils: Resolved @uipath plugin-tools dir=/usr/lib/node_modules/@uipath from `uip` at /usr/lib/node_modules/@uipath/cli/dist/index.js
2026-08-20 21:10:04 [DEBUG] coder_eval.orchestrator: Agent response received (866 chars)
2026-08-20 21:10:04 [DEBUG] coder_eval.orchestrator: Checking success criteria
2026-08-20 21:10:04 [DEBUG] coder_eval.evaluation.checker: Criterion 'file_exists' score: 1.00
2026-08-20 21:10:04 [DEBUG] coder_eval.evaluation.checker: Criterion 'command_executed' score: 1.00
2026-08-20 21:10:04 [DEBUG] coder_eval.evaluation.checker: Criterion 'file_contains' score: 1.00
2026-08-20 21:10:04 [DEBUG] coder_eval.criteria.run_command: Running command for criterion 'uip maestro bpmn validate now reports the BPMN file valid (exit 0)': uip maestro bpmn validate ExpenseApproval.bpmn --output json
2026-08-20 21:10:08 [DEBUG] coder_eval.sandbox: Command 'uip maestro bpmn validate ExpenseApproval.bpmn --output json' exited with code 0
2026-08-20 21:10:08 [DEBUG] coder_eval.sandbox: STDOUT:
---
{
  "Result": "Success",
  "Code": "BpmnValidate",
  "Data": {
    "File": "/work/output/artifacts/skill-bpmn-diagnose-validate-fix-loop/ExpenseApproval.bpmn",
    "Status": "Valid",
    "ProcessCount": 1,
    "StartEventCount": 1,
    "UiPathExtensionCount": 2
  }
}
---
2026-08-20 21:10:08 [DEBUG] coder_eval.evaluation.checker: Criterion 'run_command' score: 1.00
2026-08-20 21:10:08 [INFO] coder_eval.orchestrator: Success criteria: 4/4 passed, weighted score: 1.000
2026-08-20 21:10:08 [DEBUG] coder_eval.utils: Resolved @uipath plugin-tools dir=/usr/lib/node_modules/@uipath from `uip` at /usr/lib/node_modules/@uipath/cli/dist/index.js
2026-08-20 21:10:08 [INFO] coder_eval.orchestrator: Running post-run command: find . -maxdepth 5 -type d \( -name node_modules -o -name .npm-prefix -o -name .venv \) -prune -exec rm -rf {} +
2026-08-20 21:10:08 [INFO] coder_eval.orchestrator: Sandbox preserved (in-place): /work/output/artifacts/skill-bpmn-diagnose-validate-fix-loop
2026-08-20 21:10:08 [INFO] coder_eval.orchestrator: Task finished: status=SUCCESS duration=41.4s score=1.000 iterations=1


================================================================================
TASK: default/skill-bpmn-dice-roller/00
================================================================================

2026-08-20 21:05:52 [DEBUG] coder_eval.utils: Resolved @uipath plugin-tools dir=/usr/lib/node_modules/@uipath from `uip` at /usr/lib/node_modules/@uipath/cli/dist/index.js
2026-08-20 21:05:52 [INFO] coder_eval.orchestrator: API routing: aws_bedrock
2026-08-20 21:05:53 [DEBUG] coder_eval.criteria: Discovered 15 criterion checkers
2026-08-20 21:05:53 [DEBUG] coder_eval.criteria: Validated 15 criterion checkers
2026-08-20 21:05:53 [DEBUG] coder_eval.utils: Resolved @uipath plugin-tools dir=/usr/lib/node_modules/@uipath from `uip` at /usr/lib/node_modules/@uipath/cli/dist/index.js
2026-08-20 21:05:53 [DEBUG] coder_eval.orchestrator: Sending prompt: Load and follow the uipath-maestro-bpmn skill.

Author a local Maestro BPMN project named "DiceRolle...
2026-08-20 21:05:54 [DEBUG] coder_eval.agents.claude_code_agent: [coder] Starting agent query stream...
2026-08-20 21:07:49 [DEBUG] coder_eval.agents.claude_code_agent: [coder] session_id changed: None -> cadce6cb-931e-4405-87bd-f43581300594
2026-08-20 21:07:49 [DEBUG] coder_eval.agents.claude_code_agent: [coder] Agent query stream ended
2026-08-20 21:07:49 [DEBUG] coder_eval.utils: Resolved @uipath plugin-tools dir=/usr/lib/node_modules/@uipath from `uip` at /usr/lib/node_modules/@uipath/cli/dist/index.js
2026-08-20 21:07:49 [DEBUG] coder_eval.orchestrator: Agent response received (2231 chars)
2026-08-20 21:07:49 [DEBUG] coder_eval.orchestrator: Checking success criteria
2026-08-20 21:07:49 [DEBUG] coder_eval.evaluation.checker: Criterion 'file_exists' score: 1.00
2026-08-20 21:07:49 [DEBUG] coder_eval.criteria.run_command: Running command for criterion 'BPMN has a randomness script task and an exclusive gateway on the result, with valid DI': python3 $TASK_DIR/check_dice_roller.py
2026-08-20 21:07:49 [DEBUG] coder_eval.sandbox: Command 'python3 $TASK_DIR/check_dice_roller.py' exited with code 0
2026-08-20 21:07:49 [DEBUG] coder_eval.sandbox: STDOUT:
---
OK: DiceRollerBpmn/DiceRollerBpmn.bpmn rolls a die in a script task and classifies it through an exclusive gateway
---
2026-08-20 21:07:49 [DEBUG] coder_eval.evaluation.checker: Criterion 'run_command' score: 1.00
2026-08-20 21:07:49 [INFO] coder_eval.orchestrator: Success criteria: 2/2 passed, weighted score: 1.000
2026-08-20 21:07:49 [DEBUG] coder_eval.utils: Resolved @uipath plugin-tools dir=/usr/lib/node_modules/@uipath from `uip` at /usr/lib/node_modules/@uipath/cli/dist/index.js
2026-08-20 21:07:49 [INFO] coder_eval.orchestrator: Running post-run command: find . -maxdepth 5 -type d \( -name node_modules -o -name .npm-prefix -o -name .venv \) -prune -exec rm -rf {} +
2026-08-20 21:07:49 [INFO] coder_eval.orchestrator: Sandbox preserved (in-place): /work/output/artifacts/skill-bpmn-dice-roller
2026-08-20 21:07:49 [INFO] coder_eval.orchestrator: Task finished: status=SUCCESS duration=128.8s score=1.000 iterations=1


================================================================================
TASK: default/skill-bpmn-e2e-customer-escalation/00
================================================================================

2026-08-20 21:05:48 [DEBUG] coder_eval.utils: Resolved @uipath plugin-tools dir=/usr/lib/node_modules/@uipath from `uip` at /usr/lib/node_modules/@uipath/cli/dist/index.js
2026-08-20 21:05:48 [INFO] coder_eval.orchestrator: API routing: aws_bedrock
2026-08-20 21:05:48 [DEBUG] coder_eval.criteria: Discovered 15 criterion checkers
2026-08-20 21:05:48 [DEBUG] coder_eval.criteria: Validated 15 criterion checkers
2026-08-20 21:05:48 [DEBUG] coder_eval.utils: Resolved @uipath plugin-tools dir=/usr/lib/node_modules/@uipath from `uip` at /usr/lib/node_modules/@uipath/cli/dist/index.js
2026-08-20 21:05:49 [DEBUG] coder_eval.orchestrator: Sending prompt: Create a new local Maestro BPMN Process Orchestration project named
CustomerEscalation. The project ...
2026-08-20 21:05:49 [DEBUG] coder_eval.agents.claude_code_agent: [coder] Starting agent query stream...
2026-08-20 21:12:12 [DEBUG] coder_eval.agents.claude_code_agent: [coder] session_id changed: None -> b78cbd04-5376-40ae-aae2-303571d140c9
2026-08-20 21:12:12 [DEBUG] coder_eval.agents.claude_code_agent: [coder] Agent query stream ended
2026-08-20 21:12:12 [DEBUG] coder_eval.utils: Resolved @uipath plugin-tools dir=/usr/lib/node_modules/@uipath from `uip` at /usr/lib/node_modules/@uipath/cli/dist/index.js
2026-08-20 21:12:12 [DEBUG] coder_eval.orchestrator: Agent response received (4561 chars)
2026-08-20 21:12:12 [DEBUG] coder_eval.orchestrator: Checking success criteria
2026-08-20 21:12:12 [DEBUG] coder_eval.evaluation.checker: Criterion 'file_exists' score: 1.00
2026-08-20 21:12:12 [DEBUG] coder_eval.evaluation.checker: Criterion 'file_exists' score: 1.00
2026-08-20 21:12:12 [DEBUG] coder_eval.evaluation.checker: Criterion 'file_exists' score: 1.00
2026-08-20 21:12:12 [DEBUG] coder_eval.criteria.run_command: Running command for criterion 'Generated BPMN project has two classifier scripts, gateway routing, a user-task escalation path, a ticket script, and package references': python3 $TASK_DIR/check_customer_escalation.py
2026-08-20 21:12:12 [DEBUG] coder_eval.sandbox: Command 'python3 $TASK_DIR/check_customer_escalation.py' exited with code 0
2026-08-20 21:12:12 [DEBUG] coder_eval.sandbox: STDOUT:
---
OK: CustomerEscalation/CustomerEscalation.bpmn classifies, routes, escalates via a user task, and ships consistent package metadata
---
2026-08-20 21:12:12 [DEBUG] coder_eval.evaluation.checker: Criterion 'run_command' score: 1.00
2026-08-20 21:12:12 [DEBUG] coder_eval.evaluation.judge_context: judge_context: include_reference=True but reference not set
2026-08-20 21:12:20 [DEBUG] coder_eval.evaluation.checker: Criterion 'llm_judge' score: 1.00
2026-08-20 21:12:20 [INFO] coder_eval.orchestrator: Success criteria: 5/5 passed, weighted score: 1.000
2026-08-20 21:12:20 [WARNING] coder_eval.orchestrator: Visible turns (31) exceeded expected_turns (28) at iteration 1 for task skill-bpmn-e2e-customer-escalation. Run continues — max_turns remains the hard cap.
2026-08-20 21:12:20 [DEBUG] coder_eval.utils: Resolved @uipath plugin-tools dir=/usr/lib/node_modules/@uipath from `uip` at /usr/lib/node_modules/@uipath/cli/dist/index.js
2026-08-20 21:12:20 [INFO] coder_eval.orchestrator: Running post-run command: find . -maxdepth 5 -type d \( -name node_modules -o -name .npm-prefix -o -name .venv \) -prune -exec rm -rf {} +
2026-08-20 21:12:20 [INFO] coder_eval.orchestrator: Sandbox preserved (in-place): /work/output/artifacts/skill-bpmn-e2e-customer-escalation
2026-08-20 21:12:20 [INFO] coder_eval.orchestrator: Task finished: status=SUCCESS duration=403.9s score=1.000 iterations=1
2026-08-20 21:12:20 [DEBUG] coder_eval.evaluation.judge_persistence: spilled 1 judge transcript(s) to /work/output


================================================================================
TASK: default/skill-bpmn-e2e-invoice-exception-triage/00
================================================================================

2026-08-20 21:05:53 [DEBUG] coder_eval.utils: Resolved @uipath plugin-tools dir=/usr/lib/node_modules/@uipath from `uip` at /usr/lib/node_modules/@uipath/cli/dist/index.js
2026-08-20 21:05:53 [INFO] coder_eval.orchestrator: API routing: aws_bedrock
2026-08-20 21:05:53 [DEBUG] coder_eval.criteria: Discovered 15 criterion checkers
2026-08-20 21:05:53 [DEBUG] coder_eval.criteria: Validated 15 criterion checkers
2026-08-20 21:05:53 [DEBUG] coder_eval.utils: Resolved @uipath plugin-tools dir=/usr/lib/node_modules/@uipath from `uip` at /usr/lib/node_modules/@uipath/cli/dist/index.js
2026-08-20 21:05:54 [DEBUG] coder_eval.orchestrator: Sending prompt: Create a new local Maestro BPMN Process Orchestration project named
InvoiceExceptionTriage. The proj...
2026-08-20 21:05:54 [DEBUG] coder_eval.agents.claude_code_agent: [coder] Starting agent query stream...
2026-08-20 21:13:25 [DEBUG] coder_eval.agents.claude_code_agent: [coder] session_id changed: None -> 249f04da-24c9-4fd4-92a1-06fb553ac8c3
2026-08-20 21:13:25 [DEBUG] coder_eval.agents.claude_code_agent: [coder] Agent query stream ended
2026-08-20 21:13:25 [WARNING] coder_eval.agents.claude_code_agent: [coder] Agent exhausted max_turns (40); turn ended without completing
2026-08-20 21:13:25 [DEBUG] coder_eval.utils: Resolved @uipath plugin-tools dir=/usr/lib/node_modules/@uipath from `uip` at /usr/lib/node_modules/@uipath/cli/dist/index.js
2026-08-20 21:13:25 [DEBUG] coder_eval.orchestrator: Agent response received (3910 chars)
2026-08-20 21:13:25 [DEBUG] coder_eval.orchestrator: Checking success criteria
2026-08-20 21:13:25 [DEBUG] coder_eval.evaluation.checker: Criterion 'file_exists' score: 1.00
2026-08-20 21:13:25 [DEBUG] coder_eval.evaluation.checker: Criterion 'file_exists' score: 1.00
2026-08-20 21:13:25 [DEBUG] coder_eval.evaluation.checker: Criterion 'file_exists' score: 1.00
2026-08-20 21:13:25 [DEBUG] coder_eval.criteria.run_command: Running command for criterion 'Generated BPMN project has the required process structure and package references': python3 $TASK_DIR/check_invoice_exception_triage.py
2026-08-20 21:13:26 [DEBUG] coder_eval.sandbox: Command 'python3 $TASK_DIR/check_invoice_exception_triage.py' exited with code 0
2026-08-20 21:13:26 [DEBUG] coder_eval.sandbox: STDOUT:
---
InvoiceExceptionTriage BPMN project structure is valid
---
2026-08-20 21:13:26 [DEBUG] coder_eval.evaluation.checker: Criterion 'run_command' score: 1.00
2026-08-20 21:13:26 [DEBUG] coder_eval.evaluation.judge_context: judge_context: include_reference=True but reference not set
2026-08-20 21:13:35 [DEBUG] coder_eval.evaluation.checker: Criterion 'llm_judge' score: 1.00
2026-08-20 21:13:35 [INFO] coder_eval.orchestrator: Success criteria: 5/5 passed, weighted score: 1.000
2026-08-20 21:13:35 [WARNING] coder_eval.orchestrator: Agent exhausted max_turns (40) without passing criteria.
2026-08-20 21:13:35 [WARNING] coder_eval.orchestrator: Visible turns (49) exceeded expected_turns (25) at iteration 1 for task skill-bpmn-e2e-invoice-exception-triage. Run continues — max_turns remains the hard cap.
2026-08-20 21:13:35 [DEBUG] coder_eval.utils: Resolved @uipath plugin-tools dir=/usr/lib/node_modules/@uipath from `uip` at /usr/lib/node_modules/@uipath/cli/dist/index.js
2026-08-20 21:13:35 [INFO] coder_eval.orchestrator: Running post-run command: find . -maxdepth 5 -type d \( -name node_modules -o -name .npm-prefix -o -name .venv \) -prune -exec rm -rf {} +
2026-08-20 21:13:35 [INFO] coder_eval.orchestrator: Sandbox preserved (in-place): /work/output/artifacts/skill-bpmn-e2e-invoice-exception-triage
2026-08-20 21:13:35 [INFO] coder_eval.orchestrator: Task finished: status=SUCCESS duration=474.0s score=1.000 iterations=1
2026-08-20 21:13:35 [DEBUG] coder_eval.evaluation.judge_persistence: spilled 1 judge transcript(s) to /work/output


================================================================================
TASK: default/skill-bpmn-e2e-live-debug/00
================================================================================

2026-08-20 21:08:27 [DEBUG] coder_eval.utils: Resolved @uipath plugin-tools dir=/usr/lib/node_modules/@uipath from `uip` at /usr/lib/node_modules/@uipath/cli/dist/index.js
2026-08-20 21:08:27 [INFO] coder_eval.orchestrator: API routing: aws_bedrock
2026-08-20 21:08:27 [DEBUG] coder_eval.criteria: Discovered 15 criterion checkers
2026-08-20 21:08:27 [DEBUG] coder_eval.criteria: Validated 15 criterion checkers
2026-08-20 21:08:27 [DEBUG] coder_eval.utils: Resolved @uipath plugin-tools dir=/usr/lib/node_modules/@uipath from `uip` at /usr/lib/node_modules/@uipath/cli/dist/index.js
2026-08-20 21:08:28 [DEBUG] coder_eval.orchestrator: Sending prompt: Load and follow the uipath-maestro-bpmn skill.

Author a minimal Maestro BPMN project named "Product...
2026-08-20 21:08:28 [DEBUG] coder_eval.agents.claude_code_agent: [coder] Starting agent query stream...
2026-08-20 21:12:28 [DEBUG] coder_eval.agents.claude_code_agent: [coder] session_id changed: None -> 42367394-61e9-4fb4-b90f-72f7721ba73e
2026-08-20 21:12:28 [DEBUG] coder_eval.agents.claude_code_agent: [coder] Agent query stream ended
2026-08-20 21:12:28 [DEBUG] coder_eval.utils: Resolved @uipath plugin-tools dir=/usr/lib/node_modules/@uipath from `uip` at /usr/lib/node_modules/@uipath/cli/dist/index.js
2026-08-20 21:12:28 [DEBUG] coder_eval.orchestrator: Agent response received (4839 chars)
2026-08-20 21:12:28 [DEBUG] coder_eval.orchestrator: Checking success criteria
2026-08-20 21:12:28 [DEBUG] coder_eval.evaluation.checker: Criterion 'command_executed' score: 1.00
2026-08-20 21:12:28 [DEBUG] coder_eval.evaluation.checker: Criterion 'command_executed' score: 1.00
2026-08-20 21:12:28 [DEBUG] coder_eval.criteria.run_command: Running command for criterion 'Live debug reached finalStatus Completed, variables-all exposed product, and product is computed by a script task': python3 $TASK_DIR/check_live_debug.py
2026-08-20 21:12:29 [DEBUG] coder_eval.sandbox: Command 'python3 $TASK_DIR/check_live_debug.py' exited with code 0
2026-08-20 21:12:29 [DEBUG] coder_eval.sandbox: STDOUT:
---
OK: product is computed by a script task (return + output mapping)
OK: debug session reached finalStatus Completed
OK: variables-all exposed the product output definition
PASS: live debug completed and product script/output mapping is structurally correct
---
2026-08-20 21:12:29 [DEBUG] coder_eval.evaluation.checker: Criterion 'run_command' score: 1.00
2026-08-20 21:12:29 [INFO] coder_eval.orchestrator: Success criteria: 3/3 passed, weighted score: 1.000
2026-08-20 21:12:29 [WARNING] coder_eval.orchestrator: Visible turns (46) exceeded expected_turns (30) at iteration 1 for task skill-bpmn-e2e-live-debug. Run continues — max_turns remains the hard cap.
2026-08-20 21:12:29 [DEBUG] coder_eval.utils: Resolved @uipath plugin-tools dir=/usr/lib/node_modules/@uipath from `uip` at /usr/lib/node_modules/@uipath/cli/dist/index.js
2026-08-20 21:12:29 [INFO] coder_eval.orchestrator: Running post-run command: find . -maxdepth 5 -type d \( -name node_modules -o -name .npm-prefix -o -name .venv \) -prune -exec rm -rf {} +
2026-08-20 21:12:29 [INFO] coder_eval.orchestrator: Sandbox preserved (in-place): /work/output/artifacts/skill-bpmn-e2e-live-debug
2026-08-20 21:12:29 [INFO] coder_eval.orchestrator: Task finished: status=SUCCESS duration=246.0s score=1.000 iterations=1


================================================================================
TASK: default/skill-bpmn-e2e-wiki-pageviews/00
================================================================================

2026-08-20 21:11:04 [DEBUG] coder_eval.utils: Resolved @uipath plugin-tools dir=/usr/lib/node_modules/@uipath from `uip` at /usr/lib/node_modules/@uipath/cli/dist/index.js
2026-08-20 21:11:04 [INFO] coder_eval.orchestrator: API routing: aws_bedrock
2026-08-20 21:11:04 [DEBUG] coder_eval.criteria: Discovered 15 criterion checkers
2026-08-20 21:11:04 [DEBUG] coder_eval.criteria: Validated 15 criterion checkers
2026-08-20 21:11:04 [DEBUG] coder_eval.utils: Resolved @uipath plugin-tools dir=/usr/lib/node_modules/@uipath from `uip` at /usr/lib/node_modules/@uipath/cli/dist/index.js
2026-08-20 21:11:04 [DEBUG] coder_eval.orchestrator: Sending prompt: Create a new local Maestro BPMN Process Orchestration project named
WikiPageviews. The project must ...
2026-08-20 21:11:04 [DEBUG] coder_eval.agents.claude_code_agent: [coder] Starting agent query stream...
2026-08-20 21:17:34 [DEBUG] coder_eval.agents.claude_code_agent: [coder] session_id changed: None -> 5a1edd6a-2a28-4a18-a50b-6dc577926c6f
2026-08-20 21:17:35 [DEBUG] coder_eval.agents.claude_code_agent: [coder] Agent query stream ended
2026-08-20 21:17:35 [DEBUG] coder_eval.utils: Resolved @uipath plugin-tools dir=/usr/lib/node_modules/@uipath from `uip` at /usr/lib/node_modules/@uipath/cli/dist/index.js
2026-08-20 21:17:35 [DEBUG] coder_eval.orchestrator: Agent response received (4573 chars)
2026-08-20 21:17:35 [DEBUG] coder_eval.orchestrator: Checking success criteria
2026-08-20 21:17:35 [DEBUG] coder_eval.criteria.run_command: Running command for criterion 'BPMN source file was created': python3 -c "from pathlib import Path; import sys; paths=[Path('WikiPageviews/WikiPageviews.bpmn'), Path('WikiPageviewsSolution/WikiPageviews/WikiPageviews.bpmn')]; sys.exit(0 if any(p.is_file() for p in paths) else 'WikiPageviews.bpmn missing in direct or solution-wrapper layout')"
2026-08-20 21:17:35 [DEBUG] coder_eval.sandbox: Command 'python3 -c "from pathlib import Path; import sys; paths=[Path('WikiPageviews/WikiPageviews.bpmn'), Path('WikiPageviewsSolution/WikiPageviews/WikiPageviews.bpmn')]; sys.exit(0 if any(p.is_file() for p in paths) else 'WikiPageviews.bpmn missing in direct or solution-wrapper layout')"' exited with code 0
2026-08-20 21:17:35 [DEBUG] coder_eval.evaluation.checker: Criterion 'run_command' score: 1.00
2026-08-20 21:17:35 [DEBUG] coder_eval.criteria.run_command: Running command for criterion 'Package operate metadata was created': python3 -c "from pathlib import Path; import sys; paths=[Path('WikiPageviews/operate.json'), Path('WikiPageviewsSolution/WikiPageviews/operate.json')]; sys.exit(0 if any(p.is_file() for p in paths) else 'operate.json missing in direct or solution-wrapper layout')"
2026-08-20 21:17:35 [DEBUG] coder_eval.sandbox: Command 'python3 -c "from pathlib import Path; import sys; paths=[Path('WikiPageviews/operate.json'), Path('WikiPageviewsSolution/WikiPageviews/operate.json')]; sys.exit(0 if any(p.is_file() for p in paths) else 'operate.json missing in direct or solution-wrapper layout')"' exited with code 0
2026-08-20 21:17:35 [DEBUG] coder_eval.evaluation.checker: Criterion 'run_command' score: 1.00
2026-08-20 21:17:35 [DEBUG] coder_eval.criteria.run_command: Running command for criterion 'The invalid-article path returns the fixed error string': python3 -c "from pathlib import Path; import sys; paths=[Path('WikiPageviews/WikiPageviews.bpmn'), Path('WikiPageviewsSolution/WikiPageviews/WikiPageviews.bpmn')]; texts=[p.read_text(encoding='utf-8') for p in paths if p.is_file()]; sys.exit(0 if any('Article not found' in t for t in texts) else 'Article not found missing from WikiPageviews.bpmn')"
2026-08-20 21:17:35 [DEBUG] coder_eval.sandbox: Command 'python3 -c "from pathlib import Path; import sys; paths=[Path('WikiPageviews/WikiPageviews.bpmn'), Path('WikiPageviewsSolution/WikiPageviews/WikiPageviews.bpmn')]; texts=[p.read_text(encoding='utf-8') for p in paths if p.is_file()]; sys.exit(0 if any('Article not found' in t for t in texts) else 'Article not found missing from WikiPageviews.bpmn')"' exited with code 0
2026-08-20 21:17:35 [DEBUG] coder_eval.evaluation.checker: Criterion 'run_command' score: 1.00
2026-08-20 21:17:35 [DEBUG] coder_eval.criteria.run_command: Running command for criterion 'Generated BPMN project has a fetch script, an error-routing gateway, distinct filter and aggregate scripts, and package references': python3 $TASK_DIR/check_wiki_pageviews.py
2026-08-20 21:17:35 [DEBUG] coder_eval.sandbox: Command 'python3 $TASK_DIR/check_wiki_pageviews.py' exited with code 0
2026-08-20 21:17:35 [DEBUG] coder_eval.sandbox: STDOUT:
---
OK: WikiPageviews/WikiPageviews.bpmn fetches, routes failure, filters, aggregates, and ships consistent package metadata
---
2026-08-20 21:17:35 [DEBUG] coder_eval.evaluation.checker: Criterion 'run_command' score: 1.00
2026-08-20 21:17:35 [DEBUG] coder_eval.evaluation.judge_context: judge_context: include_reference=True but reference not set
2026-08-20 21:17:43 [DEBUG] coder_eval.evaluation.checker: Criterion 'llm_judge' score: 1.00
2026-08-20 21:17:43 [INFO] coder_eval.orchestrator: Success criteria: 5/5 passed, weighted score: 1.000
2026-08-20 21:17:43 [WARNING] coder_eval.orchestrator: Visible turns (47) exceeded expected_turns (28) at iteration 1 for task skill-bpmn-e2e-wiki-pageviews. Run continues — max_turns remains the hard cap.
2026-08-20 21:17:43 [DEBUG] coder_eval.utils: Resolved @uipath plugin-tools dir=/usr/lib/node_modules/@uipath from `uip` at /usr/lib/node_modules/@uipath/cli/dist/index.js
2026-08-20 21:17:43 [INFO] coder_eval.orchestrator: Running post-run command: find . -maxdepth 5 -type d \( -name node_modules -o -name .npm-prefix -o -name .venv \) -prune -exec rm -rf {} +
2026-08-20 21:17:44 [INFO] coder_eval.orchestrator: Sandbox preserved (in-place): /work/output/artifacts/skill-bpmn-e2e-wiki-pageviews
2026-08-20 21:17:44 [INFO] coder_eval.orchestrator: Task finished: status=SUCCESS duration=402.6s score=1.000 iterations=1
2026-08-20 21:17:44 [DEBUG] coder_eval.evaluation.judge_persistence: spilled 1 judge transcript(s) to /work/output


================================================================================
TASK: default/skill-bpmn-edit-add-node/00
================================================================================

2026-08-20 21:10:16 [DEBUG] coder_eval.utils: Resolved @uipath plugin-tools dir=/usr/lib/node_modules/@uipath from `uip` at /usr/lib/node_modules/@uipath/cli/dist/index.js
2026-08-20 21:10:16 [INFO] coder_eval.orchestrator: API routing: aws_bedrock
2026-08-20 21:10:16 [DEBUG] coder_eval.criteria: Discovered 15 criterion checkers
2026-08-20 21:10:16 [DEBUG] coder_eval.criteria: Validated 15 criterion checkers
2026-08-20 21:10:16 [DEBUG] coder_eval.utils: Resolved @uipath plugin-tools dir=/usr/lib/node_modules/@uipath from `uip` at /usr/lib/node_modules/@uipath/cli/dist/index.js
2026-08-20 21:10:16 [DEBUG] coder_eval.orchestrator: Sending prompt: Load and follow the uipath-maestro-bpmn skill.

A valid Maestro BPMN file `OrderIntake.bpmn` is in t...
2026-08-20 21:10:17 [DEBUG] coder_eval.agents.claude_code_agent: [coder] Starting agent query stream...
2026-08-20 21:12:29 [DEBUG] coder_eval.agents.claude_code_agent: [coder] session_id changed: None -> 4d1d2326-7230-43fe-a104-dc12ec468169
2026-08-20 21:12:29 [DEBUG] coder_eval.agents.claude_code_agent: [coder] Agent query stream ended
2026-08-20 21:12:29 [DEBUG] coder_eval.utils: Resolved @uipath plugin-tools dir=/usr/lib/node_modules/@uipath from `uip` at /usr/lib/node_modules/@uipath/cli/dist/index.js
2026-08-20 21:12:29 [DEBUG] coder_eval.orchestrator: Agent response received (3016 chars)
2026-08-20 21:12:29 [DEBUG] coder_eval.orchestrator: Checking success criteria
2026-08-20 21:12:29 [DEBUG] coder_eval.evaluation.checker: Criterion 'file_exists' score: 1.00
2026-08-20 21:12:29 [DEBUG] coder_eval.evaluation.checker: Criterion 'file_contains' score: 1.00
2026-08-20 21:12:29 [DEBUG] coder_eval.criteria.run_command: Running command for criterion 'New script node inserted and wired, untouched content preserved, file still structurally sound': python3 $TASK_DIR/check_add_node.py
2026-08-20 21:12:29 [DEBUG] coder_eval.sandbox: Command 'python3 $TASK_DIR/check_add_node.py' exited with code 0
2026-08-20 21:12:29 [DEBUG] coder_eval.sandbox: STDOUT:
---
OK: script node inserted, flow rewired, untouched content preserved
---
2026-08-20 21:12:29 [DEBUG] coder_eval.evaluation.checker: Criterion 'run_command' score: 1.00
2026-08-20 21:12:29 [INFO] coder_eval.orchestrator: Success criteria: 3/3 passed, weighted score: 1.000
2026-08-20 21:12:29 [DEBUG] coder_eval.utils: Resolved @uipath plugin-tools dir=/usr/lib/node_modules/@uipath from `uip` at /usr/lib/node_modules/@uipath/cli/dist/index.js
2026-08-20 21:12:29 [INFO] coder_eval.orchestrator: Running post-run command: find . -maxdepth 5 -type d \( -name node_modules -o -name .npm-prefix -o -name .venv \) -prune -exec rm -rf {} +
2026-08-20 21:12:29 [INFO] coder_eval.orchestrator: Sandbox preserved (in-place): /work/output/artifacts/skill-bpmn-edit-add-node
2026-08-20 21:12:29 [INFO] coder_eval.orchestrator: Task finished: status=SUCCESS duration=139.1s score=1.000 iterations=1


================================================================================
TASK: default/skill-bpmn-edit-add-output/00
================================================================================

2026-08-20 21:09:41 [DEBUG] coder_eval.utils: Resolved @uipath plugin-tools dir=/usr/lib/node_modules/@uipath from `uip` at /usr/lib/node_modules/@uipath/cli/dist/index.js
2026-08-20 21:09:41 [INFO] coder_eval.orchestrator: API routing: aws_bedrock
2026-08-20 21:09:41 [DEBUG] coder_eval.criteria: Discovered 15 criterion checkers
2026-08-20 21:09:41 [DEBUG] coder_eval.criteria: Validated 15 criterion checkers
2026-08-20 21:09:41 [DEBUG] coder_eval.utils: Resolved @uipath plugin-tools dir=/usr/lib/node_modules/@uipath from `uip` at /usr/lib/node_modules/@uipath/cli/dist/index.js
2026-08-20 21:09:41 [DEBUG] coder_eval.orchestrator: Sending prompt: Load and follow the uipath-maestro-bpmn skill.

A valid Maestro BPMN file `Invoicing.bpmn` is in the...
2026-08-20 21:09:41 [DEBUG] coder_eval.agents.claude_code_agent: [coder] Starting agent query stream...
2026-08-20 21:16:14 [DEBUG] coder_eval.agents.claude_code_agent: [coder] session_id changed: None -> c1446c48-c08b-4a2c-9a5d-dd7166209dab
2026-08-20 21:16:14 [DEBUG] coder_eval.agents.claude_code_agent: [coder] Agent query stream ended
2026-08-20 21:16:14 [DEBUG] coder_eval.utils: Resolved @uipath plugin-tools dir=/usr/lib/node_modules/@uipath from `uip` at /usr/lib/node_modules/@uipath/cli/dist/index.js
2026-08-20 21:16:14 [DEBUG] coder_eval.orchestrator: Agent response received (3418 chars)
2026-08-20 21:16:14 [DEBUG] coder_eval.orchestrator: Checking success criteria
2026-08-20 21:16:14 [DEBUG] coder_eval.evaluation.checker: Criterion 'file_exists' score: 1.00
2026-08-20 21:16:14 [DEBUG] coder_eval.evaluation.checker: Criterion 'file_contains' score: 1.00
2026-08-20 21:16:14 [DEBUG] coder_eval.criteria.run_command: Running command for criterion 'New output + backing variable added, existing output/variables preserved, file still structurally sound': python3 $TASK_DIR/check_add_output.py
2026-08-20 21:16:15 [DEBUG] coder_eval.sandbox: Command 'python3 $TASK_DIR/check_add_output.py' exited with code 0
2026-08-20 21:16:15 [DEBUG] coder_eval.sandbox: STDOUT:
---
OK: new output + variable added, existing output and payloads preserved
---
2026-08-20 21:16:15 [DEBUG] coder_eval.evaluation.checker: Criterion 'run_command' score: 1.00
2026-08-20 21:16:15 [INFO] coder_eval.orchestrator: Success criteria: 3/3 passed, weighted score: 1.000
2026-08-20 21:16:15 [WARNING] coder_eval.orchestrator: Visible turns (25) exceeded expected_turns (16) at iteration 1 for task skill-bpmn-edit-add-output. Run continues — max_turns remains the hard cap.
2026-08-20 21:16:15 [DEBUG] coder_eval.utils: Resolved @uipath plugin-tools dir=/usr/lib/node_modules/@uipath from `uip` at /usr/lib/node_modules/@uipath/cli/dist/index.js
2026-08-20 21:16:15 [INFO] coder_eval.orchestrator: Running post-run command: find . -maxdepth 5 -type d \( -name node_modules -o -name .npm-prefix -o -name .venv \) -prune -exec rm -rf {} +
2026-08-20 21:16:15 [INFO] coder_eval.orchestrator: Sandbox preserved (in-place): /work/output/artifacts/skill-bpmn-edit-add-output
2026-08-20 21:16:15 [INFO] coder_eval.orchestrator: Task finished: status=SUCCESS duration=398.0s score=1.000 iterations=1


================================================================================
TASK: default/skill-bpmn-edit-group-to-subflow/00
================================================================================

2026-08-20 21:08:28 [DEBUG] coder_eval.utils: Resolved @uipath plugin-tools dir=/usr/lib/node_modules/@uipath from `uip` at /usr/lib/node_modules/@uipath/cli/dist/index.js
2026-08-20 21:08:28 [INFO] coder_eval.orchestrator: API routing: aws_bedrock
2026-08-20 21:08:28 [DEBUG] coder_eval.criteria: Discovered 15 criterion checkers
2026-08-20 21:08:28 [DEBUG] coder_eval.criteria: Validated 15 criterion checkers
2026-08-20 21:08:28 [DEBUG] coder_eval.utils: Resolved @uipath plugin-tools dir=/usr/lib/node_modules/@uipath from `uip` at /usr/lib/node_modules/@uipath/cli/dist/index.js
2026-08-20 21:08:28 [DEBUG] coder_eval.orchestrator: Sending prompt: Load and follow the uipath-maestro-bpmn skill.

A valid Maestro BPMN file `Fulfillment.bpmn` is in t...
2026-08-20 21:08:28 [DEBUG] coder_eval.agents.claude_code_agent: [coder] Starting agent query stream...
2026-08-20 21:15:04 [DEBUG] coder_eval.agents.claude_code_agent: [coder] session_id changed: None -> 35cdaed6-5da1-4388-a558-cd2678cf835b
2026-08-20 21:15:05 [DEBUG] coder_eval.agents.claude_code_agent: [coder] Agent query stream ended
2026-08-20 21:15:05 [DEBUG] coder_eval.utils: Resolved @uipath plugin-tools dir=/usr/lib/node_modules/@uipath from `uip` at /usr/lib/node_modules/@uipath/cli/dist/index.js
2026-08-20 21:15:05 [DEBUG] coder_eval.orchestrator: Agent response received (4507 chars)
2026-08-20 21:15:05 [DEBUG] coder_eval.orchestrator: Checking success criteria
2026-08-20 21:15:05 [DEBUG] coder_eval.evaluation.checker: Criterion 'file_exists' score: 1.00
2026-08-20 21:15:05 [DEBUG] coder_eval.evaluation.checker: Criterion 'file_contains' score: 1.00
2026-08-20 21:15:05 [DEBUG] coder_eval.criteria.run_command: Running command for criterion 'Group extracted into a subprocess, Ship Parcel preserved in main flow, file still structurally sound': python3 $TASK_DIR/check_group_to_subflow.py
2026-08-20 21:15:05 [DEBUG] coder_eval.sandbox: Command 'python3 $TASK_DIR/check_group_to_subflow.py' exited with code 0
2026-08-20 21:15:05 [DEBUG] coder_eval.sandbox: STDOUT:
---
OK: Pick/Pack extracted into a subprocess, Task_Ship preserved in main flow
---
2026-08-20 21:15:05 [DEBUG] coder_eval.evaluation.checker: Criterion 'run_command' score: 1.00
2026-08-20 21:15:05 [INFO] coder_eval.orchestrator: Success criteria: 3/3 passed, weighted score: 1.000
2026-08-20 21:15:05 [WARNING] coder_eval.orchestrator: Visible turns (33) exceeded expected_turns (26) at iteration 1 for task skill-bpmn-edit-group-to-subflow. Run continues — max_turns remains the hard cap.
2026-08-20 21:15:05 [DEBUG] coder_eval.utils: Resolved @uipath plugin-tools dir=/usr/lib/node_modules/@uipath from `uip` at /usr/lib/node_modules/@uipath/cli/dist/index.js
2026-08-20 21:15:05 [INFO] coder_eval.orchestrator: Running post-run command: find . -maxdepth 5 -type d \( -name node_modules -o -name .npm-prefix -o -name .venv \) -prune -exec rm -rf {} +
2026-08-20 21:15:05 [INFO] coder_eval.orchestrator: Sandbox preserved (in-place): /work/output/artifacts/skill-bpmn-edit-group-to-subflow
2026-08-20 21:15:05 [INFO] coder_eval.orchestrator: Task finished: status=SUCCESS duration=402.2s score=1.000 iterations=1


================================================================================
TASK: default/skill-bpmn-edit-move-node/00
================================================================================

2026-08-20 21:05:50 [DEBUG] coder_eval.utils: Resolved @uipath plugin-tools dir=/usr/lib/node_modules/@uipath from `uip` at /usr/lib/node_modules/@uipath/cli/dist/index.js
2026-08-20 21:05:50 [INFO] coder_eval.orchestrator: API routing: aws_bedrock
2026-08-20 21:05:50 [DEBUG] coder_eval.criteria: Discovered 15 criterion checkers
2026-08-20 21:05:50 [DEBUG] coder_eval.criteria: Validated 15 criterion checkers
2026-08-20 21:05:50 [DEBUG] coder_eval.utils: Resolved @uipath plugin-tools dir=/usr/lib/node_modules/@uipath from `uip` at /usr/lib/node_modules/@uipath/cli/dist/index.js
2026-08-20 21:05:51 [DEBUG] coder_eval.orchestrator: Sending prompt: Load and follow the uipath-maestro-bpmn skill.

A valid Maestro BPMN file `Onboarding.bpmn` is in th...
2026-08-20 21:05:51 [DEBUG] coder_eval.agents.claude_code_agent: [coder] Starting agent query stream...
2026-08-20 21:07:28 [DEBUG] coder_eval.agents.claude_code_agent: [coder] session_id changed: None -> 54648ee5-055a-4768-b5dd-77a750140f15
2026-08-20 21:07:28 [DEBUG] coder_eval.agents.claude_code_agent: [coder] Agent query stream ended
2026-08-20 21:07:28 [DEBUG] coder_eval.utils: Resolved @uipath plugin-tools dir=/usr/lib/node_modules/@uipath from `uip` at /usr/lib/node_modules/@uipath/cli/dist/index.js
2026-08-20 21:07:28 [DEBUG] coder_eval.orchestrator: Agent response received (2403 chars)
2026-08-20 21:07:28 [DEBUG] coder_eval.orchestrator: Checking success criteria
2026-08-20 21:07:28 [DEBUG] coder_eval.evaluation.checker: Criterion 'file_exists' score: 1.00
2026-08-20 21:07:28 [DEBUG] coder_eval.evaluation.checker: Criterion 'file_contains' score: 1.00
2026-08-20 21:07:28 [DEBUG] coder_eval.criteria.run_command: Running command for criterion 'Tasks reordered by rewiring flows, payloads preserved, file still structurally sound': python3 $TASK_DIR/check_move_node.py
2026-08-20 21:07:28 [DEBUG] coder_eval.sandbox: Command 'python3 $TASK_DIR/check_move_node.py' exited with code 0
2026-08-20 21:07:28 [DEBUG] coder_eval.sandbox: STDOUT:
---
OK: nodes reordered, flows rewired, payloads preserved
---
2026-08-20 21:07:28 [DEBUG] coder_eval.evaluation.checker: Criterion 'run_command' score: 1.00
2026-08-20 21:07:28 [INFO] coder_eval.orchestrator: Success criteria: 3/3 passed, weighted score: 1.000
2026-08-20 21:07:28 [DEBUG] coder_eval.utils: Resolved @uipath plugin-tools dir=/usr/lib/node_modules/@uipath from `uip` at /usr/lib/node_modules/@uipath/cli/dist/index.js
2026-08-20 21:07:28 [INFO] coder_eval.orchestrator: Running post-run command: find . -maxdepth 5 -type d \( -name node_modules -o -name .npm-prefix -o -name .venv \) -prune -exec rm -rf {} +
2026-08-20 21:07:28 [INFO] coder_eval.orchestrator: Sandbox preserved (in-place): /work/output/artifacts/skill-bpmn-edit-move-node
2026-08-20 21:07:28 [INFO] coder_eval.orchestrator: Task finished: status=SUCCESS duration=108.9s score=1.000 iterations=1


================================================================================
TASK: default/skill-bpmn-edit-remove-node/00
================================================================================

2026-08-20 21:09:32 [DEBUG] coder_eval.utils: Resolved @uipath plugin-tools dir=/usr/lib/node_modules/@uipath from `uip` at /usr/lib/node_modules/@uipath/cli/dist/index.js
2026-08-20 21:09:32 [INFO] coder_eval.orchestrator: API routing: aws_bedrock
2026-08-20 21:09:32 [DEBUG] coder_eval.criteria: Discovered 15 criterion checkers
2026-08-20 21:09:32 [DEBUG] coder_eval.criteria: Validated 15 criterion checkers
2026-08-20 21:09:32 [DEBUG] coder_eval.utils: Resolved @uipath plugin-tools dir=/usr/lib/node_modules/@uipath from `uip` at /usr/lib/node_modules/@uipath/cli/dist/index.js
2026-08-20 21:09:32 [DEBUG] coder_eval.orchestrator: Sending prompt: Load and follow the uipath-maestro-bpmn skill.

A valid Maestro BPMN file `ShipmentReview.bpmn` is i...
2026-08-20 21:09:32 [DEBUG] coder_eval.agents.claude_code_agent: [coder] Starting agent query stream...
2026-08-20 21:15:24 [DEBUG] coder_eval.agents.claude_code_agent: [coder] session_id changed: None -> 781f8fc4-06df-485b-b4f9-f07c4ab3b8ea
2026-08-20 21:15:24 [DEBUG] coder_eval.agents.claude_code_agent: [coder] Agent query stream ended
2026-08-20 21:15:24 [DEBUG] coder_eval.utils: Resolved @uipath plugin-tools dir=/usr/lib/node_modules/@uipath from `uip` at /usr/lib/node_modules/@uipath/cli/dist/index.js
2026-08-20 21:15:24 [DEBUG] coder_eval.orchestrator: Agent response received (3588 chars)
2026-08-20 21:15:24 [DEBUG] coder_eval.orchestrator: Checking success criteria
2026-08-20 21:15:24 [DEBUG] coder_eval.evaluation.checker: Criterion 'file_exists' score: 1.00
2026-08-20 21:15:24 [DEBUG] coder_eval.evaluation.checker: Criterion 'file_contains' score: 1.00
2026-08-20 21:15:25 [DEBUG] coder_eval.criteria.run_command: Running command for criterion 'Task removed, flow healed, DI clean, untouched content preserved, file still structurally sound': python3 $TASK_DIR/check_remove_node.py
2026-08-20 21:15:25 [DEBUG] coder_eval.sandbox: Command 'python3 $TASK_DIR/check_remove_node.py' exited with code 1
2026-08-20 21:15:25 [DEBUG] coder_eval.sandbox: STDERR:
---
FAIL: node 'Task_Fetch' config/payload changed (only its wiring may change)
---
2026-08-20 21:15:25 [DEBUG] coder_eval.evaluation.checker: Criterion 'run_command' score: 0.00
2026-08-20 21:15:25 [INFO] coder_eval.evaluation.checker: Criterion 'run_command' FAILED (score=0.00, threshold=1.00): Command: python3 $TASK_DIR/check_remove_node.py
2026-08-20 21:15:25 [INFO] coder_eval.orchestrator: Success criteria: 2/3 passed, weighted score: 0.333
2026-08-20 21:15:25 [WARNING] coder_eval.orchestrator: Visible turns (23) exceeded expected_turns (18) at iteration 1 for task skill-bpmn-edit-remove-node. Run continues — max_turns remains the hard cap.
2026-08-20 21:15:25 [DEBUG] coder_eval.utils: Resolved @uipath plugin-tools dir=/usr/lib/node_modules/@uipath from `uip` at /usr/lib/node_modules/@uipath/cli/dist/index.js
2026-08-20 21:15:25 [INFO] coder_eval.orchestrator: Running post-run command: find . -maxdepth 5 -type d \( -name node_modules -o -name .npm-prefix -o -name .venv \) -prune -exec rm -rf {} +
2026-08-20 21:15:25 [INFO] coder_eval.orchestrator: Sandbox preserved (in-place): /work/output/artifacts/skill-bpmn-edit-remove-node
2026-08-20 21:15:25 [INFO] coder_eval.orchestrator: Task finished: status=FAILURE duration=358.3s score=0.333 iterations=1


================================================================================
TASK: default/skill-bpmn-edit-update-node/00
================================================================================

2026-08-20 21:07:24 [DEBUG] coder_eval.utils: Resolved @uipath plugin-tools dir=/usr/lib/node_modules/@uipath from `uip` at /usr/lib/node_modules/@uipath/cli/dist/index.js
2026-08-20 21:07:24 [INFO] coder_eval.orchestrator: API routing: aws_bedrock
2026-08-20 21:07:24 [DEBUG] coder_eval.criteria: Discovered 15 criterion checkers
2026-08-20 21:07:24 [DEBUG] coder_eval.criteria: Validated 15 criterion checkers
2026-08-20 21:07:24 [DEBUG] coder_eval.utils: Resolved @uipath plugin-tools dir=/usr/lib/node_modules/@uipath from `uip` at /usr/lib/node_modules/@uipath/cli/dist/index.js
2026-08-20 21:07:25 [DEBUG] coder_eval.orchestrator: Sending prompt: Load and follow the uipath-maestro-bpmn skill.

A valid Maestro BPMN file `RiskScoring.bpmn` is in t...
2026-08-20 21:07:25 [DEBUG] coder_eval.agents.claude_code_agent: [coder] Starting agent query stream...
2026-08-20 21:08:12 [DEBUG] coder_eval.agents.claude_code_agent: [coder] session_id changed: None -> 6b301f26-b1a8-4dd8-a22b-136b6a44b9ec
2026-08-20 21:08:12 [DEBUG] coder_eval.agents.claude_code_agent: [coder] Agent query stream ended
2026-08-20 21:08:12 [DEBUG] coder_eval.utils: Resolved @uipath plugin-tools dir=/usr/lib/node_modules/@uipath from `uip` at /usr/lib/node_modules/@uipath/cli/dist/index.js
2026-08-20 21:08:12 [DEBUG] coder_eval.orchestrator: Agent response received (2725 chars)
2026-08-20 21:08:12 [DEBUG] coder_eval.orchestrator: Checking success criteria
2026-08-20 21:08:12 [DEBUG] coder_eval.evaluation.checker: Criterion 'file_exists' score: 1.00
2026-08-20 21:08:12 [DEBUG] coder_eval.evaluation.checker: Criterion 'file_contains' score: 1.00
2026-08-20 21:08:12 [DEBUG] coder_eval.criteria.run_command: Running command for criterion 'Score threshold updated to 1000, siblings untouched, file still structurally sound': python3 $TASK_DIR/check_update_node.py
2026-08-20 21:08:12 [DEBUG] coder_eval.sandbox: Command 'python3 $TASK_DIR/check_update_node.py' exited with code 0
2026-08-20 21:08:12 [DEBUG] coder_eval.sandbox: STDOUT:
---
OK: Task_Score threshold updated, siblings untouched
---
2026-08-20 21:08:12 [DEBUG] coder_eval.evaluation.checker: Criterion 'run_command' score: 1.00
2026-08-20 21:08:12 [INFO] coder_eval.orchestrator: Success criteria: 3/3 passed, weighted score: 1.000
2026-08-20 21:08:12 [DEBUG] coder_eval.utils: Resolved @uipath plugin-tools dir=/usr/lib/node_modules/@uipath from `uip` at /usr/lib/node_modules/@uipath/cli/dist/index.js
2026-08-20 21:08:12 [INFO] coder_eval.orchestrator: Running post-run command: find . -maxdepth 5 -type d \( -name node_modules -o -name .npm-prefix -o -name .venv \) -prune -exec rm -rf {} +
2026-08-20 21:08:12 [INFO] coder_eval.orchestrator: Sandbox preserved (in-place): /work/output/artifacts/skill-bpmn-edit-update-node
2026-08-20 21:08:12 [INFO] coder_eval.orchestrator: Task finished: status=SUCCESS duration=53.9s score=1.000 iterations=1


================================================================================
TASK: default/skill-bpmn-error-boundary-handler/00
================================================================================

2026-08-20 21:10:24 [DEBUG] coder_eval.utils: Resolved @uipath plugin-tools dir=/usr/lib/node_modules/@uipath from `uip` at /usr/lib/node_modules/@uipath/cli/dist/index.js
2026-08-20 21:10:24 [INFO] coder_eval.orchestrator: API routing: aws_bedrock
2026-08-20 21:10:24 [DEBUG] coder_eval.criteria: Discovered 15 criterion checkers
2026-08-20 21:10:24 [DEBUG] coder_eval.criteria: Validated 15 criterion checkers
2026-08-20 21:10:24 [DEBUG] coder_eval.utils: Resolved @uipath plugin-tools dir=/usr/lib/node_modules/@uipath from `uip` at /usr/lib/node_modules/@uipath/cli/dist/index.js
2026-08-20 21:10:24 [DEBUG] coder_eval.orchestrator: Sending prompt: Load and follow the uipath-maestro-bpmn skill.

Author a single Maestro BPMN file `InvoiceServiceRec...
2026-08-20 21:10:24 [DEBUG] coder_eval.agents.claude_code_agent: [coder] Starting agent query stream...
2026-08-20 21:13:24 [DEBUG] coder_eval.agents.claude_code_agent: [coder] session_id changed: None -> 29959d2e-8d36-4953-b201-f82e7d44fb5c
2026-08-20 21:13:25 [DEBUG] coder_eval.agents.claude_code_agent: [coder] Agent query stream ended
2026-08-20 21:13:25 [DEBUG] coder_eval.utils: Resolved @uipath plugin-tools dir=/usr/lib/node_modules/@uipath from `uip` at /usr/lib/node_modules/@uipath/cli/dist/index.js
2026-08-20 21:13:25 [DEBUG] coder_eval.orchestrator: Agent response received (3204 chars)
2026-08-20 21:13:25 [DEBUG] coder_eval.orchestrator: Checking success criteria
2026-08-20 21:13:25 [DEBUG] coder_eval.evaluation.checker: Criterion 'file_exists' score: 1.00
2026-08-20 21:13:25 [DEBUG] coder_eval.evaluation.checker: Criterion 'command_executed' score: 1.00
2026-08-20 21:13:25 [DEBUG] coder_eval.evaluation.checker: Criterion 'file_contains' score: 1.00
2026-08-20 21:13:25 [DEBUG] coder_eval.criteria.run_command: Running command for criterion 'Interrupting error boundary with a configured code on a service-call task routes to recovery, fully shaped': python3 $TASK_DIR/check_error_boundary_handler.py
2026-08-20 21:13:25 [DEBUG] coder_eval.sandbox: Command 'python3 $TASK_DIR/check_error_boundary_handler.py' exited with code 0
2026-08-20 21:13:25 [DEBUG] coder_eval.sandbox: STDOUT:
---
OK: InvoiceServiceRecovery.bpmn has an interrupting error boundary with a configured code on an activity routing to recovery
---
2026-08-20 21:13:25 [DEBUG] coder_eval.evaluation.checker: Criterion 'run_command' score: 1.00
2026-08-20 21:13:25 [INFO] coder_eval.orchestrator: Success criteria: 4/4 passed, weighted score: 1.000
2026-08-20 21:13:25 [DEBUG] coder_eval.utils: Resolved @uipath plugin-tools dir=/usr/lib/node_modules/@uipath from `uip` at /usr/lib/node_modules/@uipath/cli/dist/index.js
2026-08-20 21:13:25 [INFO] coder_eval.orchestrator: Running post-run command: find . -maxdepth 5 -type d \( -name node_modules -o -name .npm-prefix -o -name .venv \) -prune -exec rm -rf {} +
2026-08-20 21:13:25 [INFO] coder_eval.orchestrator: Sandbox preserved (in-place): /work/output/artifacts/skill-bpmn-error-boundary-handler
2026-08-20 21:13:25 [INFO] coder_eval.orchestrator: Task finished: status=SUCCESS duration=184.9s score=1.000 iterations=1


================================================================================
TASK: default/skill-bpmn-error-event-subprocess/00
================================================================================

2026-08-20 21:05:52 [DEBUG] coder_eval.utils: Resolved @uipath plugin-tools dir=/usr/lib/node_modules/@uipath from `uip` at /usr/lib/node_modules/@uipath/cli/dist/index.js
2026-08-20 21:05:52 [INFO] coder_eval.orchestrator: API routing: aws_bedrock
2026-08-20 21:05:52 [DEBUG] coder_eval.criteria: Discovered 15 criterion checkers
2026-08-20 21:05:52 [DEBUG] coder_eval.criteria: Validated 15 criterion checkers
2026-08-20 21:05:52 [DEBUG] coder_eval.utils: Resolved @uipath plugin-tools dir=/usr/lib/node_modules/@uipath from `uip` at /usr/lib/node_modules/@uipath/cli/dist/index.js
2026-08-20 21:05:53 [DEBUG] coder_eval.orchestrator: Sending prompt: Load and follow the uipath-maestro-bpmn skill.

Author a single Maestro BPMN file `PaymentErrorHandl...
2026-08-20 21:05:53 [DEBUG] coder_eval.agents.claude_code_agent: [coder] Starting agent query stream...
2026-08-20 21:09:12 [DEBUG] coder_eval.agents.claude_code_agent: [coder] session_id changed: None -> 8522a72e-599d-49e4-a251-ca70b9ceee99
2026-08-20 21:09:12 [DEBUG] coder_eval.agents.claude_code_agent: [coder] Agent query stream ended
2026-08-20 21:09:12 [DEBUG] coder_eval.utils: Resolved @uipath plugin-tools dir=/usr/lib/node_modules/@uipath from `uip` at /usr/lib/node_modules/@uipath/cli/dist/index.js
2026-08-20 21:09:12 [DEBUG] coder_eval.orchestrator: Agent response received (2511 chars)
2026-08-20 21:09:12 [DEBUG] coder_eval.orchestrator: Checking success criteria
2026-08-20 21:09:12 [DEBUG] coder_eval.evaluation.checker: Criterion 'file_exists' score: 1.00
2026-08-20 21:09:12 [DEBUG] coder_eval.evaluation.checker: Criterion 'command_executed' score: 1.00
2026-08-20 21:09:12 [DEBUG] coder_eval.evaluation.checker: Criterion 'file_contains' score: 1.00
2026-08-20 21:09:12 [DEBUG] coder_eval.criteria.run_command: Running command for criterion 'Error end event with a configured code is caught by an interrupting error event subprocess, fully shaped': python3 $TASK_DIR/check_error_event_subprocess.py
2026-08-20 21:09:13 [DEBUG] coder_eval.sandbox: Command 'python3 $TASK_DIR/check_error_event_subprocess.py' exited with code 0
2026-08-20 21:09:13 [DEBUG] coder_eval.sandbox: STDOUT:
---
OK: PaymentErrorHandling.bpmn throws a configured error end event and catches it in an interrupting error event subprocess
---
2026-08-20 21:09:13 [DEBUG] coder_eval.evaluation.checker: Criterion 'run_command' score: 1.00
2026-08-20 21:09:13 [INFO] coder_eval.orchestrator: Success criteria: 4/4 passed, weighted score: 1.000
2026-08-20 21:09:13 [DEBUG] coder_eval.utils: Resolved @uipath plugin-tools dir=/usr/lib/node_modules/@uipath from `uip` at /usr/lib/node_modules/@uipath/cli/dist/index.js
2026-08-20 21:09:13 [INFO] coder_eval.orchestrator: Running post-run command: find . -maxdepth 5 -type d \( -name node_modules -o -name .npm-prefix -o -name .venv \) -prune -exec rm -rf {} +
2026-08-20 21:09:13 [INFO] coder_eval.orchestrator: Sandbox preserved (in-place): /work/output/artifacts/skill-bpmn-error-event-subprocess
2026-08-20 21:09:13 [INFO] coder_eval.orchestrator: Task finished: status=SUCCESS duration=212.0s score=1.000 iterations=1


================================================================================
TASK: default/skill-bpmn-event-based-gateway/00
================================================================================

2026-08-20 21:05:50 [DEBUG] coder_eval.utils: Resolved @uipath plugin-tools dir=/usr/lib/node_modules/@uipath from `uip` at /usr/lib/node_modules/@uipath/cli/dist/index.js
2026-08-20 21:05:50 [INFO] coder_eval.orchestrator: API routing: aws_bedrock
2026-08-20 21:05:51 [DEBUG] coder_eval.criteria: Discovered 15 criterion checkers
2026-08-20 21:05:51 [DEBUG] coder_eval.criteria: Validated 15 criterion checkers
2026-08-20 21:05:51 [DEBUG] coder_eval.utils: Resolved @uipath plugin-tools dir=/usr/lib/node_modules/@uipath from `uip` at /usr/lib/node_modules/@uipath/cli/dist/index.js
2026-08-20 21:05:51 [DEBUG] coder_eval.orchestrator: Sending prompt: Load and follow the uipath-maestro-bpmn skill.

Author a single Maestro BPMN file `PaymentRace.bpmn`...
2026-08-20 21:05:52 [DEBUG] coder_eval.agents.claude_code_agent: [coder] Starting agent query stream...
2026-08-20 21:10:05 [DEBUG] coder_eval.agents.claude_code_agent: [coder] session_id changed: None -> 9c7a0e58-7bb6-490a-bed9-76782908c968
2026-08-20 21:10:05 [DEBUG] coder_eval.agents.claude_code_agent: [coder] Agent query stream ended
2026-08-20 21:10:05 [DEBUG] coder_eval.utils: Resolved @uipath plugin-tools dir=/usr/lib/node_modules/@uipath from `uip` at /usr/lib/node_modules/@uipath/cli/dist/index.js
2026-08-20 21:10:05 [DEBUG] coder_eval.orchestrator: Agent response received (2290 chars)
2026-08-20 21:10:05 [DEBUG] coder_eval.orchestrator: Checking success criteria
2026-08-20 21:10:05 [DEBUG] coder_eval.evaluation.checker: Criterion 'file_exists' score: 1.00
2026-08-20 21:10:05 [DEBUG] coder_eval.evaluation.checker: Criterion 'command_executed' score: 1.00
2026-08-20 21:10:05 [DEBUG] coder_eval.evaluation.checker: Criterion 'file_contains' score: 1.00
2026-08-20 21:10:05 [DEBUG] coder_eval.criteria.run_command: Running command for criterion 'Event-based gateway races a message catch and a timer catch with full DI edges': python3 $TASK_DIR/check_event_based_gateway.py
2026-08-20 21:10:06 [DEBUG] coder_eval.sandbox: Command 'python3 $TASK_DIR/check_event_based_gateway.py' exited with code 0
2026-08-20 21:10:06 [DEBUG] coder_eval.sandbox: STDOUT:
---
OK: PaymentRace.bpmn races a message catch and a timer catch behind an event-based gateway
---
2026-08-20 21:10:06 [DEBUG] coder_eval.evaluation.checker: Criterion 'run_command' score: 1.00
2026-08-20 21:10:06 [INFO] coder_eval.orchestrator: Success criteria: 4/4 passed, weighted score: 1.000
2026-08-20 21:10:06 [DEBUG] coder_eval.utils: Resolved @uipath plugin-tools dir=/usr/lib/node_modules/@uipath from `uip` at /usr/lib/node_modules/@uipath/cli/dist/index.js
2026-08-20 21:10:06 [INFO] coder_eval.orchestrator: Running post-run command: find . -maxdepth 5 -type d \( -name node_modules -o -name .npm-prefix -o -name .venv \) -prune -exec rm -rf {} +
2026-08-20 21:10:06 [INFO] coder_eval.orchestrator: Sandbox preserved (in-place): /work/output/artifacts/skill-bpmn-event-based-gateway
2026-08-20 21:10:06 [INFO] coder_eval.orchestrator: Task finished: status=SUCCESS duration=267.8s score=1.000 iterations=1


================================================================================
TASK: default/skill-bpmn-event-trigger-start/00
================================================================================

2026-08-20 21:09:10 [DEBUG] coder_eval.utils: Resolved @uipath plugin-tools dir=/usr/lib/node_modules/@uipath from `uip` at /usr/lib/node_modules/@uipath/cli/dist/index.js
2026-08-20 21:09:10 [INFO] coder_eval.orchestrator: API routing: aws_bedrock
2026-08-20 21:09:11 [DEBUG] coder_eval.criteria: Discovered 15 criterion checkers
2026-08-20 21:09:11 [DEBUG] coder_eval.criteria: Validated 15 criterion checkers
2026-08-20 21:09:11 [DEBUG] coder_eval.utils: Resolved @uipath plugin-tools dir=/usr/lib/node_modules/@uipath from `uip` at /usr/lib/node_modules/@uipath/cli/dist/index.js
2026-08-20 21:09:11 [DEBUG] coder_eval.orchestrator: Sending prompt: Load and follow the uipath-maestro-bpmn skill.

Create a local BPMN project named "InboxTriggerBpmn"...
2026-08-20 21:09:11 [DEBUG] coder_eval.agents.claude_code_agent: [coder] Starting agent query stream...
2026-08-20 21:11:35 [DEBUG] coder_eval.agents.claude_code_agent: [coder] session_id changed: None -> 2cd1e9da-d457-4b4e-a91c-a2adc71cb03b
2026-08-20 21:11:35 [DEBUG] coder_eval.agents.claude_code_agent: [coder] Agent query stream ended
2026-08-20 21:11:35 [DEBUG] coder_eval.utils: Resolved @uipath plugin-tools dir=/usr/lib/node_modules/@uipath from `uip` at /usr/lib/node_modules/@uipath/cli/dist/index.js
2026-08-20 21:11:35 [DEBUG] coder_eval.orchestrator: Agent response received (3276 chars)
2026-08-20 21:11:35 [DEBUG] coder_eval.orchestrator: Checking success criteria
2026-08-20 21:11:35 [DEBUG] coder_eval.evaluation.checker: Criterion 'file_exists' score: 1.00
2026-08-20 21:11:35 [DEBUG] coder_eval.evaluation.checker: Criterion 'command_executed' score: 1.00
2026-08-20 21:11:35 [DEBUG] coder_eval.criteria.run_command: Running command for criterion 'Connector event-trigger start is a public-safe draft with valid structure': python3 $TASK_DIR/check_event_trigger_start.py
2026-08-20 21:11:35 [DEBUG] coder_eval.sandbox: Command 'python3 $TASK_DIR/check_event_trigger_start.py' exited with code 0
2026-08-20 21:11:35 [DEBUG] coder_eval.sandbox: STDOUT:
---
OK: InboxTriggerBpmn/InboxTriggerBpmn.bpmn starts on a public-safe connector event-trigger draft
---
2026-08-20 21:11:35 [DEBUG] coder_eval.evaluation.checker: Criterion 'run_command' score: 1.00
2026-08-20 21:11:35 [DEBUG] coder_eval.evaluation.judge_context: judge_context: include_reference=True but reference not set
2026-08-20 21:11:44 [DEBUG] coder_eval.evaluation.checker: Criterion 'llm_judge' score: 1.00
2026-08-20 21:11:44 [INFO] coder_eval.orchestrator: Success criteria: 4/4 passed, weighted score: 1.000
2026-08-20 21:11:44 [WARNING] coder_eval.orchestrator: Visible turns (21) exceeded expected_turns (16) at iteration 1 for task skill-bpmn-event-trigger-start. Run continues — max_turns remains the hard cap.
2026-08-20 21:11:44 [DEBUG] coder_eval.utils: Resolved @uipath plugin-tools dir=/usr/lib/node_modules/@uipath from `uip` at /usr/lib/node_modules/@uipath/cli/dist/index.js
2026-08-20 21:11:44 [INFO] coder_eval.orchestrator: Running post-run command: find . -maxdepth 5 -type d \( -name node_modules -o -name .npm-prefix -o -name .venv \) -prune -exec rm -rf {} +
2026-08-20 21:11:44 [INFO] coder_eval.orchestrator: Sandbox preserved (in-place): /work/output/artifacts/skill-bpmn-event-trigger-start
2026-08-20 21:11:44 [INFO] coder_eval.orchestrator: Task finished: status=SUCCESS duration=158.9s score=1.000 iterations=1
2026-08-20 21:11:44 [DEBUG] coder_eval.evaluation.judge_persistence: spilled 1 judge transcript(s) to /work/output


================================================================================
TASK: default/skill-bpmn-expr-computed-js/00
================================================================================

2026-08-20 21:11:37 [DEBUG] coder_eval.utils: Resolved @uipath plugin-tools dir=/usr/lib/node_modules/@uipath from `uip` at /usr/lib/node_modules/@uipath/cli/dist/index.js
2026-08-20 21:11:37 [INFO] coder_eval.orchestrator: API routing: aws_bedrock
2026-08-20 21:11:37 [DEBUG] coder_eval.criteria: Discovered 15 criterion checkers
2026-08-20 21:11:37 [DEBUG] coder_eval.criteria: Validated 15 criterion checkers
2026-08-20 21:11:37 [DEBUG] coder_eval.utils: Resolved @uipath plugin-tools dir=/usr/lib/node_modules/@uipath from `uip` at /usr/lib/node_modules/@uipath/cli/dist/index.js
2026-08-20 21:11:37 [DEBUG] coder_eval.orchestrator: Sending prompt: Load and follow the uipath-maestro-bpmn skill.

Author a local Maestro BPMN project named "ComputedJ...
2026-08-20 21:11:37 [DEBUG] coder_eval.agents.claude_code_agent: [coder] Starting agent query stream...
2026-08-20 21:16:43 [DEBUG] coder_eval.agents.claude_code_agent: [coder] session_id changed: None -> e389a837-3c0b-4ae6-80cd-eaa48df0eae1
2026-08-20 21:16:43 [DEBUG] coder_eval.agents.claude_code_agent: [coder] Agent query stream ended
2026-08-20 21:16:43 [DEBUG] coder_eval.utils: Resolved @uipath plugin-tools dir=/usr/lib/node_modules/@uipath from `uip` at /usr/lib/node_modules/@uipath/cli/dist/index.js
2026-08-20 21:16:43 [DEBUG] coder_eval.orchestrator: Agent response received (4930 chars)
2026-08-20 21:16:43 [DEBUG] coder_eval.orchestrator: Checking success criteria
2026-08-20 21:16:43 [DEBUG] coder_eval.evaluation.checker: Criterion 'file_exists' score: 1.00
2026-08-20 21:16:43 [DEBUG] coder_eval.evaluation.checker: Criterion 'file_contains' score: 1.00
2026-08-20 21:16:43 [DEBUG] coder_eval.criteria.run_command: Running command for criterion 'Computed =js: expression present and all json-typed bodies parse as JSON': python3 $TASK_DIR/check_computed_js.py
2026-08-20 21:16:43 [DEBUG] coder_eval.sandbox: Command 'python3 $TASK_DIR/check_computed_js.py' exited with code 0
2026-08-20 21:16:43 [DEBUG] coder_eval.sandbox: STDOUT:
---
OK: ComputedJsBpmn/ComputedJsBpmn.bpmn uses a computed =js: expression with valid json-typed bodies
---
2026-08-20 21:16:43 [DEBUG] coder_eval.evaluation.checker: Criterion 'run_command' score: 1.00
2026-08-20 21:16:43 [INFO] coder_eval.orchestrator: Success criteria: 3/3 passed, weighted score: 1.000
2026-08-20 21:16:43 [WARNING] coder_eval.orchestrator: Visible turns (45) exceeded expected_turns (18) at iteration 1 for task skill-bpmn-expr-computed-js. Run continues — max_turns remains the hard cap.
2026-08-20 21:16:43 [DEBUG] coder_eval.utils: Resolved @uipath plugin-tools dir=/usr/lib/node_modules/@uipath from `uip` at /usr/lib/node_modules/@uipath/cli/dist/index.js
2026-08-20 21:16:43 [INFO] coder_eval.orchestrator: Running post-run command: find . -maxdepth 5 -type d \( -name node_modules -o -name .npm-prefix -o -name .venv \) -prune -exec rm -rf {} +
2026-08-20 21:16:43 [INFO] coder_eval.orchestrator: Sandbox preserved (in-place): /work/output/artifacts/skill-bpmn-expr-computed-js
2026-08-20 21:16:43 [INFO] coder_eval.orchestrator: Task finished: status=SUCCESS duration=311.0s score=1.000 iterations=1


================================================================================
TASK: default/skill-bpmn-expr-error-mapping/00
================================================================================

2026-08-20 21:10:23 [DEBUG] coder_eval.utils: Resolved @uipath plugin-tools dir=/usr/lib/node_modules/@uipath from `uip` at /usr/lib/node_modules/@uipath/cli/dist/index.js
2026-08-20 21:10:23 [INFO] coder_eval.orchestrator: API routing: aws_bedrock
2026-08-20 21:10:23 [DEBUG] coder_eval.criteria: Discovered 15 criterion checkers
2026-08-20 21:10:23 [DEBUG] coder_eval.criteria: Validated 15 criterion checkers
2026-08-20 21:10:23 [DEBUG] coder_eval.utils: Resolved @uipath plugin-tools dir=/usr/lib/node_modules/@uipath from `uip` at /usr/lib/node_modules/@uipath/cli/dist/index.js
2026-08-20 21:10:23 [DEBUG] coder_eval.orchestrator: Sending prompt: Load and follow the uipath-maestro-bpmn skill.

Author a local Maestro BPMN project named "ErrorMapp...
2026-08-20 21:10:23 [DEBUG] coder_eval.agents.claude_code_agent: [coder] Starting agent query stream...
2026-08-20 21:15:53 [DEBUG] coder_eval.agents.claude_code_agent: [coder] session_id changed: None -> e8d7539d-7741-4d91-b6e5-92a2aaf7c2c8
2026-08-20 21:15:53 [DEBUG] coder_eval.agents.claude_code_agent: [coder] Agent query stream ended
2026-08-20 21:15:53 [DEBUG] coder_eval.utils: Resolved @uipath plugin-tools dir=/usr/lib/node_modules/@uipath from `uip` at /usr/lib/node_modules/@uipath/cli/dist/index.js
2026-08-20 21:15:53 [DEBUG] coder_eval.orchestrator: Agent response received (4077 chars)
2026-08-20 21:15:53 [DEBUG] coder_eval.orchestrator: Checking success criteria
2026-08-20 21:15:53 [DEBUG] coder_eval.evaluation.checker: Criterion 'file_exists' score: 1.00
2026-08-20 21:15:53 [DEBUG] coder_eval.evaluation.checker: Criterion 'file_contains' score: 1.00
2026-08-20 21:15:53 [DEBUG] coder_eval.criteria.run_command: Running command for criterion 'errorMapping condition branches on vars.error.code and the graph is sound': python3 $TASK_DIR/check_error_mapping.py
2026-08-20 21:15:53 [DEBUG] coder_eval.sandbox: Command 'python3 $TASK_DIR/check_error_mapping.py' exited with code 0
2026-08-20 21:15:53 [DEBUG] coder_eval.sandbox: STDOUT:
---
OK: ErrorMappingBpmn/ErrorMappingBpmn.bpmn branches on vars.error.code via uipath:errorMapping
---
2026-08-20 21:15:53 [DEBUG] coder_eval.evaluation.checker: Criterion 'run_command' score: 1.00
2026-08-20 21:15:53 [INFO] coder_eval.orchestrator: Success criteria: 3/3 passed, weighted score: 1.000
2026-08-20 21:15:53 [WARNING] coder_eval.orchestrator: Visible turns (27) exceeded expected_turns (18) at iteration 1 for task skill-bpmn-expr-error-mapping. Run continues — max_turns remains the hard cap.
2026-08-20 21:15:53 [DEBUG] coder_eval.utils: Resolved @uipath plugin-tools dir=/usr/lib/node_modules/@uipath from `uip` at /usr/lib/node_modules/@uipath/cli/dist/index.js
2026-08-20 21:15:53 [INFO] coder_eval.orchestrator: Running post-run command: find . -maxdepth 5 -type d \( -name node_modules -o -name .npm-prefix -o -name .venv \) -prune -exec rm -rf {} +
2026-08-20 21:15:53 [INFO] coder_eval.orchestrator: Sandbox preserved (in-place): /work/output/artifacts/skill-bpmn-expr-error-mapping
2026-08-20 21:15:53 [INFO] coder_eval.orchestrator: Task finished: status=SUCCESS duration=334.2s score=1.000 iterations=1


================================================================================
TASK: default/skill-bpmn-expr-multiinstance-iterator/00
================================================================================

2026-08-20 21:05:53 [DEBUG] coder_eval.utils: Resolved @uipath plugin-tools dir=/usr/lib/node_modules/@uipath from `uip` at /usr/lib/node_modules/@uipath/cli/dist/index.js
2026-08-20 21:05:53 [INFO] coder_eval.orchestrator: API routing: aws_bedrock
2026-08-20 21:05:53 [DEBUG] coder_eval.criteria: Discovered 15 criterion checkers
2026-08-20 21:05:53 [DEBUG] coder_eval.criteria: Validated 15 criterion checkers
2026-08-20 21:05:53 [DEBUG] coder_eval.utils: Resolved @uipath plugin-tools dir=/usr/lib/node_modules/@uipath from `uip` at /usr/lib/node_modules/@uipath/cli/dist/index.js
2026-08-20 21:05:54 [DEBUG] coder_eval.orchestrator: Sending prompt: Load and follow the uipath-maestro-bpmn skill.

Author a local Maestro BPMN project named "MultiInst...
2026-08-20 21:05:54 [DEBUG] coder_eval.agents.claude_code_agent: [coder] Starting agent query stream...
2026-08-20 21:18:36 [DEBUG] coder_eval.agents.claude_code_agent: [coder] session_id changed: None -> 9cfafb2c-9a4f-44d9-90fb-7e38e5c24316
2026-08-20 21:18:36 [DEBUG] coder_eval.agents.claude_code_agent: [coder] Agent query stream ended
2026-08-20 21:18:36 [DEBUG] coder_eval.utils: Resolved @uipath plugin-tools dir=/usr/lib/node_modules/@uipath from `uip` at /usr/lib/node_modules/@uipath/cli/dist/index.js
2026-08-20 21:18:36 [DEBUG] coder_eval.orchestrator: Agent response received (5079 chars)
2026-08-20 21:18:36 [DEBUG] coder_eval.orchestrator: Checking success criteria
2026-08-20 21:18:36 [DEBUG] coder_eval.evaluation.checker: Criterion 'file_exists' score: 1.00
2026-08-20 21:18:36 [DEBUG] coder_eval.evaluation.checker: Criterion 'file_contains' score: 1.00
2026-08-20 21:18:36 [DEBUG] coder_eval.criteria.run_command: Running command for criterion 'Subprocess body reads iterator[0].item / iterator[0].loopCounter and the graph is sound': python3 $TASK_DIR/check_multiinstance_iterator.py
2026-08-20 21:18:36 [DEBUG] coder_eval.sandbox: Command 'python3 $TASK_DIR/check_multiinstance_iterator.py' exited with code 0
2026-08-20 21:18:36 [DEBUG] coder_eval.sandbox: STDOUT:
---
OK: MultiInstanceIteratorBpmn/MultiInstanceIteratorBpmn.bpmn reads iterator[0].item / iterator[0].loopCounter at subprocess depth
---
2026-08-20 21:18:36 [DEBUG] coder_eval.evaluation.checker: Criterion 'run_command' score: 1.00
2026-08-20 21:18:36 [INFO] coder_eval.orchestrator: Success criteria: 3/3 passed, weighted score: 1.000
2026-08-20 21:18:36 [WARNING] coder_eval.orchestrator: Visible turns (71) exceeded expected_turns (20) at iteration 1 for task skill-bpmn-expr-multiinstance-iterator. Run continues — max_turns remains the hard cap.
2026-08-20 21:18:36 [DEBUG] coder_eval.utils: Resolved @uipath plugin-tools dir=/usr/lib/node_modules/@uipath from `uip` at /usr/lib/node_modules/@uipath/cli/dist/index.js
2026-08-20 21:18:36 [INFO] coder_eval.orchestrator: Running post-run command: find . -maxdepth 5 -type d \( -name node_modules -o -name .npm-prefix -o -name .venv \) -prune -exec rm -rf {} +
2026-08-20 21:18:36 [INFO] coder_eval.orchestrator: Sandbox preserved (in-place): /work/output/artifacts/skill-bpmn-expr-multiinstance-iterator
2026-08-20 21:18:36 [INFO] coder_eval.orchestrator: Task finished: status=SUCCESS duration=775.8s score=1.000 iterations=1


================================================================================
TASK: default/skill-bpmn-feet-inches/00
================================================================================

2026-08-20 21:05:53 [DEBUG] coder_eval.utils: Resolved @uipath plugin-tools dir=/usr/lib/node_modules/@uipath from `uip` at /usr/lib/node_modules/@uipath/cli/dist/index.js
2026-08-20 21:05:53 [INFO] coder_eval.orchestrator: API routing: aws_bedrock
2026-08-20 21:05:53 [DEBUG] coder_eval.criteria: Discovered 15 criterion checkers
2026-08-20 21:05:53 [DEBUG] coder_eval.criteria: Validated 15 criterion checkers
2026-08-20 21:05:53 [DEBUG] coder_eval.utils: Resolved @uipath plugin-tools dir=/usr/lib/node_modules/@uipath from `uip` at /usr/lib/node_modules/@uipath/cli/dist/index.js
2026-08-20 21:05:54 [DEBUG] coder_eval.orchestrator: Sending prompt: Load and follow the uipath-maestro-bpmn skill.

Author a local Maestro BPMN project named "FeetInche...
2026-08-20 21:05:55 [DEBUG] coder_eval.agents.claude_code_agent: [coder] Starting agent query stream...
2026-08-20 21:11:21 [DEBUG] coder_eval.agents.claude_code_agent: [coder] session_id changed: None -> 5024ce8e-79dc-466d-9db3-b75909d89d85
2026-08-20 21:11:21 [DEBUG] coder_eval.agents.claude_code_agent: [coder] Agent query stream ended
2026-08-20 21:11:21 [DEBUG] coder_eval.utils: Resolved @uipath plugin-tools dir=/usr/lib/node_modules/@uipath from `uip` at /usr/lib/node_modules/@uipath/cli/dist/index.js
2026-08-20 21:11:21 [DEBUG] coder_eval.orchestrator: Agent response received (3145 chars)
2026-08-20 21:11:21 [DEBUG] coder_eval.orchestrator: Checking success criteria
2026-08-20 21:11:21 [DEBUG] coder_eval.evaluation.checker: Criterion 'file_exists' score: 1.00
2026-08-20 21:11:21 [DEBUG] coder_eval.criteria.run_command: Running command for criterion 'BPMN is a linear script-task pipeline with variable passing and valid DI': python3 $TASK_DIR/check_feet_inches.py
2026-08-20 21:11:21 [DEBUG] coder_eval.sandbox: Command 'python3 $TASK_DIR/check_feet_inches.py' exited with code 0
2026-08-20 21:11:21 [DEBUG] coder_eval.sandbox: STDOUT:
---
OK: FeetInchesBpmn/FeetInchesBpmn.bpmn is a sequential script-task pipeline with variable passing between nodes
---
2026-08-20 21:11:21 [DEBUG] coder_eval.evaluation.checker: Criterion 'run_command' score: 1.00
2026-08-20 21:11:21 [INFO] coder_eval.orchestrator: Success criteria: 2/2 passed, weighted score: 1.000
2026-08-20 21:11:21 [WARNING] coder_eval.orchestrator: Visible turns (36) exceeded expected_turns (22) at iteration 1 for task skill-bpmn-feet-inches. Run continues — max_turns remains the hard cap.
2026-08-20 21:11:21 [DEBUG] coder_eval.utils: Resolved @uipath plugin-tools dir=/usr/lib/node_modules/@uipath from `uip` at /usr/lib/node_modules/@uipath/cli/dist/index.js
2026-08-20 21:11:21 [INFO] coder_eval.orchestrator: Running post-run command: find . -maxdepth 5 -type d \( -name node_modules -o -name .npm-prefix -o -name .venv \) -prune -exec rm -rf {} +
2026-08-20 21:11:21 [INFO] coder_eval.orchestrator: Sandbox preserved (in-place): /work/output/artifacts/skill-bpmn-feet-inches
2026-08-20 21:11:21 [INFO] coder_eval.orchestrator: Task finished: status=SUCCESS duration=339.7s score=1.000 iterations=1


================================================================================
TASK: default/skill-bpmn-gateway-sequence-flows/00
================================================================================

2026-08-20 21:05:53 [DEBUG] coder_eval.utils: Resolved @uipath plugin-tools dir=/usr/lib/node_modules/@uipath from `uip` at /usr/lib/node_modules/@uipath/cli/dist/index.js
2026-08-20 21:05:53 [INFO] coder_eval.orchestrator: API routing: aws_bedrock
2026-08-20 21:05:53 [DEBUG] coder_eval.criteria: Discovered 15 criterion checkers
2026-08-20 21:05:53 [DEBUG] coder_eval.criteria: Validated 15 criterion checkers
2026-08-20 21:05:53 [DEBUG] coder_eval.utils: Resolved @uipath plugin-tools dir=/usr/lib/node_modules/@uipath from `uip` at /usr/lib/node_modules/@uipath/cli/dist/index.js
2026-08-20 21:05:54 [DEBUG] coder_eval.orchestrator: Sending prompt: Create a local BPMN project named "InvoiceTriageBpmn" for this process:
- Manual start with input va...
2026-08-20 21:05:54 [DEBUG] coder_eval.agents.claude_code_agent: [coder] Starting agent query stream...
2026-08-20 21:12:01 [DEBUG] coder_eval.agents.claude_code_agent: [coder] session_id changed: None -> ed85e2e4-f0f0-4b83-bdaa-f04b91b53116
2026-08-20 21:12:01 [DEBUG] coder_eval.agents.claude_code_agent: [coder] Agent query stream ended
2026-08-20 21:12:01 [DEBUG] coder_eval.utils: Resolved @uipath plugin-tools dir=/usr/lib/node_modules/@uipath from `uip` at /usr/lib/node_modules/@uipath/cli/dist/index.js
2026-08-20 21:12:01 [DEBUG] coder_eval.orchestrator: Agent response received (3279 chars)
2026-08-20 21:12:01 [DEBUG] coder_eval.orchestrator: Checking success criteria
2026-08-20 21:12:01 [DEBUG] coder_eval.criteria.run_command: Running command for criterion 'BPMN source was created': find . -type f -name '*.bpmn' -path '*InvoiceTriageBpmn*' | grep -q .
2026-08-20 21:12:01 [DEBUG] coder_eval.sandbox: Command 'find . -type f -name '*.bpmn' -path '*InvoiceTriageBpmn*' | grep -q .' exited with code 0
2026-08-20 21:12:01 [DEBUG] coder_eval.evaluation.checker: Criterion 'run_command' score: 1.00
2026-08-20 21:12:01 [DEBUG] coder_eval.criteria.run_command: Running command for criterion 'Gateway and sequence-flow structure is valid': python3 $TASK_DIR/check_gateway_sequence_flows.py
2026-08-20 21:12:01 [DEBUG] coder_eval.sandbox: Command 'python3 $TASK_DIR/check_gateway_sequence_flows.py' exited with code 0
2026-08-20 21:12:01 [DEBUG] coder_eval.sandbox: STDOUT:
---
OK: InvoiceTriageBpmn/InvoiceTriageBpmn.bpmn has gateways, conditional/default flows, and BPMN DI
---
2026-08-20 21:12:01 [DEBUG] coder_eval.evaluation.checker: Criterion 'run_command' score: 1.00
2026-08-20 21:12:01 [INFO] coder_eval.orchestrator: Success criteria: 2/2 passed, weighted score: 1.000
2026-08-20 21:12:01 [WARNING] coder_eval.orchestrator: Visible turns (32) exceeded expected_turns (21) at iteration 1 for task skill-bpmn-gateway-sequence-flows. Run continues — max_turns remains the hard cap.
2026-08-20 21:12:01 [DEBUG] coder_eval.utils: Resolved @uipath plugin-tools dir=/usr/lib/node_modules/@uipath from `uip` at /usr/lib/node_modules/@uipath/cli/dist/index.js
2026-08-20 21:12:01 [INFO] coder_eval.orchestrator: Running post-run command: find . -maxdepth 5 -type d \( -name node_modules -o -name .npm-prefix -o -name .venv \) -prune -exec rm -rf {} +
2026-08-20 21:12:01 [INFO] coder_eval.orchestrator: Sandbox preserved (in-place): /work/output/artifacts/skill-bpmn-gateway-sequence-flows
2026-08-20 21:12:01 [INFO] coder_eval.orchestrator: Task finished: status=SUCCESS duration=380.0s score=1.000 iterations=1


================================================================================
TASK: default/skill-bpmn-hitl-boolean-decision/00
================================================================================

2026-08-20 21:09:14 [DEBUG] coder_eval.utils: Resolved @uipath plugin-tools dir=/usr/lib/node_modules/@uipath from `uip` at /usr/lib/node_modules/@uipath/cli/dist/index.js
2026-08-20 21:09:14 [INFO] coder_eval.orchestrator: API routing: aws_bedrock
2026-08-20 21:09:14 [DEBUG] coder_eval.criteria: Discovered 15 criterion checkers
2026-08-20 21:09:14 [DEBUG] coder_eval.criteria: Validated 15 criterion checkers
2026-08-20 21:09:14 [DEBUG] coder_eval.utils: Resolved @uipath plugin-tools dir=/usr/lib/node_modules/@uipath from `uip` at /usr/lib/node_modules/@uipath/cli/dist/index.js
2026-08-20 21:09:15 [DEBUG] coder_eval.orchestrator: Sending prompt: Create a local BPMN project named "VendorApprovalBpmn" for vendor onboarding:

1. Manual start.
2. A...
2026-08-20 21:09:15 [DEBUG] coder_eval.agents.claude_code_agent: [coder] Starting agent query stream...
2026-08-20 21:14:22 [DEBUG] coder_eval.agents.claude_code_agent: [coder] session_id changed: None -> f49508ab-ef20-4017-b1b4-415b2be4245d
2026-08-20 21:14:22 [DEBUG] coder_eval.agents.claude_code_agent: [coder] Agent query stream ended
2026-08-20 21:14:22 [DEBUG] coder_eval.utils: Resolved @uipath plugin-tools dir=/usr/lib/node_modules/@uipath from `uip` at /usr/lib/node_modules/@uipath/cli/dist/index.js
2026-08-20 21:14:22 [DEBUG] coder_eval.orchestrator: Agent response received (3731 chars)
2026-08-20 21:14:22 [DEBUG] coder_eval.orchestrator: Checking success criteria
2026-08-20 21:14:22 [DEBUG] coder_eval.evaluation.checker: Criterion 'file_exists' score: 1.00
2026-08-20 21:14:22 [DEBUG] coder_eval.evaluation.checker: Criterion 'file_contains' score: 1.00
2026-08-20 21:14:22 [DEBUG] coder_eval.criteria.run_command: Running command for criterion 'Boolean approval is typed boolean and routed as a boolean (not stringly-typed)': python3 $TASK_DIR/check_quality_boolean_decision.py
2026-08-20 21:14:22 [DEBUG] coder_eval.sandbox: Command 'python3 $TASK_DIR/check_quality_boolean_decision.py' exited with code 0
2026-08-20 21:14:22 [DEBUG] coder_eval.sandbox: STDOUT:
---
OK: VendorApprovalBpmn/VendorApprovalBpmn.bpmn models the approval as a boolean and routes on it as a boolean
---
2026-08-20 21:14:22 [DEBUG] coder_eval.evaluation.checker: Criterion 'run_command' score: 1.00
2026-08-20 21:14:22 [INFO] coder_eval.orchestrator: Success criteria: 3/3 passed, weighted score: 1.000
2026-08-20 21:14:22 [WARNING] coder_eval.orchestrator: Visible turns (33) exceeded expected_turns (24) at iteration 1 for task skill-bpmn-hitl-boolean-decision. Run continues — max_turns remains the hard cap.
2026-08-20 21:14:22 [DEBUG] coder_eval.utils: Resolved @uipath plugin-tools dir=/usr/lib/node_modules/@uipath from `uip` at /usr/lib/node_modules/@uipath/cli/dist/index.js
2026-08-20 21:14:22 [INFO] coder_eval.orchestrator: Running post-run command: find . -maxdepth 5 -type d \( -name node_modules -o -name .npm-prefix -o -name .venv \) -prune -exec rm -rf {} +
2026-08-20 21:14:22 [INFO] coder_eval.orchestrator: Sandbox preserved (in-place): /work/output/artifacts/skill-bpmn-hitl-boolean-decision
2026-08-20 21:14:22 [INFO] coder_eval.orchestrator: Task finished: status=SUCCESS duration=312.0s score=1.000 iterations=1


================================================================================
TASK: default/skill-bpmn-hitl-brownfield-insert/00
================================================================================

2026-08-20 21:05:49 [DEBUG] coder_eval.utils: Resolved @uipath plugin-tools dir=/usr/lib/node_modules/@uipath from `uip` at /usr/lib/node_modules/@uipath/cli/dist/index.js
2026-08-20 21:05:49 [INFO] coder_eval.orchestrator: API routing: aws_bedrock
2026-08-20 21:05:49 [DEBUG] coder_eval.criteria: Discovered 15 criterion checkers
2026-08-20 21:05:49 [DEBUG] coder_eval.criteria: Validated 15 criterion checkers
2026-08-20 21:05:49 [DEBUG] coder_eval.utils: Resolved @uipath plugin-tools dir=/usr/lib/node_modules/@uipath from `uip` at /usr/lib/node_modules/@uipath/cli/dist/index.js
2026-08-20 21:05:50 [DEBUG] coder_eval.orchestrator: Sending prompt: An existing UiPath Maestro BPMN project is at `OrderFulfillmentBpmn/` in the
current directory. Its ...
2026-08-20 21:05:50 [DEBUG] coder_eval.agents.claude_code_agent: [coder] Starting agent query stream...
2026-08-20 21:10:50 [DEBUG] coder_eval.agents.claude_code_agent: [coder] session_id changed: None -> 1c68ea95-201e-4ae6-8abc-a436c90e5183
2026-08-20 21:10:51 [DEBUG] coder_eval.agents.claude_code_agent: [coder] Agent query stream ended
2026-08-20 21:10:51 [DEBUG] coder_eval.utils: Resolved @uipath plugin-tools dir=/usr/lib/node_modules/@uipath from `uip` at /usr/lib/node_modules/@uipath/cli/dist/index.js
2026-08-20 21:10:51 [DEBUG] coder_eval.orchestrator: Agent response received (3523 chars)
2026-08-20 21:10:51 [DEBUG] coder_eval.orchestrator: Checking success criteria
2026-08-20 21:10:51 [DEBUG] coder_eval.evaluation.checker: Criterion 'file_exists' score: 1.00
2026-08-20 21:10:51 [DEBUG] coder_eval.evaluation.checker: Criterion 'file_contains' score: 1.00
2026-08-20 21:10:51 [DEBUG] coder_eval.criteria.run_command: Running command for criterion 'HITL spliced in surgically: original IDs/scripts preserved, only the target edge re-routed': python3 $TASK_DIR/check_quality_brownfield_insert.py
2026-08-20 21:10:51 [DEBUG] coder_eval.sandbox: Command 'python3 $TASK_DIR/check_quality_brownfield_insert.py' exited with code 0
2026-08-20 21:10:51 [DEBUG] coder_eval.sandbox: STDOUT:
---
OK: OrderFulfillmentBpmn/OrderFulfillmentBpmn.bpmn spliced the HITL gate in surgically, preserving original structure
---
2026-08-20 21:10:51 [DEBUG] coder_eval.evaluation.checker: Criterion 'run_command' score: 1.00
2026-08-20 21:10:51 [INFO] coder_eval.orchestrator: Success criteria: 3/3 passed, weighted score: 1.000
2026-08-20 21:10:51 [WARNING] coder_eval.orchestrator: Visible turns (25) exceeded expected_turns (22) at iteration 1 for task skill-bpmn-hitl-brownfield-insert. Run continues — max_turns remains the hard cap.
2026-08-20 21:10:51 [DEBUG] coder_eval.utils: Resolved @uipath plugin-tools dir=/usr/lib/node_modules/@uipath from `uip` at /usr/lib/node_modules/@uipath/cli/dist/index.js
2026-08-20 21:10:51 [INFO] coder_eval.orchestrator: Running post-run command: find . -maxdepth 5 -type d \( -name node_modules -o -name .npm-prefix -o -name .venv \) -prune -exec rm -rf {} +
2026-08-20 21:10:51 [INFO] coder_eval.orchestrator: Sandbox preserved (in-place): /work/output/artifacts/skill-bpmn-hitl-brownfield-insert
2026-08-20 21:10:51 [INFO] coder_eval.orchestrator: Task finished: status=SUCCESS duration=312.8s score=1.000 iterations=1


================================================================================
TASK: default/skill-bpmn-hitl-completed-wired/00
================================================================================

2026-08-20 21:05:52 [DEBUG] coder_eval.utils: Resolved @uipath plugin-tools dir=/usr/lib/node_modules/@uipath from `uip` at /usr/lib/node_modules/@uipath/cli/dist/index.js
2026-08-20 21:05:52 [INFO] coder_eval.orchestrator: API routing: aws_bedrock
2026-08-20 21:05:53 [DEBUG] coder_eval.criteria: Discovered 15 criterion checkers
2026-08-20 21:05:53 [DEBUG] coder_eval.criteria: Validated 15 criterion checkers
2026-08-20 21:05:53 [DEBUG] coder_eval.utils: Resolved @uipath plugin-tools dir=/usr/lib/node_modules/@uipath from `uip` at /usr/lib/node_modules/@uipath/cli/dist/index.js
2026-08-20 21:05:54 [DEBUG] coder_eval.orchestrator: Sending prompt: Create a local BPMN project named "PurchaseApprovalBpmn" with this process:
manual start -> HITL app...
2026-08-20 21:05:54 [DEBUG] coder_eval.agents.claude_code_agent: [coder] Starting agent query stream...
2026-08-20 21:13:39 [DEBUG] coder_eval.agents.claude_code_agent: [coder] session_id changed: None -> 30cc1f9e-dad3-4b5d-9117-a3c8c3a37746
2026-08-20 21:13:39 [DEBUG] coder_eval.agents.claude_code_agent: [coder] Agent query stream ended
2026-08-20 21:13:39 [DEBUG] coder_eval.utils: Resolved @uipath plugin-tools dir=/usr/lib/node_modules/@uipath from `uip` at /usr/lib/node_modules/@uipath/cli/dist/index.js
2026-08-20 21:13:39 [DEBUG] coder_eval.orchestrator: Agent response received (3271 chars)
2026-08-20 21:13:39 [DEBUG] coder_eval.orchestrator: Checking success criteria
2026-08-20 21:13:39 [DEBUG] coder_eval.evaluation.checker: Criterion 'file_exists' score: 1.00
2026-08-20 21:13:39 [DEBUG] coder_eval.evaluation.checker: Criterion 'file_contains' score: 1.00
2026-08-20 21:13:39 [DEBUG] coder_eval.criteria.run_command: Running command for criterion 'HITL completion is wired to a downstream step that reaches an end event': python3 $TASK_DIR/check_smoke_completed_wired.py
2026-08-20 21:13:39 [DEBUG] coder_eval.sandbox: Command 'python3 $TASK_DIR/check_smoke_completed_wired.py' exited with code 0
2026-08-20 21:13:39 [DEBUG] coder_eval.sandbox: STDOUT:
---
OK: PurchaseApprovalBpmn/PurchaseApprovalBpmn.bpmn wires HITL completion to a downstream step that reaches an end event
---
2026-08-20 21:13:39 [DEBUG] coder_eval.evaluation.checker: Criterion 'run_command' score: 1.00
2026-08-20 21:13:39 [INFO] coder_eval.orchestrator: Success criteria: 3/3 passed, weighted score: 1.000
2026-08-20 21:13:39 [WARNING] coder_eval.orchestrator: Visible turns (46) exceeded expected_turns (18) at iteration 1 for task skill-bpmn-hitl-completed-wired. Run continues — max_turns remains the hard cap.
2026-08-20 21:13:39 [DEBUG] coder_eval.utils: Resolved @uipath plugin-tools dir=/usr/lib/node_modules/@uipath from `uip` at /usr/lib/node_modules/@uipath/cli/dist/index.js
2026-08-20 21:13:39 [INFO] coder_eval.orchestrator: Running post-run command: find . -maxdepth 5 -type d \( -name node_modules -o -name .npm-prefix -o -name .venv \) -prune -exec rm -rf {} +
2026-08-20 21:13:39 [INFO] coder_eval.orchestrator: Sandbox preserved (in-place): /work/output/artifacts/skill-bpmn-hitl-completed-wired
2026-08-20 21:13:39 [INFO] coder_eval.orchestrator: Task finished: status=SUCCESS duration=478.9s score=1.000 iterations=1


================================================================================
TASK: default/skill-bpmn-hitl-multi-outcome-routing/00
================================================================================

2026-08-20 21:06:54 [DEBUG] coder_eval.utils: Resolved @uipath plugin-tools dir=/usr/lib/node_modules/@uipath from `uip` at /usr/lib/node_modules/@uipath/cli/dist/index.js
2026-08-20 21:06:54 [INFO] coder_eval.orchestrator: API routing: aws_bedrock
2026-08-20 21:06:54 [DEBUG] coder_eval.criteria: Discovered 15 criterion checkers
2026-08-20 21:06:54 [DEBUG] coder_eval.criteria: Validated 15 criterion checkers
2026-08-20 21:06:54 [DEBUG] coder_eval.utils: Resolved @uipath plugin-tools dir=/usr/lib/node_modules/@uipath from `uip` at /usr/lib/node_modules/@uipath/cli/dist/index.js
2026-08-20 21:06:55 [DEBUG] coder_eval.orchestrator: Sending prompt: Create a local BPMN project named "LeaveRequestBpmn" with this process:

1. Manual start.
2. HITL us...
2026-08-20 21:06:55 [DEBUG] coder_eval.agents.claude_code_agent: [coder] Starting agent query stream...
2026-08-20 21:14:12 [DEBUG] coder_eval.agents.claude_code_agent: [coder] session_id changed: None -> 6681948c-1248-4632-9096-80389619a75a
2026-08-20 21:14:12 [DEBUG] coder_eval.agents.claude_code_agent: [coder] Agent query stream ended
2026-08-20 21:14:12 [DEBUG] coder_eval.utils: Resolved @uipath plugin-tools dir=/usr/lib/node_modules/@uipath from `uip` at /usr/lib/node_modules/@uipath/cli/dist/index.js
2026-08-20 21:14:12 [DEBUG] coder_eval.orchestrator: Agent response received (2641 chars)
2026-08-20 21:14:12 [DEBUG] coder_eval.orchestrator: Checking success criteria
2026-08-20 21:14:12 [DEBUG] coder_eval.evaluation.checker: Criterion 'file_exists' score: 1.00
2026-08-20 21:14:12 [DEBUG] coder_eval.evaluation.checker: Criterion 'file_contains' score: 1.00
2026-08-20 21:14:12 [DEBUG] coder_eval.criteria.run_command: Running command for criterion 'HITL outcome routed through an exclusive gateway into three distinct paths': python3 $TASK_DIR/check_smoke_multi_outcome_routing.py
2026-08-20 21:14:12 [DEBUG] coder_eval.sandbox: Command 'python3 $TASK_DIR/check_smoke_multi_outcome_routing.py' exited with code 0
2026-08-20 21:14:12 [DEBUG] coder_eval.sandbox: STDOUT:
---
OK: LeaveRequestBpmn/LeaveRequestBpmn.bpmn routes the HITL outcome into three distinct gateway branches
---
2026-08-20 21:14:12 [DEBUG] coder_eval.evaluation.checker: Criterion 'run_command' score: 1.00
2026-08-20 21:14:12 [INFO] coder_eval.orchestrator: Success criteria: 3/3 passed, weighted score: 1.000
2026-08-20 21:14:12 [DEBUG] coder_eval.utils: Resolved @uipath plugin-tools dir=/usr/lib/node_modules/@uipath from `uip` at /usr/lib/node_modules/@uipath/cli/dist/index.js
2026-08-20 21:14:12 [INFO] coder_eval.orchestrator: Running post-run command: find . -maxdepth 5 -type d \( -name node_modules -o -name .npm-prefix -o -name .venv \) -prune -exec rm -rf {} +
2026-08-20 21:14:12 [INFO] coder_eval.orchestrator: Sandbox preserved (in-place): /work/output/artifacts/skill-bpmn-hitl-multi-outcome-routing
2026-08-20 21:14:12 [INFO] coder_eval.orchestrator: Task finished: status=SUCCESS duration=445.8s score=1.000 iterations=1


================================================================================
TASK: default/skill-bpmn-hitl-result-downstream/00
================================================================================

2026-08-20 21:05:49 [DEBUG] coder_eval.utils: Resolved @uipath plugin-tools dir=/usr/lib/node_modules/@uipath from `uip` at /usr/lib/node_modules/@uipath/cli/dist/index.js
2026-08-20 21:05:49 [INFO] coder_eval.orchestrator: API routing: aws_bedrock
2026-08-20 21:05:50 [DEBUG] coder_eval.criteria: Discovered 15 criterion checkers
2026-08-20 21:05:50 [DEBUG] coder_eval.criteria: Validated 15 criterion checkers
2026-08-20 21:05:50 [DEBUG] coder_eval.utils: Resolved @uipath plugin-tools dir=/usr/lib/node_modules/@uipath from `uip` at /usr/lib/node_modules/@uipath/cli/dist/index.js
2026-08-20 21:05:51 [DEBUG] coder_eval.orchestrator: Sending prompt: Create a local BPMN project named "ExpenseApprovalBpmn" with this process:

1. Manual start.
2. HITL...
2026-08-20 21:05:51 [DEBUG] coder_eval.agents.claude_code_agent: [coder] Starting agent query stream...
2026-08-20 21:09:08 [DEBUG] coder_eval.agents.claude_code_agent: [coder] session_id changed: None -> ae59ee9d-649c-49ec-bf4f-a70927476178
2026-08-20 21:09:08 [DEBUG] coder_eval.agents.claude_code_agent: [coder] Agent query stream ended
2026-08-20 21:09:08 [DEBUG] coder_eval.utils: Resolved @uipath plugin-tools dir=/usr/lib/node_modules/@uipath from `uip` at /usr/lib/node_modules/@uipath/cli/dist/index.js
2026-08-20 21:09:08 [DEBUG] coder_eval.orchestrator: Agent response received (3104 chars)
2026-08-20 21:09:08 [DEBUG] coder_eval.orchestrator: Checking success criteria
2026-08-20 21:09:08 [DEBUG] coder_eval.evaluation.checker: Criterion 'file_exists' score: 1.00
2026-08-20 21:09:08 [DEBUG] coder_eval.evaluation.checker: Criterion 'file_contains' score: 1.00
2026-08-20 21:09:08 [DEBUG] coder_eval.criteria.run_command: Running command for criterion 'A downstream gateway condition references the HITL output variable': python3 $TASK_DIR/check_quality_result_downstream.py
2026-08-20 21:09:09 [DEBUG] coder_eval.sandbox: Command 'python3 $TASK_DIR/check_quality_result_downstream.py' exited with code 0
2026-08-20 21:09:09 [DEBUG] coder_eval.sandbox: STDOUT:
---
OK: ExpenseApprovalBpmn/ExpenseApprovalBpmn.bpmn routes downstream on the HITL decision variable(s) ['Var_Decision']
---
2026-08-20 21:09:09 [DEBUG] coder_eval.evaluation.checker: Criterion 'run_command' score: 1.00
2026-08-20 21:09:09 [INFO] coder_eval.orchestrator: Success criteria: 3/3 passed, weighted score: 1.000
2026-08-20 21:09:09 [DEBUG] coder_eval.utils: Resolved @uipath plugin-tools dir=/usr/lib/node_modules/@uipath from `uip` at /usr/lib/node_modules/@uipath/cli/dist/index.js
2026-08-20 21:09:09 [INFO] coder_eval.orchestrator: Running post-run command: find . -maxdepth 5 -type d \( -name node_modules -o -name .npm-prefix -o -name .venv \) -prune -exec rm -rf {} +
2026-08-20 21:09:09 [INFO] coder_eval.orchestrator: Sandbox preserved (in-place): /work/output/artifacts/skill-bpmn-hitl-result-downstream
2026-08-20 21:09:09 [INFO] coder_eval.orchestrator: Task finished: status=SUCCESS duration=210.9s score=1.000 iterations=1


================================================================================
TASK: default/skill-bpmn-hitl-rpa-wrappers/00
================================================================================

2026-08-20 21:10:05 [DEBUG] coder_eval.utils: Resolved @uipath plugin-tools dir=/usr/lib/node_modules/@uipath from `uip` at /usr/lib/node_modules/@uipath/cli/dist/index.js
2026-08-20 21:10:05 [INFO] coder_eval.orchestrator: API routing: aws_bedrock
2026-08-20 21:10:05 [DEBUG] coder_eval.criteria: Discovered 15 criterion checkers
2026-08-20 21:10:05 [DEBUG] coder_eval.criteria: Validated 15 criterion checkers
2026-08-20 21:10:05 [DEBUG] coder_eval.utils: Resolved @uipath plugin-tools dir=/usr/lib/node_modules/@uipath from `uip` at /usr/lib/node_modules/@uipath/cli/dist/index.js
2026-08-20 21:10:06 [DEBUG] coder_eval.orchestrator: Sending prompt: Create a local BPMN project named "EmployeeAccessBpmn" with this flow:
manual start -> HITL approval...
2026-08-20 21:10:06 [DEBUG] coder_eval.agents.claude_code_agent: [coder] Starting agent query stream...
2026-08-20 21:15:58 [DEBUG] coder_eval.agents.claude_code_agent: [coder] session_id changed: None -> d3e5392e-6acc-4b59-b38c-7bc17928f3f6
2026-08-20 21:15:58 [DEBUG] coder_eval.agents.claude_code_agent: [coder] Agent query stream ended
2026-08-20 21:15:58 [DEBUG] coder_eval.utils: Resolved @uipath plugin-tools dir=/usr/lib/node_modules/@uipath from `uip` at /usr/lib/node_modules/@uipath/cli/dist/index.js
2026-08-20 21:15:58 [DEBUG] coder_eval.orchestrator: Agent response received (3820 chars)
2026-08-20 21:15:58 [DEBUG] coder_eval.orchestrator: Checking success criteria
2026-08-20 21:15:58 [DEBUG] coder_eval.evaluation.checker: Criterion 'file_exists' score: 1.00
2026-08-20 21:15:58 [DEBUG] coder_eval.criteria.run_command: Running command for criterion 'HITL and RPA wrappers use the documented BPMN element types': python3 $TASK_DIR/check_hitl_rpa_wrappers.py
2026-08-20 21:15:59 [DEBUG] coder_eval.sandbox: Command 'python3 $TASK_DIR/check_hitl_rpa_wrappers.py' exited with code 0
2026-08-20 21:15:59 [DEBUG] coder_eval.sandbox: STDOUT:
---
OK: EmployeeAccessBpmn/EmployeeAccessBpmn.bpmn contains documented HITL and RPA wrappers
---
2026-08-20 21:15:59 [DEBUG] coder_eval.evaluation.checker: Criterion 'run_command' score: 1.00
2026-08-20 21:15:59 [INFO] coder_eval.orchestrator: Success criteria: 2/2 passed, weighted score: 1.000
2026-08-20 21:15:59 [WARNING] coder_eval.orchestrator: Visible turns (28) exceeded expected_turns (14) at iteration 1 for task skill-bpmn-hitl-rpa-wrappers. Run continues — max_turns remains the hard cap.
2026-08-20 21:15:59 [DEBUG] coder_eval.utils: Resolved @uipath plugin-tools dir=/usr/lib/node_modules/@uipath from `uip` at /usr/lib/node_modules/@uipath/cli/dist/index.js
2026-08-20 21:15:59 [INFO] coder_eval.orchestrator: Running post-run command: find . -maxdepth 5 -type d \( -name node_modules -o -name .npm-prefix -o -name .venv \) -prune -exec rm -rf {} +
2026-08-20 21:15:59 [INFO] coder_eval.orchestrator: Sandbox preserved (in-place): /work/output/artifacts/skill-bpmn-hitl-rpa-wrappers
2026-08-20 21:15:59 [INFO] coder_eval.orchestrator: Task finished: status=SUCCESS duration=358.5s score=1.000 iterations=1


================================================================================
TASK: default/skill-bpmn-hitl-schema-design/00
================================================================================

2026-08-20 21:05:52 [DEBUG] coder_eval.utils: Resolved @uipath plugin-tools dir=/usr/lib/node_modules/@uipath from `uip` at /usr/lib/node_modules/@uipath/cli/dist/index.js
2026-08-20 21:05:52 [INFO] coder_eval.orchestrator: API routing: aws_bedrock
2026-08-20 21:05:52 [DEBUG] coder_eval.criteria: Discovered 15 criterion checkers
2026-08-20 21:05:52 [DEBUG] coder_eval.criteria: Validated 15 criterion checkers
2026-08-20 21:05:52 [DEBUG] coder_eval.utils: Resolved @uipath plugin-tools dir=/usr/lib/node_modules/@uipath from `uip` at /usr/lib/node_modules/@uipath/cli/dist/index.js
2026-08-20 21:05:53 [DEBUG] coder_eval.orchestrator: Sending prompt: Create a local BPMN project named "VendorPOReviewBpmn" for purchase-order
review:

- Manual start.
-...
2026-08-20 21:05:53 [DEBUG] coder_eval.agents.claude_code_agent: [coder] Starting agent query stream...
2026-08-20 21:20:53 [DEBUG] coder_eval.orchestrator: [skill-bpmn-hitl-schema-design] Drained partial turn record (attempt 1, iteration 1): 51 commands
2026-08-20 21:20:53 [ERROR] coder_eval.errors.executor: [skill-bpmn-hitl-schema-design] Agent communication failed (non-retryable): agent_timeout - Agent turn timed out after 900s (iteration 1)
2026-08-20 21:20:53 [ERROR] coder_eval.orchestrator: Evaluation failed: Agent turn timed out after 900s (iteration 1)
Traceback (most recent call last):
  File "/usr/local/lib/python3.13/site-packages/anyio/streams/memory.py", line 117, in receive
    return self.receive_nowait()
           ~~~~~~~~~~~~~~~~~~~^^
  File "/usr/local/lib/python3.13/site-packages/anyio/streams/memory.py", line 112, in receive_nowait
    raise WouldBlock
anyio.WouldBlock

During handling of the above exception, another exception occurred:

Traceback (most recent call last):
  File "/usr/local/lib/python3.13/site-packages/claude_agent_sdk/_internal/client.py", line 227, in _process_query_inner
    async for data in query.receive_messages():
    ...<2 lines>...
            yield message
  File "/usr/local/lib/python3.13/site-packages/claude_agent_sdk/_internal/query.py", line 847, in receive_messages
    async for message in self._message_receive:
    ...<6 lines>...
        yield message
  File "/usr/local/lib/python3.13/site-packages/anyio/abc/_streams.py", line 35, in __anext__
    return await self.receive()
           ^^^^^^^^^^^^^^^^^^^^
  File "/usr/local/lib/python3.13/site-packages/anyio/streams/memory.py", line 125, in receive
    await receive_event.wait()
  File "/usr/local/lib/python3.13/site-packages/anyio/_backends/_asyncio.py", line 1804, in wait
    await self._event.wait()
  File "/usr/local/lib/python3.13/asyncio/locks.py", line 213, in wait
    await fut
asyncio.exceptions.CancelledError

During handling of the above exception, another exception occurred:

Traceback (most recent call last):
  File "/opt/coder_eval/src/coder_eval/agents/claude_code_agent.py", line 1017, in communicate
    await self._pump_messages(state, query_kwargs, deadline, should_stop)
  File "/opt/coder_eval/src/coder_eval/agents/claude_code_agent.py", line 1132, in _pump_messages
    async for message in query(**query_kwargs):
    ...<8 lines>...
            break
  File "/usr/local/lib/python3.13/site-packages/claude_agent_sdk/query.py", line 123, in query
    async for message in client.process_query(
    ...<2 lines>...
        yield message
  File "/usr/local/lib/python3.13/site-packages/claude_agent_sdk/_internal/client.py", line 75, in process_query
    async for msg in inner:
        yield msg
  File "/usr/local/lib/python3.13/site-packages/claude_agent_sdk/_internal/client.py", line 233, in _process_query_inner
    await query.close()
  File "/usr/local/lib/python3.13/site-packages/claude_agent_sdk/_internal/query.py", line 884, in close
    await self._close_impl()
  File "/usr/local/lib/python3.13/site-packages/claude_agent_sdk/_internal/query.py", line 907, in _close_impl
    await self.transport.close()
  File "/usr/local/lib/python3.13/site-packages/claude_agent_sdk/_internal/transport/subprocess_cli.py", line 893, in close
    await self._process.wait()
  File "/usr/local/lib/python3.13/site-packages/anyio/_backends/_asyncio.py", line 1112, in wait
    return await self._process.wait()
           ^^^^^^^^^^^^^^^^^^^^^^^^^^
  File "/usr/local/lib/python3.13/asyncio/subprocess.py", line 137, in wait
    return await self._transport._wait()
           ^^^^^^^^^^^^^^^^^^^^^^^^^^^^^
  File "/usr/local/lib/python3.13/asyncio/base_subprocess.py", line 261, in _wait
    return await waiter
           ^^^^^^^^^^^^
asyncio.exceptions.CancelledError

During handling of the above exception, another exception occurred:

Traceback (most recent call last):
  File "/opt/coder_eval/src/coder_eval/orchestrator.py", line 520, in run
    success = await self._evaluation_loop()
              ^^^^^^^^^^^^^^^^^^^^^^^^^^^^^
  File "/opt/coder_eval/src/coder_eval/orchestrator.py", line 1560, in _evaluation_loop
    turn_record = await self._communicate_with_retry(
                  ^^^^^^^^^^^^^^^^^^^^^^^^^^^^^^^^^^^
    ...<3 lines>...
    )
    ^
  File "/opt/coder_eval/src/coder_eval/orchestrator.py", line 1437, in _communicate_with_retry
    turn_record = await execute_with_retry(
                  ^^^^^^^^^^^^^^^^^^^^^^^^^
    ...<8 lines>...
    )
    ^
  File "/opt/coder_eval/src/coder_eval/errors/executor.py", line 71, in execute_with_retry
    return await operation()
           ^^^^^^^^^^^^^^^^^
  File "/opt/coder_eval/src/coder_eval/orchestrator.py", line 1419, in _communicate_attempt
    return await asyncio.wait_for(coro, timeout=outer_timeout)
           ^^^^^^^^^^^^^^^^^^^^^^^^^^^^^^^^^^^^^^^^^^^^^^^^^^^
  File "/usr/local/lib/python3.13/asyncio/tasks.py", line 507, in wait_for
    return await fut
           ^^^^^^^^^
  File "/opt/coder_eval/src/coder_eval/agents/claude_code_agent.py", line 1029, in communicate
    self._finalize_and_raise_timeout(state.finalize, timeout)
    ~~~~~~~~~~~~~~~~~~~~~~~~~~~~~~~~^^^^^^^^^^^^^^^^^^^^^^^^^
  File "/opt/coder_eval/src/coder_eval/agent.py", line 147, in _finalize_and_raise_timeout
    raise TurnTimeoutError(timeout, iteration=self._iteration)
coder_eval.errors.timeout.TurnTimeoutError: Agent turn timed out after 900s (iteration 1)
2026-08-20 21:20:53 [DEBUG] coder_eval.utils: Resolved @uipath plugin-tools dir=/usr/lib/node_modules/@uipath from `uip` at /usr/lib/node_modules/@uipath/cli/dist/index.js
2026-08-20 21:20:53 [INFO] coder_eval.orchestrator: Running post-run command: find . -maxdepth 5 -type d \( -name node_modules -o -name .npm-prefix -o -name .venv \) -prune -exec rm -rf {} +
2026-08-20 21:20:53 [INFO] coder_eval.orchestrator: Sandbox preserved (in-place): /work/output/artifacts/skill-bpmn-hitl-schema-design
2026-08-20 21:20:53 [INFO] coder_eval.orchestrator: Task finished: status=ERROR duration=913.4s score=0.000 iterations=1


================================================================================
TASK: default/skill-bpmn-http-weather/00
================================================================================

2026-08-20 21:09:03 [DEBUG] coder_eval.utils: Resolved @uipath plugin-tools dir=/usr/lib/node_modules/@uipath from `uip` at /usr/lib/node_modules/@uipath/cli/dist/index.js
2026-08-20 21:09:03 [INFO] coder_eval.orchestrator: API routing: aws_bedrock
2026-08-20 21:09:03 [DEBUG] coder_eval.criteria: Discovered 15 criterion checkers
2026-08-20 21:09:03 [DEBUG] coder_eval.criteria: Validated 15 criterion checkers
2026-08-20 21:09:03 [DEBUG] coder_eval.utils: Resolved @uipath plugin-tools dir=/usr/lib/node_modules/@uipath from `uip` at /usr/lib/node_modules/@uipath/cli/dist/index.js
2026-08-20 21:09:04 [DEBUG] coder_eval.orchestrator: Sending prompt: Load and follow the uipath-maestro-bpmn skill.

Create a local BPMN project named "OpenMeteoWeatherH...
2026-08-20 21:09:04 [DEBUG] coder_eval.agents.claude_code_agent: [coder] Starting agent query stream...
2026-08-20 21:13:41 [DEBUG] coder_eval.agents.claude_code_agent: [coder] session_id changed: None -> 317e76e8-d141-4205-b9ce-3d2844d7feec
2026-08-20 21:13:41 [DEBUG] coder_eval.agents.claude_code_agent: [coder] Agent query stream ended
2026-08-20 21:13:41 [DEBUG] coder_eval.utils: Resolved @uipath plugin-tools dir=/usr/lib/node_modules/@uipath from `uip` at /usr/lib/node_modules/@uipath/cli/dist/index.js
2026-08-20 21:13:41 [DEBUG] coder_eval.orchestrator: Agent response received (4016 chars)
2026-08-20 21:13:41 [DEBUG] coder_eval.orchestrator: Checking success criteria
2026-08-20 21:13:41 [DEBUG] coder_eval.evaluation.checker: Criterion 'file_exists' score: 1.00
2026-08-20 21:13:41 [DEBUG] coder_eval.evaluation.checker: Criterion 'file_contains' score: 1.00
2026-08-20 21:13:41 [DEBUG] coder_eval.evaluation.checker: Criterion 'command_executed' score: 1.00
2026-08-20 21:13:41 [DEBUG] coder_eval.criteria.run_command: Running command for criterion 'HTTP sendTask is connectionless manual GET to Open-Meteo with a bound output variable': python3 $TASK_DIR/check_http_weather.py
2026-08-20 21:13:41 [DEBUG] coder_eval.sandbox: Command 'python3 $TASK_DIR/check_http_weather.py' exited with code 0
2026-08-20 21:13:41 [DEBUG] coder_eval.sandbox: STDOUT:
---
OK: OpenMeteoWeatherHttp/OpenMeteoWeatherHttp.bpmn is a connectionless manual GET to Open-Meteo with a bound output
---
2026-08-20 21:13:41 [DEBUG] coder_eval.evaluation.checker: Criterion 'run_command' score: 1.00
2026-08-20 21:13:41 [INFO] coder_eval.orchestrator: Success criteria: 4/4 passed, weighted score: 1.000
2026-08-20 21:13:41 [WARNING] coder_eval.orchestrator: Visible turns (26) exceeded expected_turns (16) at iteration 1 for task skill-bpmn-http-weather. Run continues — max_turns remains the hard cap.
2026-08-20 21:13:41 [DEBUG] coder_eval.utils: Resolved @uipath plugin-tools dir=/usr/lib/node_modules/@uipath from `uip` at /usr/lib/node_modules/@uipath/cli/dist/index.js
2026-08-20 21:13:41 [INFO] coder_eval.orchestrator: Running post-run command: find . -maxdepth 5 -type d \( -name node_modules -o -name .npm-prefix -o -name .venv \) -prune -exec rm -rf {} +
2026-08-20 21:13:41 [INFO] coder_eval.orchestrator: Sandbox preserved (in-place): /work/output/artifacts/skill-bpmn-http-weather
2026-08-20 21:13:41 [INFO] coder_eval.orchestrator: Task finished: status=SUCCESS duration=283.5s score=1.000 iterations=1


================================================================================
TASK: default/skill-bpmn-inclusive-gateway-forkjoin/00
================================================================================

2026-08-20 21:05:53 [DEBUG] coder_eval.utils: Resolved @uipath plugin-tools dir=/usr/lib/node_modules/@uipath from `uip` at /usr/lib/node_modules/@uipath/cli/dist/index.js
2026-08-20 21:05:53 [INFO] coder_eval.orchestrator: API routing: aws_bedrock
2026-08-20 21:05:53 [DEBUG] coder_eval.criteria: Discovered 15 criterion checkers
2026-08-20 21:05:53 [DEBUG] coder_eval.criteria: Validated 15 criterion checkers
2026-08-20 21:05:53 [DEBUG] coder_eval.utils: Resolved @uipath plugin-tools dir=/usr/lib/node_modules/@uipath from `uip` at /usr/lib/node_modules/@uipath/cli/dist/index.js
2026-08-20 21:05:54 [DEBUG] coder_eval.orchestrator: Sending prompt: Load and follow the uipath-maestro-bpmn skill.

Author a single Maestro BPMN file `NotificationFanou...
2026-08-20 21:05:54 [DEBUG] coder_eval.agents.claude_code_agent: [coder] Starting agent query stream...
2026-08-20 21:08:32 [DEBUG] coder_eval.agents.claude_code_agent: [coder] session_id changed: None -> 88738ca1-957d-485c-9bf7-51c6f24aef5b
2026-08-20 21:08:32 [DEBUG] coder_eval.agents.claude_code_agent: [coder] Agent query stream ended
2026-08-20 21:08:32 [DEBUG] coder_eval.utils: Resolved @uipath plugin-tools dir=/usr/lib/node_modules/@uipath from `uip` at /usr/lib/node_modules/@uipath/cli/dist/index.js
2026-08-20 21:08:32 [DEBUG] coder_eval.orchestrator: Agent response received (1955 chars)
2026-08-20 21:08:32 [DEBUG] coder_eval.orchestrator: Checking success criteria
2026-08-20 21:08:32 [DEBUG] coder_eval.evaluation.checker: Criterion 'file_exists' score: 1.00
2026-08-20 21:08:32 [DEBUG] coder_eval.evaluation.checker: Criterion 'command_executed' score: 1.00
2026-08-20 21:08:32 [DEBUG] coder_eval.evaluation.checker: Criterion 'file_contains' score: 1.00
2026-08-20 21:08:32 [DEBUG] coder_eval.criteria.run_command: Running command for criterion 'Conditioned inclusive split rejoins at a real inclusive join (no fake/superfluous gateway), fully shaped': python3 $TASK_DIR/check_inclusive_gateway_forkjoin.py
2026-08-20 21:08:33 [DEBUG] coder_eval.sandbox: Command 'python3 $TASK_DIR/check_inclusive_gateway_forkjoin.py' exited with code 0
2026-08-20 21:08:33 [DEBUG] coder_eval.sandbox: STDOUT:
---
OK: NotificationFanout.bpmn forks on a conditioned inclusive split and rejoins at a real inclusive join
---
2026-08-20 21:08:33 [DEBUG] coder_eval.evaluation.checker: Criterion 'run_command' score: 1.00
2026-08-20 21:08:33 [INFO] coder_eval.orchestrator: Success criteria: 4/4 passed, weighted score: 1.000
2026-08-20 21:08:33 [DEBUG] coder_eval.utils: Resolved @uipath plugin-tools dir=/usr/lib/node_modules/@uipath from `uip` at /usr/lib/node_modules/@uipath/cli/dist/index.js
2026-08-20 21:08:33 [INFO] coder_eval.orchestrator: Running post-run command: find . -maxdepth 5 -type d \( -name node_modules -o -name .npm-prefix -o -name .venv \) -prune -exec rm -rf {} +
2026-08-20 21:08:33 [INFO] coder_eval.orchestrator: Sandbox preserved (in-place): /work/output/artifacts/skill-bpmn-inclusive-gateway-forkjoin
2026-08-20 21:08:33 [INFO] coder_eval.orchestrator: Task finished: status=SUCCESS duration=171.5s score=1.000 iterations=1


================================================================================
TASK: default/skill-bpmn-integration-service-boundary/00
================================================================================

2026-08-20 21:05:50 [DEBUG] coder_eval.utils: Resolved @uipath plugin-tools dir=/usr/lib/node_modules/@uipath from `uip` at /usr/lib/node_modules/@uipath/cli/dist/index.js
2026-08-20 21:05:50 [INFO] coder_eval.orchestrator: API routing: aws_bedrock
2026-08-20 21:05:50 [DEBUG] coder_eval.criteria: Discovered 15 criterion checkers
2026-08-20 21:05:50 [DEBUG] coder_eval.criteria: Validated 15 criterion checkers
2026-08-20 21:05:50 [DEBUG] coder_eval.utils: Resolved @uipath plugin-tools dir=/usr/lib/node_modules/@uipath from `uip` at /usr/lib/node_modules/@uipath/cli/dist/index.js
2026-08-20 21:05:51 [DEBUG] coder_eval.orchestrator: Sending prompt: Create a local BPMN draft project named "SlackDigestBoundaryBpmn".
The intended process is:
manual s...
2026-08-20 21:05:52 [DEBUG] coder_eval.agents.claude_code_agent: [coder] Starting agent query stream...
2026-08-20 21:16:28 [DEBUG] coder_eval.agents.claude_code_agent: [coder] session_id changed: None -> 8396b073-ea53-488b-973b-2daa0f8b5c19
2026-08-20 21:16:28 [DEBUG] coder_eval.agents.claude_code_agent: [coder] Agent query stream ended
2026-08-20 21:16:28 [DEBUG] coder_eval.utils: Resolved @uipath plugin-tools dir=/usr/lib/node_modules/@uipath from `uip` at /usr/lib/node_modules/@uipath/cli/dist/index.js
2026-08-20 21:16:28 [DEBUG] coder_eval.orchestrator: Agent response received (4256 chars)
2026-08-20 21:16:28 [DEBUG] coder_eval.orchestrator: Checking success criteria
2026-08-20 21:16:28 [DEBUG] coder_eval.evaluation.checker: Criterion 'file_exists' score: 1.00
2026-08-20 21:16:28 [DEBUG] coder_eval.criteria.run_command: Running command for criterion 'Integration Service draft stays inside the CLI-owned boundary': python3 $TASK_DIR/check_integration_service_boundary.py
2026-08-20 21:16:29 [DEBUG] coder_eval.sandbox: Command 'python3 $TASK_DIR/check_integration_service_boundary.py' exited with code 1
2026-08-20 21:16:29 [DEBUG] coder_eval.sandbox: STDERR:
---
FAIL: draft boundary should not hand-author generated package files: ['bindings_v2.json', 'entry-points.json', 'operate.json', 'package-descriptor.json']
---
2026-08-20 21:16:29 [DEBUG] coder_eval.evaluation.checker: Criterion 'run_command' score: 0.00
2026-08-20 21:16:29 [INFO] coder_eval.evaluation.checker: Criterion 'run_command' FAILED (score=0.00, threshold=1.00): Command: python3 $TASK_DIR/check_integration_service_boundary.py
2026-08-20 21:16:29 [INFO] coder_eval.orchestrator: Success criteria: 1/2 passed, weighted score: 0.167
2026-08-20 21:16:29 [WARNING] coder_eval.orchestrator: Visible turns (35) exceeded expected_turns (19) at iteration 1 for task skill-bpmn-integration-service-boundary. Run continues — max_turns remains the hard cap.
2026-08-20 21:16:29 [DEBUG] coder_eval.utils: Resolved @uipath plugin-tools dir=/usr/lib/node_modules/@uipath from `uip` at /usr/lib/node_modules/@uipath/cli/dist/index.js
2026-08-20 21:16:29 [INFO] coder_eval.orchestrator: Running post-run command: find . -maxdepth 5 -type d \( -name node_modules -o -name .npm-prefix -o -name .venv \) -prune -exec rm -rf {} +
2026-08-20 21:16:29 [INFO] coder_eval.orchestrator: Sandbox preserved (in-place): /work/output/artifacts/skill-bpmn-integration-service-boundary
2026-08-20 21:16:29 [INFO] coder_eval.orchestrator: Task finished: status=FAILURE duration=649.3s score=0.167 iterations=1


================================================================================
TASK: default/skill-bpmn-loop-multiply/00
================================================================================

2026-08-20 21:05:52 [DEBUG] coder_eval.utils: Resolved @uipath plugin-tools dir=/usr/lib/node_modules/@uipath from `uip` at /usr/lib/node_modules/@uipath/cli/dist/index.js
2026-08-20 21:05:52 [INFO] coder_eval.orchestrator: API routing: aws_bedrock
2026-08-20 21:05:53 [DEBUG] coder_eval.criteria: Discovered 15 criterion checkers
2026-08-20 21:05:53 [DEBUG] coder_eval.criteria: Validated 15 criterion checkers
2026-08-20 21:05:53 [DEBUG] coder_eval.utils: Resolved @uipath plugin-tools dir=/usr/lib/node_modules/@uipath from `uip` at /usr/lib/node_modules/@uipath/cli/dist/index.js
2026-08-20 21:05:54 [DEBUG] coder_eval.orchestrator: Sending prompt: Load and follow the uipath-maestro-bpmn skill.

Author a local Maestro BPMN project named "LoopMulti...
2026-08-20 21:05:54 [DEBUG] coder_eval.agents.claude_code_agent: [coder] Starting agent query stream...
2026-08-20 21:11:31 [DEBUG] coder_eval.agents.claude_code_agent: [coder] session_id changed: None -> a6b5e164-6c57-4249-9771-cc6a9e067e8f
2026-08-20 21:11:31 [DEBUG] coder_eval.agents.claude_code_agent: [coder] Agent query stream ended
2026-08-20 21:11:31 [DEBUG] coder_eval.utils: Resolved @uipath plugin-tools dir=/usr/lib/node_modules/@uipath from `uip` at /usr/lib/node_modules/@uipath/cli/dist/index.js
2026-08-20 21:11:31 [DEBUG] coder_eval.orchestrator: Agent response received (3498 chars)
2026-08-20 21:11:31 [DEBUG] coder_eval.orchestrator: Checking success criteria
2026-08-20 21:11:31 [DEBUG] coder_eval.evaluation.checker: Criterion 'file_exists' score: 1.00
2026-08-20 21:11:31 [DEBUG] coder_eval.evaluation.checker: Criterion 'file_contains' score: 1.00
2026-08-20 21:11:31 [DEBUG] coder_eval.criteria.run_command: Running command for criterion 'BPMN has a sequential multi-instance marker with a bound collection and valid DI': python3 $TASK_DIR/check_loop_multiply.py
2026-08-20 21:11:32 [DEBUG] coder_eval.sandbox: Command 'python3 $TASK_DIR/check_loop_multiply.py' exited with code 0
2026-08-20 21:11:32 [DEBUG] coder_eval.sandbox: STDOUT:
---
OK: LoopMultiplyBpmn/LoopMultiplyBpmn.bpmn multiplies a collection through a sequential multi-instance marker
---
2026-08-20 21:11:32 [DEBUG] coder_eval.evaluation.checker: Criterion 'run_command' score: 1.00
2026-08-20 21:11:32 [INFO] coder_eval.orchestrator: Success criteria: 3/3 passed, weighted score: 1.000
2026-08-20 21:11:32 [WARNING] coder_eval.orchestrator: Visible turns (42) exceeded expected_turns (22) at iteration 1 for task skill-bpmn-loop-multiply. Run continues — max_turns remains the hard cap.
2026-08-20 21:11:32 [DEBUG] coder_eval.utils: Resolved @uipath plugin-tools dir=/usr/lib/node_modules/@uipath from `uip` at /usr/lib/node_modules/@uipath/cli/dist/index.js
2026-08-20 21:11:32 [INFO] coder_eval.orchestrator: Running post-run command: find . -maxdepth 5 -type d \( -name node_modules -o -name .npm-prefix -o -name .venv \) -prune -exec rm -rf {} +
2026-08-20 21:11:32 [INFO] coder_eval.orchestrator: Sandbox preserved (in-place): /work/output/artifacts/skill-bpmn-loop-multiply
2026-08-20 21:11:32 [INFO] coder_eval.orchestrator: Task finished: status=SUCCESS duration=349.9s score=1.000 iterations=1


================================================================================
TASK: default/skill-bpmn-message-catch/00
================================================================================

2026-08-20 21:05:47 [DEBUG] coder_eval.utils: Resolved @uipath plugin-tools dir=/usr/lib/node_modules/@uipath from `uip` at /usr/lib/node_modules/@uipath/cli/dist/index.js
2026-08-20 21:05:47 [INFO] coder_eval.orchestrator: API routing: aws_bedrock
2026-08-20 21:05:48 [DEBUG] coder_eval.criteria: Discovered 15 criterion checkers
2026-08-20 21:05:48 [DEBUG] coder_eval.criteria: Validated 15 criterion checkers
2026-08-20 21:05:48 [DEBUG] coder_eval.utils: Resolved @uipath plugin-tools dir=/usr/lib/node_modules/@uipath from `uip` at /usr/lib/node_modules/@uipath/cli/dist/index.js
2026-08-20 21:05:49 [DEBUG] coder_eval.orchestrator: Sending prompt: Load and follow the uipath-maestro-bpmn skill.

Create a local BPMN project named "AwaitApprovalMess...
2026-08-20 21:05:49 [DEBUG] coder_eval.agents.claude_code_agent: [coder] Starting agent query stream...
2026-08-20 21:08:54 [DEBUG] coder_eval.agents.claude_code_agent: [coder] session_id changed: None -> 5d32d951-e8ca-42fb-85ae-09da2221a716
2026-08-20 21:08:54 [DEBUG] coder_eval.agents.claude_code_agent: [coder] Agent query stream ended
2026-08-20 21:08:54 [DEBUG] coder_eval.utils: Resolved @uipath plugin-tools dir=/usr/lib/node_modules/@uipath from `uip` at /usr/lib/node_modules/@uipath/cli/dist/index.js
2026-08-20 21:08:54 [DEBUG] coder_eval.orchestrator: Agent response received (3248 chars)
2026-08-20 21:08:54 [DEBUG] coder_eval.orchestrator: Checking success criteria
2026-08-20 21:08:54 [DEBUG] coder_eval.evaluation.checker: Criterion 'file_exists' score: 1.00
2026-08-20 21:08:54 [DEBUG] coder_eval.evaluation.checker: Criterion 'command_executed' score: 1.00
2026-08-20 21:08:54 [DEBUG] coder_eval.criteria.run_command: Running command for criterion 'Receive-message wait is a mid-flow intermediate catch event with the start preserved': python3 $TASK_DIR/check_message_catch.py
2026-08-20 21:08:55 [DEBUG] coder_eval.sandbox: Command 'python3 $TASK_DIR/check_message_catch.py' exited with code 0
2026-08-20 21:08:55 [DEBUG] coder_eval.sandbox: STDOUT:
---
OK: AwaitApprovalMessage/AwaitApprovalMessage.bpmn waits mid-flow on a receive-message catch event with the start preserved
---
2026-08-20 21:08:55 [DEBUG] coder_eval.evaluation.checker: Criterion 'run_command' score: 1.00
2026-08-20 21:08:55 [INFO] coder_eval.orchestrator: Success criteria: 3/3 passed, weighted score: 1.000
2026-08-20 21:08:55 [WARNING] coder_eval.orchestrator: Visible turns (21) exceeded expected_turns (16) at iteration 1 for task skill-bpmn-message-catch. Run continues — max_turns remains the hard cap.
2026-08-20 21:08:55 [DEBUG] coder_eval.utils: Resolved @uipath plugin-tools dir=/usr/lib/node_modules/@uipath from `uip` at /usr/lib/node_modules/@uipath/cli/dist/index.js
2026-08-20 21:08:55 [INFO] coder_eval.orchestrator: Running post-run command: find . -maxdepth 5 -type d \( -name node_modules -o -name .npm-prefix -o -name .venv \) -prune -exec rm -rf {} +
2026-08-20 21:08:55 [INFO] coder_eval.orchestrator: Sandbox preserved (in-place): /work/output/artifacts/skill-bpmn-message-catch
2026-08-20 21:08:55 [INFO] coder_eval.orchestrator: Task finished: status=SUCCESS duration=197.8s score=1.000 iterations=1


================================================================================
TASK: default/skill-bpmn-message-send-receive-pair/00
================================================================================

2026-08-20 21:11:10 [DEBUG] coder_eval.utils: Resolved @uipath plugin-tools dir=/usr/lib/node_modules/@uipath from `uip` at /usr/lib/node_modules/@uipath/cli/dist/index.js
2026-08-20 21:11:10 [INFO] coder_eval.orchestrator: API routing: aws_bedrock
2026-08-20 21:11:10 [DEBUG] coder_eval.criteria: Discovered 15 criterion checkers
2026-08-20 21:11:10 [DEBUG] coder_eval.criteria: Validated 15 criterion checkers
2026-08-20 21:11:10 [DEBUG] coder_eval.utils: Resolved @uipath plugin-tools dir=/usr/lib/node_modules/@uipath from `uip` at /usr/lib/node_modules/@uipath/cli/dist/index.js
2026-08-20 21:11:10 [DEBUG] coder_eval.orchestrator: Sending prompt: Load and follow the uipath-maestro-bpmn skill.

Author a single Maestro BPMN file `OrderCoordination...
2026-08-20 21:11:11 [DEBUG] coder_eval.agents.claude_code_agent: [coder] Starting agent query stream...
2026-08-20 21:26:11 [DEBUG] coder_eval.orchestrator: [skill-bpmn-message-send-receive-pair] Drained partial turn record (attempt 1, iteration 1): 74 commands
2026-08-20 21:26:11 [ERROR] coder_eval.errors.executor: [skill-bpmn-message-send-receive-pair] Agent communication failed (non-retryable): agent_timeout - Agent turn timed out after 900s (iteration 1)
2026-08-20 21:26:11 [ERROR] coder_eval.orchestrator: Evaluation failed: Agent turn timed out after 900s (iteration 1)
Traceback (most recent call last):
  File "/usr/local/lib/python3.13/site-packages/anyio/streams/memory.py", line 117, in receive
    return self.receive_nowait()
           ~~~~~~~~~~~~~~~~~~~^^
  File "/usr/local/lib/python3.13/site-packages/anyio/streams/memory.py", line 112, in receive_nowait
    raise WouldBlock
anyio.WouldBlock

During handling of the above exception, another exception occurred:

Traceback (most recent call last):
  File "/opt/coder_eval/src/coder_eval/agents/claude_code_agent.py", line 1017, in communicate
    await self._pump_messages(state, query_kwargs, deadline, should_stop)
  File "/opt/coder_eval/src/coder_eval/agents/claude_code_agent.py", line 1132, in _pump_messages
    async for message in query(**query_kwargs):
    ...<8 lines>...
            break
  File "/usr/local/lib/python3.13/site-packages/claude_agent_sdk/query.py", line 123, in query
    async for message in client.process_query(
    ...<2 lines>...
        yield message
  File "/usr/local/lib/python3.13/site-packages/claude_agent_sdk/_internal/client.py", line 75, in process_query
    async for msg in inner:
        yield msg
  File "/usr/local/lib/python3.13/site-packages/claude_agent_sdk/_internal/client.py", line 227, in _process_query_inner
    async for data in query.receive_messages():
    ...<2 lines>...
            yield message
  File "/usr/local/lib/python3.13/site-packages/claude_agent_sdk/_internal/query.py", line 847, in receive_messages
    async for message in self._message_receive:
    ...<6 lines>...
        yield message
  File "/usr/local/lib/python3.13/site-packages/anyio/abc/_streams.py", line 35, in __anext__
    return await self.receive()
           ^^^^^^^^^^^^^^^^^^^^
  File "/usr/local/lib/python3.13/site-packages/anyio/streams/memory.py", line 125, in receive
    await receive_event.wait()
  File "/usr/local/lib/python3.13/site-packages/anyio/_backends/_asyncio.py", line 1804, in wait
    await self._event.wait()
  File "/usr/local/lib/python3.13/asyncio/locks.py", line 213, in wait
    await fut
asyncio.exceptions.CancelledError

During handling of the above exception, another exception occurred:

Traceback (most recent call last):
  File "/opt/coder_eval/src/coder_eval/orchestrator.py", line 520, in run
    success = await self._evaluation_loop()
              ^^^^^^^^^^^^^^^^^^^^^^^^^^^^^
  File "/opt/coder_eval/src/coder_eval/orchestrator.py", line 1560, in _evaluation_loop
    turn_record = await self._communicate_with_retry(
                  ^^^^^^^^^^^^^^^^^^^^^^^^^^^^^^^^^^^
    ...<3 lines>...
    )
    ^
  File "/opt/coder_eval/src/coder_eval/orchestrator.py", line 1437, in _communicate_with_retry
    turn_record = await execute_with_retry(
                  ^^^^^^^^^^^^^^^^^^^^^^^^^
    ...<8 lines>...
    )
    ^
  File "/opt/coder_eval/src/coder_eval/errors/executor.py", line 71, in execute_with_retry
    return await operation()
           ^^^^^^^^^^^^^^^^^
  File "/opt/coder_eval/src/coder_eval/orchestrator.py", line 1419, in _communicate_attempt
    return await asyncio.wait_for(coro, timeout=outer_timeout)
           ^^^^^^^^^^^^^^^^^^^^^^^^^^^^^^^^^^^^^^^^^^^^^^^^^^^
  File "/usr/local/lib/python3.13/asyncio/tasks.py", line 507, in wait_for
    return await fut
           ^^^^^^^^^
  File "/opt/coder_eval/src/coder_eval/agents/claude_code_agent.py", line 1029, in communicate
    self._finalize_and_raise_timeout(state.finalize, timeout)
    ~~~~~~~~~~~~~~~~~~~~~~~~~~~~~~~~^^^^^^^^^^^^^^^^^^^^^^^^^
  File "/opt/coder_eval/src/coder_eval/agent.py", line 147, in _finalize_and_raise_timeout
    raise TurnTimeoutError(timeout, iteration=self._iteration)
coder_eval.errors.timeout.TurnTimeoutError: Agent turn timed out after 900s (iteration 1)
2026-08-20 21:26:11 [DEBUG] coder_eval.utils: Resolved @uipath plugin-tools dir=/usr/lib/node_modules/@uipath from `uip` at /usr/lib/node_modules/@uipath/cli/dist/index.js
2026-08-20 21:26:11 [INFO] coder_eval.orchestrator: Running post-run command: find . -maxdepth 5 -type d \( -name node_modules -o -name .npm-prefix -o -name .venv \) -prune -exec rm -rf {} +
2026-08-20 21:26:11 [INFO] coder_eval.orchestrator: Sandbox preserved (in-place): /work/output/artifacts/skill-bpmn-message-send-receive-pair
2026-08-20 21:26:11 [INFO] coder_eval.orchestrator: Task finished: status=ERROR duration=903.8s score=0.000 iterations=1


================================================================================
TASK: default/skill-bpmn-multi-city-weather/00
================================================================================

2026-08-20 21:05:50 [DEBUG] coder_eval.utils: Resolved @uipath plugin-tools dir=/usr/lib/node_modules/@uipath from `uip` at /usr/lib/node_modules/@uipath/cli/dist/index.js
2026-08-20 21:05:50 [INFO] coder_eval.orchestrator: API routing: aws_bedrock
2026-08-20 21:05:50 [DEBUG] coder_eval.criteria: Discovered 15 criterion checkers
2026-08-20 21:05:50 [DEBUG] coder_eval.criteria: Validated 15 criterion checkers
2026-08-20 21:05:50 [DEBUG] coder_eval.utils: Resolved @uipath plugin-tools dir=/usr/lib/node_modules/@uipath from `uip` at /usr/lib/node_modules/@uipath/cli/dist/index.js
2026-08-20 21:05:51 [DEBUG] coder_eval.orchestrator: Sending prompt: Load and follow the uipath-maestro-bpmn skill.

Author a local Maestro BPMN project named "MultiCity...
2026-08-20 21:05:51 [DEBUG] coder_eval.agents.claude_code_agent: [coder] Starting agent query stream...
2026-08-20 21:17:11 [DEBUG] coder_eval.agents.claude_code_agent: [coder] session_id changed: None -> 8fe7ef59-cd50-4d82-9227-23b761edc678
2026-08-20 21:17:11 [DEBUG] coder_eval.agents.claude_code_agent: [coder] Agent query stream ended
2026-08-20 21:17:11 [WARNING] coder_eval.agents.claude_code_agent: [coder] Agent exhausted max_turns (75); turn ended without completing
2026-08-20 21:17:11 [DEBUG] coder_eval.utils: Resolved @uipath plugin-tools dir=/usr/lib/node_modules/@uipath from `uip` at /usr/lib/node_modules/@uipath/cli/dist/index.js
2026-08-20 21:17:11 [DEBUG] coder_eval.orchestrator: Agent response received (3659 chars)
2026-08-20 21:17:11 [DEBUG] coder_eval.orchestrator: Checking success criteria
2026-08-20 21:17:11 [DEBUG] coder_eval.evaluation.checker: Criterion 'file_exists' score: 1.00
2026-08-20 21:17:11 [DEBUG] coder_eval.evaluation.checker: Criterion 'file_contains' score: 1.00
2026-08-20 21:17:11 [DEBUG] coder_eval.criteria.run_command: Running command for criterion 'BPMN has a parallel multi-instance marker with a bound cities collection and valid DI': python3 $TASK_DIR/check_multi_city_weather.py
2026-08-20 21:17:11 [DEBUG] coder_eval.sandbox: Command 'python3 $TASK_DIR/check_multi_city_weather.py' exited with code 0
2026-08-20 21:17:11 [DEBUG] coder_eval.sandbox: STDOUT:
---
OK: MultiCityWeatherBpmn/MultiCityWeatherBpmn.bpmn classifies cities through a parallel multi-instance script task
---
2026-08-20 21:17:11 [DEBUG] coder_eval.evaluation.checker: Criterion 'run_command' score: 1.00
2026-08-20 21:17:11 [INFO] coder_eval.orchestrator: Success criteria: 3/3 passed, weighted score: 1.000
2026-08-20 21:17:11 [WARNING] coder_eval.orchestrator: Agent exhausted max_turns (75) without passing criteria.
2026-08-20 21:17:11 [WARNING] coder_eval.orchestrator: Visible turns (85) exceeded expected_turns (22) at iteration 1 for task skill-bpmn-multi-city-weather. Run continues — max_turns remains the hard cap.
2026-08-20 21:17:11 [DEBUG] coder_eval.utils: Resolved @uipath plugin-tools dir=/usr/lib/node_modules/@uipath from `uip` at /usr/lib/node_modules/@uipath/cli/dist/index.js
2026-08-20 21:17:11 [INFO] coder_eval.orchestrator: Running post-run command: find . -maxdepth 5 -type d \( -name node_modules -o -name .npm-prefix -o -name .venv \) -prune -exec rm -rf {} +
2026-08-20 21:17:11 [INFO] coder_eval.orchestrator: Sandbox preserved (in-place): /work/output/artifacts/skill-bpmn-multi-city-weather
2026-08-20 21:17:11 [INFO] coder_eval.orchestrator: Task finished: status=SUCCESS duration=692.8s score=1.000 iterations=1


================================================================================
TASK: default/skill-bpmn-operate-diagnose-minimal-fault-triage/00
================================================================================

2026-08-20 21:05:51 [DEBUG] coder_eval.utils: Resolved @uipath plugin-tools dir=/usr/lib/node_modules/@uipath from `uip` at /usr/lib/node_modules/@uipath/cli/dist/index.js
2026-08-20 21:05:51 [INFO] coder_eval.orchestrator: API routing: aws_bedrock
2026-08-20 21:05:51 [DEBUG] coder_eval.criteria: Discovered 15 criterion checkers
2026-08-20 21:05:51 [DEBUG] coder_eval.criteria: Validated 15 criterion checkers
2026-08-20 21:05:51 [DEBUG] coder_eval.utils: Resolved @uipath plugin-tools dir=/usr/lib/node_modules/@uipath from `uip` at /usr/lib/node_modules/@uipath/cli/dist/index.js
2026-08-20 21:05:52 [DEBUG] coder_eval.orchestrator: Sending prompt: A UiPath Maestro BPMN process run failed. Diagnose it using the mocked `uip`
CLI responses already a...
2026-08-20 21:05:53 [DEBUG] coder_eval.agents.claude_code_agent: [coder] Starting agent query stream...
2026-08-20 21:07:00 [DEBUG] coder_eval.agents.claude_code_agent: [coder] session_id changed: None -> 5352a973-779d-41d4-b99e-a5d150bb0536
2026-08-20 21:07:00 [DEBUG] coder_eval.agents.claude_code_agent: [coder] Agent query stream ended
2026-08-20 21:07:00 [DEBUG] coder_eval.utils: `uip` at /work/output/artifacts/skill-bpmn-operate-diagnose-minimal-fault-triage/mocks/uip is not inside a recognizable node_modules/@uipath tree
2026-08-20 21:07:00 [DEBUG] coder_eval.orchestrator: Agent response received (1344 chars)
2026-08-20 21:07:00 [DEBUG] coder_eval.orchestrator: Checking success criteria
2026-08-20 21:07:00 [DEBUG] coder_eval.evaluation.checker: Criterion 'command_executed' score: 1.00
2026-08-20 21:07:00 [DEBUG] coder_eval.evaluation.checker: Criterion 'command_executed' score: 1.00
2026-08-20 21:07:00 [DEBUG] coder_eval.evaluation.checker: Criterion 'command_executed' score: 1.00
2026-08-20 21:07:00 [DEBUG] coder_eval.evaluation.checker: Criterion 'command_executed' score: 1.00
2026-08-20 21:07:00 [DEBUG] coder_eval.evaluation.checker: Criterion 'file_contains' score: 1.00
2026-08-20 21:07:00 [DEBUG] coder_eval.evaluation.judge_context: judge_context: include_reference=True but reference not set
2026-08-20 21:07:06 [DEBUG] coder_eval.evaluation.checker: Criterion 'llm_judge' score: 1.00
2026-08-20 21:07:06 [INFO] coder_eval.orchestrator: Success criteria: 6/6 passed, weighted score: 1.000
2026-08-20 21:07:06 [DEBUG] coder_eval.utils: `uip` at /work/output/artifacts/skill-bpmn-operate-diagnose-minimal-fault-triage/mocks/uip is not inside a recognizable node_modules/@uipath tree
2026-08-20 21:07:07 [INFO] coder_eval.orchestrator: Running post-run command: find . -maxdepth 5 -type d \( -name node_modules -o -name .npm-prefix -o -name .venv \) -prune -exec rm -rf {} +
2026-08-20 21:07:07 [INFO] coder_eval.orchestrator: Sandbox preserved (in-place): /work/output/artifacts/skill-bpmn-operate-diagnose-minimal-fault-triage
2026-08-20 21:07:07 [INFO] coder_eval.orchestrator: Task finished: status=SUCCESS duration=87.2s score=1.000 iterations=1
2026-08-20 21:07:07 [DEBUG] coder_eval.evaluation.judge_persistence: spilled 1 judge transcript(s) to /work/output


================================================================================
TASK: default/skill-bpmn-parallel-fork-join/00
================================================================================

2026-08-20 21:11:35 [DEBUG] coder_eval.utils: Resolved @uipath plugin-tools dir=/usr/lib/node_modules/@uipath from `uip` at /usr/lib/node_modules/@uipath/cli/dist/index.js
2026-08-20 21:11:35 [INFO] coder_eval.orchestrator: API routing: aws_bedrock
2026-08-20 21:11:35 [DEBUG] coder_eval.criteria: Discovered 15 criterion checkers
2026-08-20 21:11:35 [DEBUG] coder_eval.criteria: Validated 15 criterion checkers
2026-08-20 21:11:35 [DEBUG] coder_eval.utils: Resolved @uipath plugin-tools dir=/usr/lib/node_modules/@uipath from `uip` at /usr/lib/node_modules/@uipath/cli/dist/index.js
2026-08-20 21:11:36 [DEBUG] coder_eval.orchestrator: Sending prompt: Load and follow the uipath-maestro-bpmn skill.

Author a single Maestro BPMN file `ParallelSync.bpmn...
2026-08-20 21:11:36 [DEBUG] coder_eval.agents.claude_code_agent: [coder] Starting agent query stream...
2026-08-20 21:12:29 [DEBUG] coder_eval.agents.claude_code_agent: [coder] session_id changed: None -> 2b345917-d5d9-4ee7-aac6-f1c34a3b24d1
2026-08-20 21:12:29 [DEBUG] coder_eval.agents.claude_code_agent: [coder] Agent query stream ended
2026-08-20 21:12:29 [DEBUG] coder_eval.utils: Resolved @uipath plugin-tools dir=/usr/lib/node_modules/@uipath from `uip` at /usr/lib/node_modules/@uipath/cli/dist/index.js
2026-08-20 21:12:29 [DEBUG] coder_eval.orchestrator: Agent response received (1304 chars)
2026-08-20 21:12:29 [DEBUG] coder_eval.orchestrator: Checking success criteria
2026-08-20 21:12:29 [DEBUG] coder_eval.evaluation.checker: Criterion 'file_exists' score: 1.00
2026-08-20 21:12:29 [DEBUG] coder_eval.evaluation.checker: Criterion 'file_contains' score: 1.00
2026-08-20 21:12:29 [DEBUG] coder_eval.criteria.run_command: Running command for criterion 'BPMN forks into >=2 distinct parallel branches and synchronizes them at a join gateway, with full DI': python3 $TASK_DIR/check_fork_join.py
2026-08-20 21:12:29 [DEBUG] coder_eval.sandbox: Command 'python3 $TASK_DIR/check_fork_join.py' exited with code 0
2026-08-20 21:12:29 [DEBUG] coder_eval.sandbox: STDOUT:
---
OK: ParallelSync.bpmn forks into parallel branches and synchronizes them at a join gateway
---
2026-08-20 21:12:29 [DEBUG] coder_eval.evaluation.checker: Criterion 'run_command' score: 1.00
2026-08-20 21:12:29 [INFO] coder_eval.orchestrator: Success criteria: 3/3 passed, weighted score: 1.000
2026-08-20 21:12:29 [DEBUG] coder_eval.utils: Resolved @uipath plugin-tools dir=/usr/lib/node_modules/@uipath from `uip` at /usr/lib/node_modules/@uipath/cli/dist/index.js
2026-08-20 21:12:29 [INFO] coder_eval.orchestrator: Running post-run command: find . -maxdepth 5 -type d \( -name node_modules -o -name .npm-prefix -o -name .venv \) -prune -exec rm -rf {} +
2026-08-20 21:12:29 [INFO] coder_eval.orchestrator: Sandbox preserved (in-place): /work/output/artifacts/skill-bpmn-parallel-fork-join
2026-08-20 21:12:29 [INFO] coder_eval.orchestrator: Task finished: status=SUCCESS duration=59.2s score=1.000 iterations=1


================================================================================
TASK: default/skill-bpmn-queue-create-and-wait/00
================================================================================

2026-08-20 21:07:25 [DEBUG] coder_eval.utils: Resolved @uipath plugin-tools dir=/usr/lib/node_modules/@uipath from `uip` at /usr/lib/node_modules/@uipath/cli/dist/index.js
2026-08-20 21:07:25 [INFO] coder_eval.orchestrator: API routing: aws_bedrock
2026-08-20 21:07:25 [DEBUG] coder_eval.criteria: Discovered 15 criterion checkers
2026-08-20 21:07:25 [DEBUG] coder_eval.criteria: Validated 15 criterion checkers
2026-08-20 21:07:25 [DEBUG] coder_eval.utils: Resolved @uipath plugin-tools dir=/usr/lib/node_modules/@uipath from `uip` at /usr/lib/node_modules/@uipath/cli/dist/index.js
2026-08-20 21:07:26 [DEBUG] coder_eval.orchestrator: Sending prompt: Load and follow the uipath-maestro-bpmn skill.

Author a local Maestro BPMN project named "QueueCrea...
2026-08-20 21:07:26 [DEBUG] coder_eval.agents.claude_code_agent: [coder] Starting agent query stream...
2026-08-20 21:13:52 [DEBUG] coder_eval.agents.claude_code_agent: [coder] session_id changed: None -> 21aff743-6e59-4835-9687-8a59981d1d66
2026-08-20 21:13:52 [DEBUG] coder_eval.agents.claude_code_agent: [coder] Agent query stream ended
2026-08-20 21:13:52 [DEBUG] coder_eval.utils: Resolved @uipath plugin-tools dir=/usr/lib/node_modules/@uipath from `uip` at /usr/lib/node_modules/@uipath/cli/dist/index.js
2026-08-20 21:13:52 [DEBUG] coder_eval.orchestrator: Agent response received (5933 chars)
2026-08-20 21:13:52 [DEBUG] coder_eval.orchestrator: Checking success criteria
2026-08-20 21:13:52 [DEBUG] coder_eval.evaluation.checker: Criterion 'file_exists' score: 1.00
2026-08-20 21:13:52 [DEBUG] coder_eval.evaluation.checker: Criterion 'command_executed' score: 1.00
2026-08-20 21:13:52 [DEBUG] coder_eval.criteria.run_command: Running command for criterion 'CreateAndWaitForQueueItem hosted on a serviceTask with bound input + captured output': python3 $TASK_DIR/check_queue_create_and_wait.py
2026-08-20 21:13:52 [DEBUG] coder_eval.sandbox: Command 'python3 $TASK_DIR/check_queue_create_and_wait.py' exited with code 0
2026-08-20 21:13:52 [DEBUG] coder_eval.sandbox: STDOUT:
---
OK: QueueCreateAndWaitBpmn/QueueCreateAndWaitBpmn.bpmn hosts Orchestrator.CreateAndWaitForQueueItem on a serviceTask with bound input and captured output
---
2026-08-20 21:13:52 [DEBUG] coder_eval.evaluation.checker: Criterion 'run_command' score: 1.00
2026-08-20 21:13:52 [INFO] coder_eval.orchestrator: Success criteria: 3/3 passed, weighted score: 1.000
2026-08-20 21:13:52 [WARNING] coder_eval.orchestrator: Visible turns (36) exceeded expected_turns (18) at iteration 1 for task skill-bpmn-queue-create-and-wait. Run continues — max_turns remains the hard cap.
2026-08-20 21:13:52 [DEBUG] coder_eval.utils: Resolved @uipath plugin-tools dir=/usr/lib/node_modules/@uipath from `uip` at /usr/lib/node_modules/@uipath/cli/dist/index.js
2026-08-20 21:13:52 [INFO] coder_eval.orchestrator: Running post-run command: find . -maxdepth 5 -type d \( -name node_modules -o -name .npm-prefix -o -name .venv \) -prune -exec rm -rf {} +
2026-08-20 21:13:52 [INFO] coder_eval.orchestrator: Sandbox preserved (in-place): /work/output/artifacts/skill-bpmn-queue-create-and-wait
2026-08-20 21:13:52 [INFO] coder_eval.orchestrator: Task finished: status=SUCCESS duration=393.5s score=1.000 iterations=1


================================================================================
TASK: default/skill-bpmn-reading-list/00
================================================================================

2026-08-20 21:05:52 [DEBUG] coder_eval.utils: Resolved @uipath plugin-tools dir=/usr/lib/node_modules/@uipath from `uip` at /usr/lib/node_modules/@uipath/cli/dist/index.js
2026-08-20 21:05:52 [INFO] coder_eval.orchestrator: API routing: aws_bedrock
2026-08-20 21:05:52 [DEBUG] coder_eval.criteria: Discovered 15 criterion checkers
2026-08-20 21:05:52 [DEBUG] coder_eval.criteria: Validated 15 criterion checkers
2026-08-20 21:05:52 [DEBUG] coder_eval.utils: Resolved @uipath plugin-tools dir=/usr/lib/node_modules/@uipath from `uip` at /usr/lib/node_modules/@uipath/cli/dist/index.js
2026-08-20 21:05:53 [DEBUG] coder_eval.orchestrator: Sending prompt: Load and follow the uipath-maestro-bpmn skill.

Author a local Maestro BPMN project named "ReadingLi...
2026-08-20 21:05:53 [DEBUG] coder_eval.agents.claude_code_agent: [coder] Starting agent query stream...
2026-08-20 21:09:24 [DEBUG] coder_eval.agents.claude_code_agent: [coder] session_id changed: None -> 9aea05ef-9bbd-4586-b4d1-035ea5c2c5f1
2026-08-20 21:09:24 [DEBUG] coder_eval.agents.claude_code_agent: [coder] Agent query stream ended
2026-08-20 21:09:24 [DEBUG] coder_eval.utils: Resolved @uipath plugin-tools dir=/usr/lib/node_modules/@uipath from `uip` at /usr/lib/node_modules/@uipath/cli/dist/index.js
2026-08-20 21:09:24 [DEBUG] coder_eval.orchestrator: Agent response received (3377 chars)
2026-08-20 21:09:24 [DEBUG] coder_eval.orchestrator: Checking success criteria
2026-08-20 21:09:24 [DEBUG] coder_eval.evaluation.checker: Criterion 'file_exists' score: 1.00
2026-08-20 21:09:24 [DEBUG] coder_eval.criteria.run_command: Running command for criterion 'BPMN has distinct filter and map script tasks over the catalog and valid DI': python3 $TASK_DIR/check_reading_list.py
2026-08-20 21:09:24 [DEBUG] coder_eval.sandbox: Command 'python3 $TASK_DIR/check_reading_list.py' exited with code 0
2026-08-20 21:09:24 [DEBUG] coder_eval.sandbox: STDOUT:
---
OK: ReadingListBpmn/ReadingListBpmn.bpmn curates the catalog through distinct filter and map script tasks
---
2026-08-20 21:09:24 [DEBUG] coder_eval.evaluation.checker: Criterion 'run_command' score: 1.00
2026-08-20 21:09:24 [INFO] coder_eval.orchestrator: Success criteria: 2/2 passed, weighted score: 1.000
2026-08-20 21:09:24 [WARNING] coder_eval.orchestrator: Visible turns (27) exceeded expected_turns (22) at iteration 1 for task skill-bpmn-reading-list. Run continues — max_turns remains the hard cap.
2026-08-20 21:09:24 [DEBUG] coder_eval.utils: Resolved @uipath plugin-tools dir=/usr/lib/node_modules/@uipath from `uip` at /usr/lib/node_modules/@uipath/cli/dist/index.js
2026-08-20 21:09:24 [INFO] coder_eval.orchestrator: Running post-run command: find . -maxdepth 5 -type d \( -name node_modules -o -name .npm-prefix -o -name .venv \) -prune -exec rm -rf {} +
2026-08-20 21:09:24 [INFO] coder_eval.orchestrator: Sandbox preserved (in-place): /work/output/artifacts/skill-bpmn-reading-list
2026-08-20 21:09:24 [INFO] coder_eval.orchestrator: Task finished: status=SUCCESS duration=224.2s score=1.000 iterations=1


================================================================================
TASK: default/skill-bpmn-registry-discovery/00
================================================================================

2026-08-20 21:05:51 [DEBUG] coder_eval.utils: Resolved @uipath plugin-tools dir=/usr/lib/node_modules/@uipath from `uip` at /usr/lib/node_modules/@uipath/cli/dist/index.js
2026-08-20 21:05:51 [INFO] coder_eval.orchestrator: API routing: aws_bedrock
2026-08-20 21:05:51 [DEBUG] coder_eval.criteria: Discovered 15 criterion checkers
2026-08-20 21:05:51 [DEBUG] coder_eval.criteria: Validated 15 criterion checkers
2026-08-20 21:05:52 [DEBUG] coder_eval.utils: Resolved @uipath plugin-tools dir=/usr/lib/node_modules/@uipath from `uip` at /usr/lib/node_modules/@uipath/cli/dist/index.js
2026-08-20 21:05:53 [DEBUG] coder_eval.orchestrator: Sending prompt: Use the installed `uip` CLI's Maestro BPMN registry surface to discover the
documented wrapper surfa...
2026-08-20 21:05:53 [DEBUG] coder_eval.agents.claude_code_agent: [coder] Starting agent query stream...
2026-08-20 21:07:30 [DEBUG] coder_eval.agents.claude_code_agent: [coder] session_id changed: None -> 07d622db-80c0-4aeb-a2f0-3626be094581
2026-08-20 21:07:30 [DEBUG] coder_eval.agents.claude_code_agent: [coder] Agent query stream ended
2026-08-20 21:07:30 [DEBUG] coder_eval.utils: Resolved @uipath plugin-tools dir=/usr/lib/node_modules/@uipath from `uip` at /usr/lib/node_modules/@uipath/cli/dist/index.js
2026-08-20 21:07:30 [DEBUG] coder_eval.orchestrator: Agent response received (3175 chars)
2026-08-20 21:07:30 [DEBUG] coder_eval.orchestrator: Checking success criteria
2026-08-20 21:07:30 [DEBUG] coder_eval.evaluation.checker: Criterion 'file_exists' score: 1.00
2026-08-20 21:07:30 [DEBUG] coder_eval.evaluation.checker: Criterion 'command_executed' score: 1.00
2026-08-20 21:07:30 [DEBUG] coder_eval.evaluation.checker: Criterion 'command_executed' score: 1.00
2026-08-20 21:07:30 [DEBUG] coder_eval.evaluation.checker: Criterion 'command_executed' score: 1.00
2026-08-20 21:07:30 [DEBUG] coder_eval.criteria.run_command: Running command for criterion 'Registry evidence covers documented agent, queue, and connector wrapper types': python3 $TASK_DIR/check_registry_discovery.py
2026-08-20 21:07:30 [DEBUG] coder_eval.sandbox: Command 'python3 $TASK_DIR/check_registry_discovery.py' exited with code 0
2026-08-20 21:07:30 [DEBUG] coder_eval.sandbox: STDOUT:
---
OK: registry-evidence covers agent/queue/connector wrappers across 3 files
---
2026-08-20 21:07:30 [DEBUG] coder_eval.evaluation.checker: Criterion 'run_command' score: 1.00
2026-08-20 21:07:30 [INFO] coder_eval.orchestrator: Success criteria: 5/5 passed, weighted score: 1.000
2026-08-20 21:07:30 [DEBUG] coder_eval.utils: Resolved @uipath plugin-tools dir=/usr/lib/node_modules/@uipath from `uip` at /usr/lib/node_modules/@uipath/cli/dist/index.js
2026-08-20 21:07:30 [INFO] coder_eval.orchestrator: Running post-run command: find . -maxdepth 5 -type d \( -name node_modules -o -name .npm-prefix -o -name .venv \) -prune -exec rm -rf {} +
2026-08-20 21:07:30 [INFO] coder_eval.orchestrator: Sandbox preserved (in-place): /work/output/artifacts/skill-bpmn-registry-discovery
2026-08-20 21:07:30 [INFO] coder_eval.orchestrator: Task finished: status=SUCCESS duration=110.0s score=1.000 iterations=1


================================================================================
TASK: default/skill-bpmn-rpa-job/00
================================================================================

2026-08-20 21:06:48 [DEBUG] coder_eval.utils: Resolved @uipath plugin-tools dir=/usr/lib/node_modules/@uipath from `uip` at /usr/lib/node_modules/@uipath/cli/dist/index.js
2026-08-20 21:06:48 [INFO] coder_eval.orchestrator: API routing: aws_bedrock
2026-08-20 21:06:49 [DEBUG] coder_eval.criteria: Discovered 15 criterion checkers
2026-08-20 21:06:49 [DEBUG] coder_eval.criteria: Validated 15 criterion checkers
2026-08-20 21:06:49 [DEBUG] coder_eval.utils: Resolved @uipath plugin-tools dir=/usr/lib/node_modules/@uipath from `uip` at /usr/lib/node_modules/@uipath/cli/dist/index.js
2026-08-20 21:06:49 [DEBUG] coder_eval.orchestrator: Sending prompt: Load and follow the uipath-maestro-bpmn skill.

Create a local BPMN project named "InvoiceExtraction...
2026-08-20 21:06:49 [DEBUG] coder_eval.agents.claude_code_agent: [coder] Starting agent query stream...
2026-08-20 21:09:27 [DEBUG] coder_eval.agents.claude_code_agent: [coder] session_id changed: None -> 9a4f7708-f288-492c-9cd7-68454baff394
2026-08-20 21:09:27 [DEBUG] coder_eval.agents.claude_code_agent: [coder] Agent query stream ended
2026-08-20 21:09:27 [DEBUG] coder_eval.utils: Resolved @uipath plugin-tools dir=/usr/lib/node_modules/@uipath from `uip` at /usr/lib/node_modules/@uipath/cli/dist/index.js
2026-08-20 21:09:27 [DEBUG] coder_eval.orchestrator: Agent response received (3712 chars)
2026-08-20 21:09:27 [DEBUG] coder_eval.orchestrator: Checking success criteria
2026-08-20 21:09:27 [DEBUG] coder_eval.evaluation.checker: Criterion 'file_exists' score: 1.00
2026-08-20 21:09:27 [DEBUG] coder_eval.evaluation.checker: Criterion 'command_executed' score: 1.00
2026-08-20 21:09:27 [DEBUG] coder_eval.criteria.run_command: Running command for criterion 'RPA job serviceTask uses Orchestrator.StartJob with input and a declared output variable': python3 $TASK_DIR/check_rpa_job.py
2026-08-20 21:09:27 [DEBUG] coder_eval.sandbox: Command 'python3 $TASK_DIR/check_rpa_job.py' exited with code 0
2026-08-20 21:09:27 [DEBUG] coder_eval.sandbox: STDOUT:
---
OK: InvoiceExtractionRpa/InvoiceExtractionRpa.bpmn wires Orchestrator.StartJob with bound input and output variable
---
2026-08-20 21:09:27 [DEBUG] coder_eval.evaluation.checker: Criterion 'run_command' score: 1.00
2026-08-20 21:09:27 [INFO] coder_eval.orchestrator: Success criteria: 3/3 passed, weighted score: 1.000
2026-08-20 21:09:27 [WARNING] coder_eval.orchestrator: Visible turns (20) exceeded expected_turns (16) at iteration 1 for task skill-bpmn-rpa-job. Run continues — max_turns remains the hard cap.
2026-08-20 21:09:27 [DEBUG] coder_eval.utils: Resolved @uipath plugin-tools dir=/usr/lib/node_modules/@uipath from `uip` at /usr/lib/node_modules/@uipath/cli/dist/index.js
2026-08-20 21:09:27 [INFO] coder_eval.orchestrator: Running post-run command: find . -maxdepth 5 -type d \( -name node_modules -o -name .npm-prefix -o -name .venv \) -prune -exec rm -rf {} +
2026-08-20 21:09:27 [INFO] coder_eval.orchestrator: Sandbox preserved (in-place): /work/output/artifacts/skill-bpmn-rpa-job
2026-08-20 21:09:27 [INFO] coder_eval.orchestrator: Task finished: status=SUCCESS duration=165.8s score=1.000 iterations=1


================================================================================
TASK: default/skill-bpmn-safety-sanitize/00
================================================================================

2026-08-20 21:05:50 [DEBUG] coder_eval.utils: Resolved @uipath plugin-tools dir=/usr/lib/node_modules/@uipath from `uip` at /usr/lib/node_modules/@uipath/cli/dist/index.js
2026-08-20 21:05:50 [INFO] coder_eval.orchestrator: API routing: aws_bedrock
2026-08-20 21:05:50 [DEBUG] coder_eval.criteria: Discovered 15 criterion checkers
2026-08-20 21:05:50 [DEBUG] coder_eval.criteria: Validated 15 criterion checkers
2026-08-20 21:05:51 [DEBUG] coder_eval.utils: Resolved @uipath plugin-tools dir=/usr/lib/node_modules/@uipath from `uip` at /usr/lib/node_modules/@uipath/cli/dist/index.js
2026-08-20 21:05:51 [DEBUG] coder_eval.orchestrator: Sending prompt: Load and follow the uipath-maestro-bpmn skill, and apply its public-safety
rules (references/public-...
2026-08-20 21:05:52 [DEBUG] coder_eval.agents.claude_code_agent: [coder] Starting agent query stream...
2026-08-20 21:06:32 [DEBUG] coder_eval.agents.claude_code_agent: [coder] session_id changed: None -> 94283688-d5cf-4de9-8b1e-d81bcb6525fa
2026-08-20 21:06:32 [DEBUG] coder_eval.agents.claude_code_agent: [coder] Agent query stream ended
2026-08-20 21:06:32 [DEBUG] coder_eval.utils: Resolved @uipath plugin-tools dir=/usr/lib/node_modules/@uipath from `uip` at /usr/lib/node_modules/@uipath/cli/dist/index.js
2026-08-20 21:06:32 [DEBUG] coder_eval.orchestrator: Agent response received (1296 chars)
2026-08-20 21:06:32 [DEBUG] coder_eval.orchestrator: Checking success criteria
2026-08-20 21:06:32 [DEBUG] coder_eval.evaluation.checker: Criterion 'file_exists' score: 1.00
2026-08-20 21:06:32 [DEBUG] coder_eval.evaluation.checker: Criterion 'file_contains' score: 1.00
2026-08-20 21:06:32 [DEBUG] coder_eval.evaluation.checker: Criterion 'file_contains' score: 1.00
2026-08-20 21:06:32 [DEBUG] coder_eval.criteria.run_command: Running command for criterion 'No seeded private data remains, no real tenant host, placeholders adopted, graph intact': python3 $TASK_DIR/check_sanitize.py
2026-08-20 21:06:32 [DEBUG] coder_eval.sandbox: Command 'python3 $TASK_DIR/check_sanitize.py' exited with code 0
2026-08-20 21:06:32 [DEBUG] coder_eval.sandbox: STDOUT:
---
OK: CustomerExport.bpmn sanitized — no seeded private data remains and the graph is intact
---
2026-08-20 21:06:32 [DEBUG] coder_eval.evaluation.checker: Criterion 'run_command' score: 1.00
2026-08-20 21:06:32 [INFO] coder_eval.orchestrator: Success criteria: 4/4 passed, weighted score: 1.000
2026-08-20 21:06:32 [DEBUG] coder_eval.utils: Resolved @uipath plugin-tools dir=/usr/lib/node_modules/@uipath from `uip` at /usr/lib/node_modules/@uipath/cli/dist/index.js
2026-08-20 21:06:32 [INFO] coder_eval.orchestrator: Running post-run command: find . -maxdepth 5 -type d \( -name node_modules -o -name .npm-prefix -o -name .venv \) -prune -exec rm -rf {} +
2026-08-20 21:06:32 [INFO] coder_eval.orchestrator: Sandbox preserved (in-place): /work/output/artifacts/skill-bpmn-safety-sanitize
2026-08-20 21:06:32 [INFO] coder_eval.orchestrator: Task finished: status=SUCCESS duration=53.1s score=1.000 iterations=1


================================================================================
TASK: default/skill-bpmn-script-jint-guidance/00
================================================================================

2026-08-20 21:05:50 [DEBUG] coder_eval.utils: Resolved @uipath plugin-tools dir=/usr/lib/node_modules/@uipath from `uip` at /usr/lib/node_modules/@uipath/cli/dist/index.js
2026-08-20 21:05:50 [INFO] coder_eval.orchestrator: API routing: aws_bedrock
2026-08-20 21:05:50 [DEBUG] coder_eval.criteria: Discovered 15 criterion checkers
2026-08-20 21:05:50 [DEBUG] coder_eval.criteria: Validated 15 criterion checkers
2026-08-20 21:05:50 [DEBUG] coder_eval.utils: Resolved @uipath plugin-tools dir=/usr/lib/node_modules/@uipath from `uip` at /usr/lib/node_modules/@uipath/cli/dist/index.js
2026-08-20 21:05:51 [DEBUG] coder_eval.orchestrator: Sending prompt: Create a local BPMN project named "RiskScoreScriptBpmn".
The process should manually start with `amo...
2026-08-20 21:05:51 [DEBUG] coder_eval.agents.claude_code_agent: [coder] Starting agent query stream...
2026-08-20 21:14:21 [DEBUG] coder_eval.agents.claude_code_agent: [coder] session_id changed: None -> 6f9fb4c8-536a-4dc8-ad4a-04ac913e3bf9
2026-08-20 21:14:21 [DEBUG] coder_eval.agents.claude_code_agent: [coder] Agent query stream ended
2026-08-20 21:14:21 [DEBUG] coder_eval.utils: Resolved @uipath plugin-tools dir=/usr/lib/node_modules/@uipath from `uip` at /usr/lib/node_modules/@uipath/cli/dist/index.js
2026-08-20 21:14:21 [DEBUG] coder_eval.orchestrator: Agent response received (3809 chars)
2026-08-20 21:14:21 [DEBUG] coder_eval.orchestrator: Checking success criteria
2026-08-20 21:14:21 [DEBUG] coder_eval.criteria.run_command: Running command for criterion 'BPMN source was created': find . -type f -name '*.bpmn' -path '*RiskScoreScriptBpmn*' | grep -q .
2026-08-20 21:14:21 [DEBUG] coder_eval.sandbox: Command 'find . -type f -name '*.bpmn' -path '*RiskScoreScriptBpmn*' | grep -q .' exited with code 0
2026-08-20 21:14:21 [DEBUG] coder_eval.evaluation.checker: Criterion 'run_command' score: 1.00
2026-08-20 21:14:21 [DEBUG] coder_eval.criteria.run_command: Running command for criterion 'Script task follows Jint-compatible BPMN guidance': python3 $TASK_DIR/check_script_jint_guidance.py
2026-08-20 21:14:21 [DEBUG] coder_eval.sandbox: Command 'python3 $TASK_DIR/check_script_jint_guidance.py' exited with code 0
2026-08-20 21:14:21 [DEBUG] coder_eval.sandbox: STDOUT:
---
OK: RiskScoreScriptBpmn/RiskScoreScriptBpmn.bpmn contains a Jint-compatible BPMN script task
---
2026-08-20 21:14:21 [DEBUG] coder_eval.evaluation.checker: Criterion 'run_command' score: 1.00
2026-08-20 21:14:21 [INFO] coder_eval.orchestrator: Success criteria: 2/2 passed, weighted score: 1.000
2026-08-20 21:14:22 [WARNING] coder_eval.orchestrator: Visible turns (51) exceeded expected_turns (15) at iteration 1 for task skill-bpmn-script-jint-guidance. Run continues — max_turns remains the hard cap.
2026-08-20 21:14:22 [DEBUG] coder_eval.utils: Resolved @uipath plugin-tools dir=/usr/lib/node_modules/@uipath from `uip` at /usr/lib/node_modules/@uipath/cli/dist/index.js
2026-08-20 21:14:22 [INFO] coder_eval.orchestrator: Running post-run command: find . -maxdepth 5 -type d \( -name node_modules -o -name .npm-prefix -o -name .venv \) -prune -exec rm -rf {} +
2026-08-20 21:14:22 [INFO] coder_eval.orchestrator: Sandbox preserved (in-place): /work/output/artifacts/skill-bpmn-script-jint-guidance
2026-08-20 21:14:22 [INFO] coder_eval.orchestrator: Task finished: status=SUCCESS duration=523.9s score=1.000 iterations=1


================================================================================
TASK: default/skill-bpmn-script-jint-lifecycle/00
================================================================================

2026-08-20 21:08:54 [DEBUG] coder_eval.utils: Resolved @uipath plugin-tools dir=/usr/lib/node_modules/@uipath from `uip` at /usr/lib/node_modules/@uipath/cli/dist/index.js
2026-08-20 21:08:54 [INFO] coder_eval.orchestrator: API routing: aws_bedrock
2026-08-20 21:08:54 [DEBUG] coder_eval.criteria: Discovered 15 criterion checkers
2026-08-20 21:08:54 [DEBUG] coder_eval.criteria: Validated 15 criterion checkers
2026-08-20 21:08:54 [DEBUG] coder_eval.utils: Resolved @uipath plugin-tools dir=/usr/lib/node_modules/@uipath from `uip` at /usr/lib/node_modules/@uipath/cli/dist/index.js
2026-08-20 21:08:55 [DEBUG] coder_eval.orchestrator: Sending prompt: Create a UiPath Maestro BPMN Process Orchestration project at:
  ScriptNormalizer/ScriptNormalizer

...
2026-08-20 21:08:55 [DEBUG] coder_eval.agents.claude_code_agent: [coder] Starting agent query stream...
2026-08-20 21:13:37 [DEBUG] coder_eval.agents.claude_code_agent: [coder] session_id changed: None -> 5504e36c-fbde-4890-a2f4-7cbfca8de5b2
2026-08-20 21:13:37 [DEBUG] coder_eval.agents.claude_code_agent: [coder] Agent query stream ended
2026-08-20 21:13:37 [DEBUG] coder_eval.utils: Resolved @uipath plugin-tools dir=/usr/lib/node_modules/@uipath from `uip` at /usr/lib/node_modules/@uipath/cli/dist/index.js
2026-08-20 21:13:37 [DEBUG] coder_eval.orchestrator: Agent response received (3436 chars)
2026-08-20 21:13:37 [DEBUG] coder_eval.orchestrator: Checking success criteria
2026-08-20 21:13:37 [DEBUG] coder_eval.evaluation.checker: Criterion 'file_exists' score: 1.00
2026-08-20 21:13:37 [DEBUG] coder_eval.criteria.run_command: Running command for criterion 'Script task uses JavaScript/v3 Jint-safe source and package lifecycle files': python3 $TASK_DIR/check_script_jint_lifecycle.py
2026-08-20 21:13:38 [DEBUG] coder_eval.sandbox: Command 'python3 $TASK_DIR/check_script_jint_lifecycle.py' exited with code 1
2026-08-20 21:13:38 [DEBUG] coder_eval.sandbox: STDERR:
---
FAIL: project.uiproj main does not reference the BPMN file
---
2026-08-20 21:13:38 [DEBUG] coder_eval.evaluation.checker: Criterion 'run_command' score: 0.00
2026-08-20 21:13:38 [INFO] coder_eval.evaluation.checker: Criterion 'run_command' FAILED (score=0.00, threshold=1.00): Command: python3 $TASK_DIR/check_script_jint_lifecycle.py
2026-08-20 21:13:38 [INFO] coder_eval.orchestrator: Success criteria: 1/2 passed, weighted score: 0.200
2026-08-20 21:13:38 [WARNING] coder_eval.orchestrator: Visible turns (37) exceeded expected_turns (22) at iteration 1 for task skill-bpmn-script-jint-lifecycle. Run continues — max_turns remains the hard cap.
2026-08-20 21:13:38 [DEBUG] coder_eval.utils: Resolved @uipath plugin-tools dir=/usr/lib/node_modules/@uipath from `uip` at /usr/lib/node_modules/@uipath/cli/dist/index.js
2026-08-20 21:13:38 [INFO] coder_eval.orchestrator: Running post-run command: find . -maxdepth 5 -type d \( -name node_modules -o -name .npm-prefix -o -name .venv \) -prune -exec rm -rf {} +
2026-08-20 21:13:38 [INFO] coder_eval.orchestrator: Sandbox preserved (in-place): /work/output/artifacts/skill-bpmn-script-jint-lifecycle
2026-08-20 21:13:38 [INFO] coder_eval.orchestrator: Task finished: status=FAILURE duration=289.2s score=0.200 iterations=1


================================================================================
TASK: default/skill-bpmn-script-task-filter/00
================================================================================

2026-08-20 21:10:22 [DEBUG] coder_eval.utils: Resolved @uipath plugin-tools dir=/usr/lib/node_modules/@uipath from `uip` at /usr/lib/node_modules/@uipath/cli/dist/index.js
2026-08-20 21:10:22 [INFO] coder_eval.orchestrator: API routing: aws_bedrock
2026-08-20 21:10:22 [DEBUG] coder_eval.criteria: Discovered 15 criterion checkers
2026-08-20 21:10:22 [DEBUG] coder_eval.criteria: Validated 15 criterion checkers
2026-08-20 21:10:22 [DEBUG] coder_eval.utils: Resolved @uipath plugin-tools dir=/usr/lib/node_modules/@uipath from `uip` at /usr/lib/node_modules/@uipath/cli/dist/index.js
2026-08-20 21:10:23 [DEBUG] coder_eval.orchestrator: Sending prompt: Load and follow the uipath-maestro-bpmn skill.

Author a single Maestro BPMN file `ScriptTaskFilterD...
2026-08-20 21:10:23 [DEBUG] coder_eval.agents.claude_code_agent: [coder] Starting agent query stream...
2026-08-20 21:14:23 [DEBUG] coder_eval.agents.claude_code_agent: [coder] session_id changed: None -> b75f8a93-0e27-4336-81cd-a5a4efe52ae7
2026-08-20 21:14:23 [DEBUG] coder_eval.agents.claude_code_agent: [coder] Agent query stream ended
2026-08-20 21:14:23 [DEBUG] coder_eval.utils: Resolved @uipath plugin-tools dir=/usr/lib/node_modules/@uipath from `uip` at /usr/lib/node_modules/@uipath/cli/dist/index.js
2026-08-20 21:14:23 [DEBUG] coder_eval.orchestrator: Agent response received (1942 chars)
2026-08-20 21:14:23 [DEBUG] coder_eval.orchestrator: Checking success criteria
2026-08-20 21:14:23 [DEBUG] coder_eval.evaluation.checker: Criterion 'file_exists' score: 1.00
2026-08-20 21:14:23 [DEBUG] coder_eval.evaluation.checker: Criterion 'file_contains' score: 1.00
2026-08-20 21:14:23 [DEBUG] coder_eval.criteria.run_command: Running command for criterion 'BPMN has a Jint-safe scriptTask (v3, mapped I/O) implementing a filter operation, with full DI': python3 $TASK_DIR/check_script_task_filter.py
2026-08-20 21:14:23 [DEBUG] coder_eval.sandbox: Command 'python3 $TASK_DIR/check_script_task_filter.py' exited with code 0
2026-08-20 21:14:23 [DEBUG] coder_eval.sandbox: STDOUT:
---
OK: ScriptTaskFilterDemo.bpmn has a Jint-safe scriptTask performing a filter operation
---
2026-08-20 21:14:23 [DEBUG] coder_eval.evaluation.checker: Criterion 'run_command' score: 1.00
2026-08-20 21:14:23 [INFO] coder_eval.orchestrator: Success criteria: 3/3 passed, weighted score: 1.000
2026-08-20 21:14:24 [WARNING] coder_eval.orchestrator: Visible turns (33) exceeded expected_turns (20) at iteration 1 for task skill-bpmn-script-task-filter. Run continues — max_turns remains the hard cap.
2026-08-20 21:14:24 [DEBUG] coder_eval.utils: Resolved @uipath plugin-tools dir=/usr/lib/node_modules/@uipath from `uip` at /usr/lib/node_modules/@uipath/cli/dist/index.js
2026-08-20 21:14:24 [INFO] coder_eval.orchestrator: Running post-run command: find . -maxdepth 5 -type d \( -name node_modules -o -name .npm-prefix -o -name .venv \) -prune -exec rm -rf {} +
2026-08-20 21:14:24 [INFO] coder_eval.orchestrator: Sandbox preserved (in-place): /work/output/artifacts/skill-bpmn-script-task-filter
2026-08-20 21:14:24 [INFO] coder_eval.orchestrator: Task finished: status=SUCCESS duration=245.8s score=1.000 iterations=1


================================================================================
TASK: default/skill-bpmn-script-task-group-by/00
================================================================================

2026-08-20 21:05:54 [DEBUG] coder_eval.utils: Resolved @uipath plugin-tools dir=/usr/lib/node_modules/@uipath from `uip` at /usr/lib/node_modules/@uipath/cli/dist/index.js
2026-08-20 21:05:54 [INFO] coder_eval.orchestrator: API routing: aws_bedrock
2026-08-20 21:05:54 [DEBUG] coder_eval.criteria: Discovered 15 criterion checkers
2026-08-20 21:05:54 [DEBUG] coder_eval.criteria: Validated 15 criterion checkers
2026-08-20 21:05:54 [DEBUG] coder_eval.utils: Resolved @uipath plugin-tools dir=/usr/lib/node_modules/@uipath from `uip` at /usr/lib/node_modules/@uipath/cli/dist/index.js
2026-08-20 21:05:55 [DEBUG] coder_eval.orchestrator: Sending prompt: Load and follow the uipath-maestro-bpmn skill.

Author a single Maestro BPMN file `ScriptTaskGroupBy...
2026-08-20 21:05:55 [DEBUG] coder_eval.agents.claude_code_agent: [coder] Starting agent query stream...
2026-08-20 21:09:50 [DEBUG] coder_eval.agents.claude_code_agent: [coder] session_id changed: None -> 5e517feb-d9e8-4583-9f77-8508b83bd3f4
2026-08-20 21:09:50 [DEBUG] coder_eval.agents.claude_code_agent: [coder] Agent query stream ended
2026-08-20 21:09:50 [DEBUG] coder_eval.utils: Resolved @uipath plugin-tools dir=/usr/lib/node_modules/@uipath from `uip` at /usr/lib/node_modules/@uipath/cli/dist/index.js
2026-08-20 21:09:50 [DEBUG] coder_eval.orchestrator: Agent response received (2464 chars)
2026-08-20 21:09:50 [DEBUG] coder_eval.orchestrator: Checking success criteria
2026-08-20 21:09:50 [DEBUG] coder_eval.evaluation.checker: Criterion 'file_exists' score: 1.00
2026-08-20 21:09:50 [DEBUG] coder_eval.evaluation.checker: Criterion 'file_contains' score: 1.00
2026-08-20 21:09:50 [DEBUG] coder_eval.criteria.run_command: Running command for criterion 'BPMN has a Jint-safe scriptTask (v3, mapped I/O) implementing a group-by with aggregation, with full DI': python3 $TASK_DIR/check_script_task_group_by.py
2026-08-20 21:09:50 [DEBUG] coder_eval.sandbox: Command 'python3 $TASK_DIR/check_script_task_group_by.py' exited with code 0
2026-08-20 21:09:50 [DEBUG] coder_eval.sandbox: STDOUT:
---
OK: ScriptTaskGroupByDemo.bpmn has a Jint-safe scriptTask performing a group-by operation
---
2026-08-20 21:09:50 [DEBUG] coder_eval.evaluation.checker: Criterion 'run_command' score: 1.00
2026-08-20 21:09:50 [INFO] coder_eval.orchestrator: Success criteria: 3/3 passed, weighted score: 1.000
2026-08-20 21:09:50 [WARNING] coder_eval.orchestrator: Visible turns (32) exceeded expected_turns (20) at iteration 1 for task skill-bpmn-script-task-group-by. Run continues — max_turns remains the hard cap.
2026-08-20 21:09:50 [DEBUG] coder_eval.utils: Resolved @uipath plugin-tools dir=/usr/lib/node_modules/@uipath from `uip` at /usr/lib/node_modules/@uipath/cli/dist/index.js
2026-08-20 21:09:50 [INFO] coder_eval.orchestrator: Running post-run command: find . -maxdepth 5 -type d \( -name node_modules -o -name .npm-prefix -o -name .venv \) -prune -exec rm -rf {} +
2026-08-20 21:09:50 [INFO] coder_eval.orchestrator: Sandbox preserved (in-place): /work/output/artifacts/skill-bpmn-script-task-group-by
2026-08-20 21:09:50 [INFO] coder_eval.orchestrator: Task finished: status=SUCCESS duration=247.7s score=1.000 iterations=1


================================================================================
TASK: default/skill-bpmn-script-task-map/00
================================================================================

2026-08-20 21:08:03 [DEBUG] coder_eval.utils: Resolved @uipath plugin-tools dir=/usr/lib/node_modules/@uipath from `uip` at /usr/lib/node_modules/@uipath/cli/dist/index.js
2026-08-20 21:08:03 [INFO] coder_eval.orchestrator: API routing: aws_bedrock
2026-08-20 21:08:03 [DEBUG] coder_eval.criteria: Discovered 15 criterion checkers
2026-08-20 21:08:03 [DEBUG] coder_eval.criteria: Validated 15 criterion checkers
2026-08-20 21:08:03 [DEBUG] coder_eval.utils: Resolved @uipath plugin-tools dir=/usr/lib/node_modules/@uipath from `uip` at /usr/lib/node_modules/@uipath/cli/dist/index.js
2026-08-20 21:08:04 [DEBUG] coder_eval.orchestrator: Sending prompt: Load and follow the uipath-maestro-bpmn skill.

Author a single Maestro BPMN file `ScriptTaskMapDemo...
2026-08-20 21:08:04 [DEBUG] coder_eval.agents.claude_code_agent: [coder] Starting agent query stream...
2026-08-20 21:13:54 [DEBUG] coder_eval.agents.claude_code_agent: [coder] is_error ResultMessage; not advancing session_id (kept None)
2026-08-20 21:13:54 [DEBUG] coder_eval.agents.claude_code_agent: [coder] Generic Exception is error_max_turns; treating as clean turn
2026-08-20 21:13:54 [WARNING] coder_eval.agents.claude_code_agent: [coder] Agent exhausted max_turns (55); turn ended without completing
2026-08-20 21:13:54 [DEBUG] coder_eval.utils: Resolved @uipath plugin-tools dir=/usr/lib/node_modules/@uipath from `uip` at /usr/lib/node_modules/@uipath/cli/dist/index.js
2026-08-20 21:13:54 [DEBUG] coder_eval.orchestrator: Agent response received (446 chars)
2026-08-20 21:13:54 [DEBUG] coder_eval.orchestrator: Checking success criteria
2026-08-20 21:13:54 [DEBUG] coder_eval.evaluation.checker: Criterion 'file_exists' score: 0.00
2026-08-20 21:13:54 [INFO] coder_eval.evaluation.checker: Criterion 'file_exists' FAILED (score=0.00, threshold=1.00): File 'ScriptTaskMapDemo.bpmn' does not exist
2026-08-20 21:13:54 [DEBUG] coder_eval.evaluation.checker: Criterion 'file_contains' score: 0.00
2026-08-20 21:13:54 [INFO] coder_eval.evaluation.checker: Criterion 'file_contains' FAILED (score=0.00, threshold=1.00): File 'ScriptTaskMapDemo.bpmn' does not exist
2026-08-20 21:13:54 [DEBUG] coder_eval.criteria.run_command: Running command for criterion 'BPMN has a Jint-safe scriptTask (v3, mapped I/O) implementing a map/uppercase operation, with full DI': python3 $TASK_DIR/check_script_task_map.py
2026-08-20 21:13:55 [DEBUG] coder_eval.sandbox: Command 'python3 $TASK_DIR/check_script_task_map.py' exited with code 1
2026-08-20 21:13:55 [DEBUG] coder_eval.sandbox: STDERR:
---
FAIL: no BPMN file found
---
2026-08-20 21:13:55 [DEBUG] coder_eval.evaluation.checker: Criterion 'run_command' score: 0.00
2026-08-20 21:13:55 [INFO] coder_eval.evaluation.checker: Criterion 'run_command' FAILED (score=0.00, threshold=1.00): Command: python3 $TASK_DIR/check_script_task_map.py
2026-08-20 21:13:55 [INFO] coder_eval.orchestrator: Success criteria: 0/3 passed, weighted score: 0.000
2026-08-20 21:13:55 [WARNING] coder_eval.orchestrator: Agent exhausted max_turns (55) without passing criteria.
2026-08-20 21:13:55 [WARNING] coder_eval.orchestrator: Visible turns (55) exceeded expected_turns (20) at iteration 1 for task skill-bpmn-script-task-map. Run continues — max_turns remains the hard cap.
2026-08-20 21:13:55 [DEBUG] coder_eval.utils: Resolved @uipath plugin-tools dir=/usr/lib/node_modules/@uipath from `uip` at /usr/lib/node_modules/@uipath/cli/dist/index.js
2026-08-20 21:13:55 [INFO] coder_eval.orchestrator: Running post-run command: find . -maxdepth 5 -type d \( -name node_modules -o -name .npm-prefix -o -name .venv \) -prune -exec rm -rf {} +
2026-08-20 21:13:55 [INFO] coder_eval.orchestrator: Sandbox preserved (in-place): /work/output/artifacts/skill-bpmn-script-task-map
2026-08-20 21:13:55 [INFO] coder_eval.orchestrator: Task finished: status=MAX_TURNS_EXHAUSTED duration=355.1s score=0.000 iterations=1


================================================================================
TASK: default/skill-bpmn-simple-approval-bpmn/00
================================================================================

2026-08-20 21:09:25 [DEBUG] coder_eval.utils: Resolved @uipath plugin-tools dir=/usr/lib/node_modules/@uipath from `uip` at /usr/lib/node_modules/@uipath/cli/dist/index.js
2026-08-20 21:09:25 [INFO] coder_eval.orchestrator: API routing: aws_bedrock
2026-08-20 21:09:25 [DEBUG] coder_eval.criteria: Discovered 15 criterion checkers
2026-08-20 21:09:25 [DEBUG] coder_eval.criteria: Validated 15 criterion checkers
2026-08-20 21:09:25 [DEBUG] coder_eval.utils: Resolved @uipath plugin-tools dir=/usr/lib/node_modules/@uipath from `uip` at /usr/lib/node_modules/@uipath/cli/dist/index.js
2026-08-20 21:09:25 [DEBUG] coder_eval.orchestrator: Sending prompt: Create a local BPMN project named "ExpenseApprovalBpmn" for this process:
- Manual start with input ...
2026-08-20 21:09:25 [DEBUG] coder_eval.agents.claude_code_agent: [coder] Starting agent query stream...
2026-08-20 21:24:25 [DEBUG] coder_eval.orchestrator: [skill-bpmn-simple-approval-bpmn] Drained partial turn record (attempt 1, iteration 1): 63 commands
2026-08-20 21:24:25 [ERROR] coder_eval.errors.executor: [skill-bpmn-simple-approval-bpmn] Agent communication failed (non-retryable): agent_timeout - Agent turn timed out after 900s (iteration 1)
2026-08-20 21:24:25 [ERROR] coder_eval.orchestrator: Evaluation failed: Agent turn timed out after 900s (iteration 1)
Traceback (most recent call last):
  File "/usr/local/lib/python3.13/site-packages/anyio/streams/memory.py", line 117, in receive
    return self.receive_nowait()
           ~~~~~~~~~~~~~~~~~~~^^
  File "/usr/local/lib/python3.13/site-packages/anyio/streams/memory.py", line 112, in receive_nowait
    raise WouldBlock
anyio.WouldBlock

During handling of the above exception, another exception occurred:

Traceback (most recent call last):
  File "/usr/local/lib/python3.13/site-packages/claude_agent_sdk/_internal/client.py", line 227, in _process_query_inner
    async for data in query.receive_messages():
    ...<2 lines>...
            yield message
  File "/usr/local/lib/python3.13/site-packages/claude_agent_sdk/_internal/query.py", line 847, in receive_messages
    async for message in self._message_receive:
    ...<6 lines>...
        yield message
  File "/usr/local/lib/python3.13/site-packages/anyio/abc/_streams.py", line 35, in __anext__
    return await self.receive()
           ^^^^^^^^^^^^^^^^^^^^
  File "/usr/local/lib/python3.13/site-packages/anyio/streams/memory.py", line 125, in receive
    await receive_event.wait()
  File "/usr/local/lib/python3.13/site-packages/anyio/_backends/_asyncio.py", line 1804, in wait
    await self._event.wait()
  File "/usr/local/lib/python3.13/asyncio/locks.py", line 213, in wait
    await fut
asyncio.exceptions.CancelledError

During handling of the above exception, another exception occurred:

Traceback (most recent call last):
  File "/opt/coder_eval/src/coder_eval/agents/claude_code_agent.py", line 1017, in communicate
    await self._pump_messages(state, query_kwargs, deadline, should_stop)
  File "/opt/coder_eval/src/coder_eval/agents/claude_code_agent.py", line 1132, in _pump_messages
    async for message in query(**query_kwargs):
    ...<8 lines>...
            break
  File "/usr/local/lib/python3.13/site-packages/claude_agent_sdk/query.py", line 123, in query
    async for message in client.process_query(
    ...<2 lines>...
        yield message
  File "/usr/local/lib/python3.13/site-packages/claude_agent_sdk/_internal/client.py", line 75, in process_query
    async for msg in inner:
        yield msg
  File "/usr/local/lib/python3.13/site-packages/claude_agent_sdk/_internal/client.py", line 233, in _process_query_inner
    await query.close()
  File "/usr/local/lib/python3.13/site-packages/claude_agent_sdk/_internal/query.py", line 884, in close
    await self._close_impl()
  File "/usr/local/lib/python3.13/site-packages/claude_agent_sdk/_internal/query.py", line 907, in _close_impl
    await self.transport.close()
  File "/usr/local/lib/python3.13/site-packages/claude_agent_sdk/_internal/transport/subprocess_cli.py", line 893, in close
    await self._process.wait()
  File "/usr/local/lib/python3.13/site-packages/anyio/_backends/_asyncio.py", line 1112, in wait
    return await self._process.wait()
           ^^^^^^^^^^^^^^^^^^^^^^^^^^
  File "/usr/local/lib/python3.13/asyncio/subprocess.py", line 137, in wait
    return await self._transport._wait()
           ^^^^^^^^^^^^^^^^^^^^^^^^^^^^^
  File "/usr/local/lib/python3.13/asyncio/base_subprocess.py", line 261, in _wait
    return await waiter
           ^^^^^^^^^^^^
asyncio.exceptions.CancelledError

During handling of the above exception, another exception occurred:

Traceback (most recent call last):
  File "/opt/coder_eval/src/coder_eval/orchestrator.py", line 520, in run
    success = await self._evaluation_loop()
              ^^^^^^^^^^^^^^^^^^^^^^^^^^^^^
  File "/opt/coder_eval/src/coder_eval/orchestrator.py", line 1560, in _evaluation_loop
    turn_record = await self._communicate_with_retry(
                  ^^^^^^^^^^^^^^^^^^^^^^^^^^^^^^^^^^^
    ...<3 lines>...
    )
    ^
  File "/opt/coder_eval/src/coder_eval/orchestrator.py", line 1437, in _communicate_with_retry
    turn_record = await execute_with_retry(
                  ^^^^^^^^^^^^^^^^^^^^^^^^^
    ...<8 lines>...
    )
    ^
  File "/opt/coder_eval/src/coder_eval/errors/executor.py", line 71, in execute_with_retry
    return await operation()
           ^^^^^^^^^^^^^^^^^
  File "/opt/coder_eval/src/coder_eval/orchestrator.py", line 1419, in _communicate_attempt
    return await asyncio.wait_for(coro, timeout=outer_timeout)
           ^^^^^^^^^^^^^^^^^^^^^^^^^^^^^^^^^^^^^^^^^^^^^^^^^^^
  File "/usr/local/lib/python3.13/asyncio/tasks.py", line 507, in wait_for
    return await fut
           ^^^^^^^^^
  File "/opt/coder_eval/src/coder_eval/agents/claude_code_agent.py", line 1029, in communicate
    self._finalize_and_raise_timeout(state.finalize, timeout)
    ~~~~~~~~~~~~~~~~~~~~~~~~~~~~~~~~^^^^^^^^^^^^^^^^^^^^^^^^^
  File "/opt/coder_eval/src/coder_eval/agent.py", line 147, in _finalize_and_raise_timeout
    raise TurnTimeoutError(timeout, iteration=self._iteration)
coder_eval.errors.timeout.TurnTimeoutError: Agent turn timed out after 900s (iteration 1)
2026-08-20 21:24:25 [DEBUG] coder_eval.utils: Resolved @uipath plugin-tools dir=/usr/lib/node_modules/@uipath from `uip` at /usr/lib/node_modules/@uipath/cli/dist/index.js
2026-08-20 21:24:25 [INFO] coder_eval.orchestrator: Running post-run command: find . -maxdepth 5 -type d \( -name node_modules -o -name .npm-prefix -o -name .venv \) -prune -exec rm -rf {} +
2026-08-20 21:24:25 [INFO] coder_eval.orchestrator: Sandbox preserved (in-place): /work/output/artifacts/skill-bpmn-simple-approval-bpmn
2026-08-20 21:24:25 [INFO] coder_eval.orchestrator: Task finished: status=ERROR duration=905.0s score=0.000 iterations=1


================================================================================
TASK: default/skill-bpmn-smoke-registry-discovery/00
================================================================================

2026-08-20 21:09:54 [DEBUG] coder_eval.utils: Resolved @uipath plugin-tools dir=/usr/lib/node_modules/@uipath from `uip` at /usr/lib/node_modules/@uipath/cli/dist/index.js
2026-08-20 21:09:54 [INFO] coder_eval.orchestrator: API routing: aws_bedrock
2026-08-20 21:09:54 [DEBUG] coder_eval.criteria: Discovered 15 criterion checkers
2026-08-20 21:09:54 [DEBUG] coder_eval.criteria: Validated 15 criterion checkers
2026-08-20 21:09:54 [DEBUG] coder_eval.utils: Resolved @uipath plugin-tools dir=/usr/lib/node_modules/@uipath from `uip` at /usr/lib/node_modules/@uipath/cli/dist/index.js
2026-08-20 21:09:54 [DEBUG] coder_eval.orchestrator: Sending prompt: I want to author a UiPath Maestro BPMN process that starts an RPA job and
waits for an internal mess...
2026-08-20 21:09:55 [DEBUG] coder_eval.agents.claude_code_agent: [coder] Starting agent query stream...
2026-08-20 21:10:57 [DEBUG] coder_eval.agents.claude_code_agent: [coder] session_id changed: None -> 5594632e-3659-4f49-951d-4d2b38c8e4d4
2026-08-20 21:10:57 [DEBUG] coder_eval.agents.claude_code_agent: [coder] Agent query stream ended
2026-08-20 21:10:57 [DEBUG] coder_eval.utils: Resolved @uipath plugin-tools dir=/usr/lib/node_modules/@uipath from `uip` at /usr/lib/node_modules/@uipath/cli/dist/index.js
2026-08-20 21:10:57 [DEBUG] coder_eval.orchestrator: Agent response received (2590 chars)
2026-08-20 21:10:57 [DEBUG] coder_eval.orchestrator: Checking success criteria
2026-08-20 21:10:57 [DEBUG] coder_eval.evaluation.checker: Criterion 'command_executed' score: 1.00
2026-08-20 21:10:57 [DEBUG] coder_eval.evaluation.checker: Criterion 'command_executed' score: 1.00
2026-08-20 21:10:57 [DEBUG] coder_eval.evaluation.checker: Criterion 'command_executed' score: 1.00
2026-08-20 21:10:57 [DEBUG] coder_eval.criteria.run_command: Running command for criterion 'Raw registry evidence covers the RPA-job and receive-message types': python3 $TASK_DIR/check_registry_discovery.py
2026-08-20 21:10:57 [DEBUG] coder_eval.sandbox: Command 'python3 $TASK_DIR/check_registry_discovery.py' exited with code 0
2026-08-20 21:10:57 [DEBUG] coder_eval.sandbox: STDOUT:
---
OK: registry-evidence covers Orchestrator.StartJob, Maestro.ReceiveMessageEvent across 4 raw output files
---
2026-08-20 21:10:57 [DEBUG] coder_eval.evaluation.checker: Criterion 'run_command' score: 1.00
2026-08-20 21:10:57 [INFO] coder_eval.orchestrator: Success criteria: 4/4 passed, weighted score: 1.000
2026-08-20 21:10:57 [DEBUG] coder_eval.utils: Resolved @uipath plugin-tools dir=/usr/lib/node_modules/@uipath from `uip` at /usr/lib/node_modules/@uipath/cli/dist/index.js
2026-08-20 21:10:57 [INFO] coder_eval.orchestrator: Running post-run command: find . -maxdepth 5 -type d \( -name node_modules -o -name .npm-prefix -o -name .venv \) -prune -exec rm -rf {} +
2026-08-20 21:10:57 [INFO] coder_eval.orchestrator: Sandbox preserved (in-place): /work/output/artifacts/skill-bpmn-smoke-registry-discovery
2026-08-20 21:10:57 [INFO] coder_eval.orchestrator: Task finished: status=SUCCESS duration=67.5s score=1.000 iterations=1


================================================================================
TASK: default/skill-bpmn-subprocess/00
================================================================================

2026-08-20 21:05:49 [DEBUG] coder_eval.utils: Resolved @uipath plugin-tools dir=/usr/lib/node_modules/@uipath from `uip` at /usr/lib/node_modules/@uipath/cli/dist/index.js
2026-08-20 21:05:49 [INFO] coder_eval.orchestrator: API routing: aws_bedrock
2026-08-20 21:05:50 [DEBUG] coder_eval.criteria: Discovered 15 criterion checkers
2026-08-20 21:05:50 [DEBUG] coder_eval.criteria: Validated 15 criterion checkers
2026-08-20 21:05:50 [DEBUG] coder_eval.utils: Resolved @uipath plugin-tools dir=/usr/lib/node_modules/@uipath from `uip` at /usr/lib/node_modules/@uipath/cli/dist/index.js
2026-08-20 21:05:51 [DEBUG] coder_eval.orchestrator: Sending prompt: Load and follow the uipath-maestro-bpmn skill.

Author a single Maestro BPMN file `SubflowDemo.bpmn`...
2026-08-20 21:05:51 [DEBUG] coder_eval.agents.claude_code_agent: [coder] Starting agent query stream...
2026-08-20 21:07:42 [DEBUG] coder_eval.agents.claude_code_agent: [coder] session_id changed: None -> fcf02a51-6e3a-46c3-9a9d-275a50a7f2d8
2026-08-20 21:07:42 [DEBUG] coder_eval.agents.claude_code_agent: [coder] Agent query stream ended
2026-08-20 21:07:42 [DEBUG] coder_eval.utils: Resolved @uipath plugin-tools dir=/usr/lib/node_modules/@uipath from `uip` at /usr/lib/node_modules/@uipath/cli/dist/index.js
2026-08-20 21:07:42 [DEBUG] coder_eval.orchestrator: Agent response received (1632 chars)
2026-08-20 21:07:42 [DEBUG] coder_eval.orchestrator: Checking success criteria
2026-08-20 21:07:42 [DEBUG] coder_eval.evaluation.checker: Criterion 'file_exists' score: 1.00
2026-08-20 21:07:42 [DEBUG] coder_eval.evaluation.checker: Criterion 'file_contains' score: 1.00
2026-08-20 21:07:42 [DEBUG] coder_eval.criteria.run_command: Running command for criterion 'BPMN encapsulates logic in a subProcess (nested start/activity/end) or callActivity, with a shape and resolvable flows': python3 $TASK_DIR/check_subprocess.py
2026-08-20 21:07:43 [DEBUG] coder_eval.sandbox: Command 'python3 $TASK_DIR/check_subprocess.py' exited with code 0
2026-08-20 21:07:43 [DEBUG] coder_eval.sandbox: STDOUT:
---
OK: SubflowDemo.bpmn encapsulates logic in a subProcess with a diagram shape
---
2026-08-20 21:07:43 [DEBUG] coder_eval.evaluation.checker: Criterion 'run_command' score: 1.00
2026-08-20 21:07:43 [DEBUG] coder_eval.evaluation.judge_context: judge_context: include_reference=True but reference not set
2026-08-20 21:07:48 [DEBUG] coder_eval.evaluation.checker: Criterion 'llm_judge' score: 1.00
2026-08-20 21:07:48 [INFO] coder_eval.orchestrator: Success criteria: 4/4 passed, weighted score: 1.000
2026-08-20 21:07:48 [DEBUG] coder_eval.utils: Resolved @uipath plugin-tools dir=/usr/lib/node_modules/@uipath from `uip` at /usr/lib/node_modules/@uipath/cli/dist/index.js
2026-08-20 21:07:48 [INFO] coder_eval.orchestrator: Running post-run command: find . -maxdepth 5 -type d \( -name node_modules -o -name .npm-prefix -o -name .venv \) -prune -exec rm -rf {} +
2026-08-20 21:07:48 [INFO] coder_eval.orchestrator: Sandbox preserved (in-place): /work/output/artifacts/skill-bpmn-subprocess
2026-08-20 21:07:48 [INFO] coder_eval.orchestrator: Task finished: status=SUCCESS duration=130.6s score=1.000 iterations=1
2026-08-20 21:07:48 [DEBUG] coder_eval.evaluation.judge_persistence: spilled 1 judge transcript(s) to /work/output


================================================================================
TASK: default/skill-bpmn-switch/00
================================================================================

2026-08-20 21:05:49 [DEBUG] coder_eval.utils: Resolved @uipath plugin-tools dir=/usr/lib/node_modules/@uipath from `uip` at /usr/lib/node_modules/@uipath/cli/dist/index.js
2026-08-20 21:05:49 [INFO] coder_eval.orchestrator: API routing: aws_bedrock
2026-08-20 21:05:49 [DEBUG] coder_eval.criteria: Discovered 15 criterion checkers
2026-08-20 21:05:49 [DEBUG] coder_eval.criteria: Validated 15 criterion checkers
2026-08-20 21:05:49 [DEBUG] coder_eval.utils: Resolved @uipath plugin-tools dir=/usr/lib/node_modules/@uipath from `uip` at /usr/lib/node_modules/@uipath/cli/dist/index.js
2026-08-20 21:05:50 [DEBUG] coder_eval.orchestrator: Sending prompt: Load and follow the uipath-maestro-bpmn skill.

Author a single Maestro BPMN file `SeasonLookup.bpmn...
2026-08-20 21:05:50 [DEBUG] coder_eval.agents.claude_code_agent: [coder] Starting agent query stream...
2026-08-20 21:07:00 [DEBUG] coder_eval.agents.claude_code_agent: [coder] session_id changed: None -> d4a04d02-a07c-4212-a202-eb74b0fe2038
2026-08-20 21:07:00 [DEBUG] coder_eval.agents.claude_code_agent: [coder] Agent query stream ended
2026-08-20 21:07:00 [DEBUG] coder_eval.utils: Resolved @uipath plugin-tools dir=/usr/lib/node_modules/@uipath from `uip` at /usr/lib/node_modules/@uipath/cli/dist/index.js
2026-08-20 21:07:00 [DEBUG] coder_eval.orchestrator: Agent response received (1166 chars)
2026-08-20 21:07:00 [DEBUG] coder_eval.orchestrator: Checking success criteria
2026-08-20 21:07:00 [DEBUG] coder_eval.evaluation.checker: Criterion 'file_exists' score: 1.00
2026-08-20 21:07:00 [DEBUG] coder_eval.evaluation.checker: Criterion 'file_contains' score: 1.00
2026-08-20 21:07:00 [DEBUG] coder_eval.criteria.run_command: Running command for criterion 'BPMN has a multi-way exclusive gateway (3+ conditioned branches + default), full DI, resolvable flows': python3 $TASK_DIR/check_switch.py
2026-08-20 21:07:00 [DEBUG] coder_eval.sandbox: Command 'python3 $TASK_DIR/check_switch.py' exited with code 0
2026-08-20 21:07:00 [DEBUG] coder_eval.sandbox: STDOUT:
---
OK: SeasonLookup.bpmn has a multi-way exclusive gateway (3 conditioned + 1 default)
---
2026-08-20 21:07:00 [DEBUG] coder_eval.evaluation.checker: Criterion 'run_command' score: 1.00
2026-08-20 21:07:00 [DEBUG] coder_eval.evaluation.judge_context: judge_context: include_reference=True but reference not set
2026-08-20 21:07:06 [DEBUG] coder_eval.evaluation.checker: Criterion 'llm_judge' score: 1.00
2026-08-20 21:07:06 [INFO] coder_eval.orchestrator: Success criteria: 4/4 passed, weighted score: 1.000
2026-08-20 21:07:06 [DEBUG] coder_eval.utils: Resolved @uipath plugin-tools dir=/usr/lib/node_modules/@uipath from `uip` at /usr/lib/node_modules/@uipath/cli/dist/index.js
2026-08-20 21:07:06 [INFO] coder_eval.orchestrator: Running post-run command: find . -maxdepth 5 -type d \( -name node_modules -o -name .npm-prefix -o -name .venv \) -prune -exec rm -rf {} +
2026-08-20 21:07:06 [INFO] coder_eval.orchestrator: Sandbox preserved (in-place): /work/output/artifacts/skill-bpmn-switch
2026-08-20 21:07:06 [INFO] coder_eval.orchestrator: Task finished: status=SUCCESS duration=87.5s score=1.000 iterations=1
2026-08-20 21:07:06 [DEBUG] coder_eval.evaluation.judge_persistence: spilled 1 judge transcript(s) to /work/output


================================================================================
TASK: default/skill-bpmn-terminate/00
================================================================================

2026-08-20 21:08:55 [DEBUG] coder_eval.utils: Resolved @uipath plugin-tools dir=/usr/lib/node_modules/@uipath from `uip` at /usr/lib/node_modules/@uipath/cli/dist/index.js
2026-08-20 21:08:55 [INFO] coder_eval.orchestrator: API routing: aws_bedrock
2026-08-20 21:08:55 [DEBUG] coder_eval.criteria: Discovered 15 criterion checkers
2026-08-20 21:08:55 [DEBUG] coder_eval.criteria: Validated 15 criterion checkers
2026-08-20 21:08:55 [DEBUG] coder_eval.utils: Resolved @uipath plugin-tools dir=/usr/lib/node_modules/@uipath from `uip` at /usr/lib/node_modules/@uipath/cli/dist/index.js
2026-08-20 21:08:56 [DEBUG] coder_eval.orchestrator: Sending prompt: Load and follow the uipath-maestro-bpmn skill.

Author a single Maestro BPMN file `TerminateParallel...
2026-08-20 21:08:56 [DEBUG] coder_eval.agents.claude_code_agent: [coder] Starting agent query stream...
2026-08-20 21:09:51 [DEBUG] coder_eval.agents.claude_code_agent: [coder] session_id changed: None -> 9a3f2e61-f633-4eec-ba43-5040836f6984
2026-08-20 21:09:51 [DEBUG] coder_eval.agents.claude_code_agent: [coder] Agent query stream ended
2026-08-20 21:09:51 [DEBUG] coder_eval.utils: Resolved @uipath plugin-tools dir=/usr/lib/node_modules/@uipath from `uip` at /usr/lib/node_modules/@uipath/cli/dist/index.js
2026-08-20 21:09:51 [DEBUG] coder_eval.orchestrator: Agent response received (554 chars)
2026-08-20 21:09:51 [DEBUG] coder_eval.orchestrator: Checking success criteria
2026-08-20 21:09:51 [DEBUG] coder_eval.evaluation.checker: Criterion 'file_exists' score: 1.00
2026-08-20 21:09:51 [DEBUG] coder_eval.evaluation.checker: Criterion 'file_contains' score: 1.00
2026-08-20 21:09:51 [DEBUG] coder_eval.criteria.run_command: Running command for criterion 'BPMN has a terminate end event on one branch, a normal end on another, a fork, full DI, resolvable flows': python3 $TASK_DIR/check_terminate.py
2026-08-20 21:09:52 [DEBUG] coder_eval.sandbox: Command 'python3 $TASK_DIR/check_terminate.py' exited with code 0
2026-08-20 21:09:52 [DEBUG] coder_eval.sandbox: STDOUT:
---
OK: TerminateParallel.bpmn has a terminate end event on one branch and a normal end on another
---
2026-08-20 21:09:52 [DEBUG] coder_eval.evaluation.checker: Criterion 'run_command' score: 1.00
2026-08-20 21:09:52 [DEBUG] coder_eval.evaluation.judge_context: judge_context: include_reference=True but reference not set
2026-08-20 21:09:57 [DEBUG] coder_eval.evaluation.checker: Criterion 'llm_judge' score: 1.00
2026-08-20 21:09:57 [INFO] coder_eval.orchestrator: Success criteria: 4/4 passed, weighted score: 1.000
2026-08-20 21:09:57 [DEBUG] coder_eval.utils: Resolved @uipath plugin-tools dir=/usr/lib/node_modules/@uipath from `uip` at /usr/lib/node_modules/@uipath/cli/dist/index.js
2026-08-20 21:09:57 [INFO] coder_eval.orchestrator: Running post-run command: find . -maxdepth 5 -type d \( -name node_modules -o -name .npm-prefix -o -name .venv \) -prune -exec rm -rf {} +
2026-08-20 21:09:57 [INFO] coder_eval.orchestrator: Sandbox preserved (in-place): /work/output/artifacts/skill-bpmn-terminate
2026-08-20 21:09:57 [INFO] coder_eval.orchestrator: Task finished: status=SUCCESS duration=68.0s score=1.000 iterations=1
2026-08-20 21:09:57 [DEBUG] coder_eval.evaluation.judge_persistence: spilled 1 judge transcript(s) to /work/output


================================================================================
TASK: default/skill-bpmn-timer/00
================================================================================

2026-08-20 21:05:52 [DEBUG] coder_eval.utils: Resolved @uipath plugin-tools dir=/usr/lib/node_modules/@uipath from `uip` at /usr/lib/node_modules/@uipath/cli/dist/index.js
2026-08-20 21:05:53 [INFO] coder_eval.orchestrator: API routing: aws_bedrock
2026-08-20 21:05:53 [DEBUG] coder_eval.criteria: Discovered 15 criterion checkers
2026-08-20 21:05:53 [DEBUG] coder_eval.criteria: Validated 15 criterion checkers
2026-08-20 21:05:53 [DEBUG] coder_eval.utils: Resolved @uipath plugin-tools dir=/usr/lib/node_modules/@uipath from `uip` at /usr/lib/node_modules/@uipath/cli/dist/index.js
2026-08-20 21:05:53 [DEBUG] coder_eval.orchestrator: Sending prompt: Load and follow the uipath-maestro-bpmn skill.

Author a single Maestro BPMN file `TimerWait.bpmn` i...
2026-08-20 21:05:54 [DEBUG] coder_eval.agents.claude_code_agent: [coder] Starting agent query stream...
2026-08-20 21:06:32 [DEBUG] coder_eval.agents.claude_code_agent: [coder] session_id changed: None -> 2cc17341-92a0-4a39-a6c0-ba02b22e5a28
2026-08-20 21:06:32 [DEBUG] coder_eval.agents.claude_code_agent: [coder] Agent query stream ended
2026-08-20 21:06:32 [DEBUG] coder_eval.utils: Resolved @uipath plugin-tools dir=/usr/lib/node_modules/@uipath from `uip` at /usr/lib/node_modules/@uipath/cli/dist/index.js
2026-08-20 21:06:32 [DEBUG] coder_eval.orchestrator: Agent response received (747 chars)
2026-08-20 21:06:32 [DEBUG] coder_eval.orchestrator: Checking success criteria
2026-08-20 21:06:32 [DEBUG] coder_eval.evaluation.checker: Criterion 'file_exists' score: 1.00
2026-08-20 21:06:32 [DEBUG] coder_eval.evaluation.checker: Criterion 'file_contains' score: 1.00
2026-08-20 21:06:32 [DEBUG] coder_eval.criteria.run_command: Running command for criterion 'BPMN has a wired intermediate timer catch event with a valid ISO-8601 definition, full DI, resolvable flows': python3 $TASK_DIR/check_timer.py
2026-08-20 21:06:33 [DEBUG] coder_eval.sandbox: Command 'python3 $TASK_DIR/check_timer.py' exited with code 0
2026-08-20 21:06:33 [DEBUG] coder_eval.sandbox: STDOUT:
---
OK: TimerWait.bpmn has a wired intermediate timer catch event with a valid definition
---
2026-08-20 21:06:33 [DEBUG] coder_eval.evaluation.checker: Criterion 'run_command' score: 1.00
2026-08-20 21:06:33 [INFO] coder_eval.orchestrator: Success criteria: 3/3 passed, weighted score: 1.000
2026-08-20 21:06:33 [DEBUG] coder_eval.utils: Resolved @uipath plugin-tools dir=/usr/lib/node_modules/@uipath from `uip` at /usr/lib/node_modules/@uipath/cli/dist/index.js
2026-08-20 21:06:33 [INFO] coder_eval.orchestrator: Running post-run command: find . -maxdepth 5 -type d \( -name node_modules -o -name .npm-prefix -o -name .venv \) -prune -exec rm -rf {} +
2026-08-20 21:06:33 [INFO] coder_eval.orchestrator: Sandbox preserved (in-place): /work/output/artifacts/skill-bpmn-timer
2026-08-20 21:06:33 [INFO] coder_eval.orchestrator: Task finished: status=SUCCESS duration=51.7s score=1.000 iterations=1


================================================================================
TASK: default/skill-bpmn-timer-boundary-noninterrupting/00
================================================================================

2026-08-20 21:05:53 [DEBUG] coder_eval.utils: Resolved @uipath plugin-tools dir=/usr/lib/node_modules/@uipath from `uip` at /usr/lib/node_modules/@uipath/cli/dist/index.js
2026-08-20 21:05:53 [INFO] coder_eval.orchestrator: API routing: aws_bedrock
2026-08-20 21:05:53 [DEBUG] coder_eval.criteria: Discovered 15 criterion checkers
2026-08-20 21:05:53 [DEBUG] coder_eval.criteria: Validated 15 criterion checkers
2026-08-20 21:05:53 [DEBUG] coder_eval.utils: Resolved @uipath plugin-tools dir=/usr/lib/node_modules/@uipath from `uip` at /usr/lib/node_modules/@uipath/cli/dist/index.js
2026-08-20 21:05:54 [DEBUG] coder_eval.orchestrator: Sending prompt: Load and follow the uipath-maestro-bpmn skill.

Author a single Maestro BPMN file `ApprovalReminder....
2026-08-20 21:05:54 [DEBUG] coder_eval.agents.claude_code_agent: [coder] Starting agent query stream...
2026-08-20 21:08:05 [DEBUG] coder_eval.agents.claude_code_agent: [coder] session_id changed: None -> 50613026-ff71-4283-aca6-6ac43617189b
2026-08-20 21:08:05 [DEBUG] coder_eval.agents.claude_code_agent: [coder] Agent query stream ended
2026-08-20 21:08:05 [DEBUG] coder_eval.utils: Resolved @uipath plugin-tools dir=/usr/lib/node_modules/@uipath from `uip` at /usr/lib/node_modules/@uipath/cli/dist/index.js
2026-08-20 21:08:05 [DEBUG] coder_eval.orchestrator: Agent response received (1754 chars)
2026-08-20 21:08:05 [DEBUG] coder_eval.orchestrator: Checking success criteria
2026-08-20 21:08:05 [DEBUG] coder_eval.evaluation.checker: Criterion 'file_exists' score: 1.00
2026-08-20 21:08:05 [DEBUG] coder_eval.evaluation.checker: Criterion 'command_executed' score: 1.00
2026-08-20 21:08:05 [DEBUG] coder_eval.evaluation.checker: Criterion 'file_contains' score: 1.00
2026-08-20 21:08:05 [DEBUG] coder_eval.criteria.run_command: Running command for criterion 'Non-interrupting timer boundary on a userTask does not cancel it, fully shaped': python3 $TASK_DIR/check_timer_boundary_noninterrupting.py
2026-08-20 21:08:05 [DEBUG] coder_eval.sandbox: Command 'python3 $TASK_DIR/check_timer_boundary_noninterrupting.py' exited with code 0
2026-08-20 21:08:05 [DEBUG] coder_eval.sandbox: STDOUT:
---
OK: ApprovalReminder.bpmn has a non-interrupting timer boundary on a userTask that does not cancel it
---
2026-08-20 21:08:05 [DEBUG] coder_eval.evaluation.checker: Criterion 'run_command' score: 1.00
2026-08-20 21:08:05 [INFO] coder_eval.orchestrator: Success criteria: 4/4 passed, weighted score: 1.000
2026-08-20 21:08:05 [DEBUG] coder_eval.utils: Resolved @uipath plugin-tools dir=/usr/lib/node_modules/@uipath from `uip` at /usr/lib/node_modules/@uipath/cli/dist/index.js
2026-08-20 21:08:05 [INFO] coder_eval.orchestrator: Running post-run command: find . -maxdepth 5 -type d \( -name node_modules -o -name .npm-prefix -o -name .venv \) -prune -exec rm -rf {} +
2026-08-20 21:08:05 [INFO] coder_eval.orchestrator: Sandbox preserved (in-place): /work/output/artifacts/skill-bpmn-timer-boundary-noninterrupting
2026-08-20 21:08:05 [INFO] coder_eval.orchestrator: Task finished: status=SUCCESS duration=143.5s score=1.000 iterations=1


================================================================================
TASK: default/skill-bpmn-timer-start/00
================================================================================

2026-08-20 21:07:05 [DEBUG] coder_eval.utils: Resolved @uipath plugin-tools dir=/usr/lib/node_modules/@uipath from `uip` at /usr/lib/node_modules/@uipath/cli/dist/index.js
2026-08-20 21:07:05 [INFO] coder_eval.orchestrator: API routing: aws_bedrock
2026-08-20 21:07:05 [DEBUG] coder_eval.criteria: Discovered 15 criterion checkers
2026-08-20 21:07:05 [DEBUG] coder_eval.criteria: Validated 15 criterion checkers
2026-08-20 21:07:05 [DEBUG] coder_eval.utils: Resolved @uipath plugin-tools dir=/usr/lib/node_modules/@uipath from `uip` at /usr/lib/node_modules/@uipath/cli/dist/index.js
2026-08-20 21:07:06 [DEBUG] coder_eval.orchestrator: Sending prompt: Load and follow the uipath-maestro-bpmn skill.

Create a local BPMN project named "ScheduledReportBp...
2026-08-20 21:07:06 [DEBUG] coder_eval.agents.claude_code_agent: [coder] Starting agent query stream...
2026-08-20 21:09:18 [DEBUG] coder_eval.agents.claude_code_agent: [coder] session_id changed: None -> 5b67b4d3-577a-4034-9202-18c7a526f9a0
2026-08-20 21:09:18 [DEBUG] coder_eval.agents.claude_code_agent: [coder] Agent query stream ended
2026-08-20 21:09:18 [DEBUG] coder_eval.utils: Resolved @uipath plugin-tools dir=/usr/lib/node_modules/@uipath from `uip` at /usr/lib/node_modules/@uipath/cli/dist/index.js
2026-08-20 21:09:18 [DEBUG] coder_eval.orchestrator: Agent response received (3250 chars)
2026-08-20 21:09:18 [DEBUG] coder_eval.orchestrator: Checking success criteria
2026-08-20 21:09:18 [DEBUG] coder_eval.evaluation.checker: Criterion 'file_exists' score: 1.00
2026-08-20 21:09:18 [DEBUG] coder_eval.evaluation.checker: Criterion 'file_contains' score: 1.00
2026-08-20 21:09:18 [DEBUG] coder_eval.evaluation.checker: Criterion 'command_executed' score: 1.00
2026-08-20 21:09:18 [DEBUG] coder_eval.criteria.run_command: Running command for criterion 'Timer start event is a recurring scheduled start with valid structure': python3 $TASK_DIR/check_timer_start.py
2026-08-20 21:09:18 [DEBUG] coder_eval.sandbox: Command 'python3 $TASK_DIR/check_timer_start.py' exited with code 0
2026-08-20 21:09:18 [DEBUG] coder_eval.sandbox: STDOUT:
---
OK: ScheduledReportBpmn/ScheduledReportBpmn.bpmn starts on a recurring timer schedule (R/PT1H)
---
2026-08-20 21:09:18 [DEBUG] coder_eval.evaluation.checker: Criterion 'run_command' score: 1.00
2026-08-20 21:09:18 [INFO] coder_eval.orchestrator: Success criteria: 4/4 passed, weighted score: 1.000
2026-08-20 21:09:18 [WARNING] coder_eval.orchestrator: Visible turns (23) exceeded expected_turns (18) at iteration 1 for task skill-bpmn-timer-start. Run continues — max_turns remains the hard cap.
2026-08-20 21:09:18 [DEBUG] coder_eval.utils: Resolved @uipath plugin-tools dir=/usr/lib/node_modules/@uipath from `uip` at /usr/lib/node_modules/@uipath/cli/dist/index.js
2026-08-20 21:09:18 [INFO] coder_eval.orchestrator: Running post-run command: find . -maxdepth 5 -type d \( -name node_modules -o -name .npm-prefix -o -name .venv \) -prune -exec rm -rf {} +
2026-08-20 21:09:19 [INFO] coder_eval.orchestrator: Sandbox preserved (in-place): /work/output/artifacts/skill-bpmn-timer-start
2026-08-20 21:09:19 [INFO] coder_eval.orchestrator: Task finished: status=SUCCESS duration=139.4s score=1.000 iterations=1

