# Run Log: maestro-bpmn-baseline-sonnet-4-6
# Aggregated from 70 task(s)
# Generated: 2026-08-15 00:59:49

================================================================================


================================================================================
TASK: default/skill-bpmn-agent-job/00
================================================================================

2026-08-15 00:35:53 [DEBUG] coder_eval.utils: Resolved @uipath plugin-tools dir=/usr/lib/node_modules/@uipath from `uip` at /usr/lib/node_modules/@uipath/cli/dist/index.js
2026-08-15 00:35:53 [INFO] coder_eval.orchestrator: API routing: aws_bedrock
2026-08-15 00:35:53 [DEBUG] coder_eval.criteria: Discovered 14 criterion checkers
2026-08-15 00:35:53 [DEBUG] coder_eval.criteria: Validated 14 criterion checkers
2026-08-15 00:35:53 [DEBUG] coder_eval.utils: Resolved @uipath plugin-tools dir=/usr/lib/node_modules/@uipath from `uip` at /usr/lib/node_modules/@uipath/cli/dist/index.js
2026-08-15 00:35:53 [DEBUG] coder_eval.orchestrator: Sending prompt: Load and follow the uipath-maestro-bpmn skill.

Create a local BPMN project named "ApproverCountAgen...
2026-08-15 00:35:53 [DEBUG] coder_eval.agents.claude_code_agent: [coder] Starting agent query stream...
2026-08-15 00:50:53 [DEBUG] coder_eval.orchestrator: [skill-bpmn-agent-job] Drained partial turn record (attempt 1, iteration 1): 35 commands
2026-08-15 00:50:53 [ERROR] coder_eval.errors.executor: [skill-bpmn-agent-job] Agent communication failed (non-retryable): agent_timeout - Agent turn timed out after 900s (iteration 1)
2026-08-15 00:50:54 [ERROR] coder_eval.orchestrator: Evaluation failed: Agent turn timed out after 900s (iteration 1)
Traceback (most recent call last):
  File "/usr/local/lib/python3.13/site-packages/anyio/streams/memory.py", line 117, in receive
    return self.receive_nowait()
           ~~~~~~~~~~~~~~~~~~~^^
  File "/usr/local/lib/python3.13/site-packages/anyio/streams/memory.py", line 112, in receive_nowait
    raise WouldBlock
anyio.WouldBlock

During handling of the above exception, another exception occurred:

Traceback (most recent call last):
  File "/opt/coder_eval/src/coder_eval/agents/claude_code_agent.py", line 915, in communicate
    await self._pump_messages(state, query_kwargs, deadline, should_stop)
  File "/opt/coder_eval/src/coder_eval/agents/claude_code_agent.py", line 1025, in _pump_messages
    async for message in query(**query_kwargs):
    ...<8 lines>...
            break
  File "/usr/local/lib/python3.13/site-packages/claude_agent_sdk/query.py", line 123, in query
    async for message in client.process_query(
    ...<2 lines>...
        yield message
  File "/usr/local/lib/python3.13/site-packages/claude_agent_sdk/_internal/client.py", line 75, in process_query
    async for msg in inner:
        yield msg
  File "/usr/local/lib/python3.13/site-packages/claude_agent_sdk/_internal/client.py", line 227, in _process_query_inner
    async for data in query.receive_messages():
    ...<2 lines>...
            yield message
  File "/usr/local/lib/python3.13/site-packages/claude_agent_sdk/_internal/query.py", line 847, in receive_messages
    async for message in self._message_receive:
    ...<6 lines>...
        yield message
  File "/usr/local/lib/python3.13/site-packages/anyio/abc/_streams.py", line 35, in __anext__
    return await self.receive()
           ^^^^^^^^^^^^^^^^^^^^
  File "/usr/local/lib/python3.13/site-packages/anyio/streams/memory.py", line 125, in receive
    await receive_event.wait()
  File "/usr/local/lib/python3.13/site-packages/anyio/_backends/_asyncio.py", line 1804, in wait
    await self._event.wait()
  File "/usr/local/lib/python3.13/asyncio/locks.py", line 213, in wait
    await fut
asyncio.exceptions.CancelledError

During handling of the above exception, another exception occurred:

Traceback (most recent call last):
  File "/opt/coder_eval/src/coder_eval/orchestrator.py", line 475, in run
    success = await self._evaluation_loop()
              ^^^^^^^^^^^^^^^^^^^^^^^^^^^^^
  File "/opt/coder_eval/src/coder_eval/orchestrator.py", line 1387, in _evaluation_loop
    turn_record = await self._communicate_with_retry(
                  ^^^^^^^^^^^^^^^^^^^^^^^^^^^^^^^^^^^
    ...<3 lines>...
    )
    ^
  File "/opt/coder_eval/src/coder_eval/orchestrator.py", line 1263, in _communicate_with_retry
    turn_record = await execute_with_retry(
                  ^^^^^^^^^^^^^^^^^^^^^^^^^
    ...<8 lines>...
    )
    ^
  File "/opt/coder_eval/src/coder_eval/errors/executor.py", line 71, in execute_with_retry
    return await operation()
           ^^^^^^^^^^^^^^^^^
  File "/opt/coder_eval/src/coder_eval/orchestrator.py", line 1245, in _communicate_attempt
    return await asyncio.wait_for(coro, timeout=outer_timeout)
           ^^^^^^^^^^^^^^^^^^^^^^^^^^^^^^^^^^^^^^^^^^^^^^^^^^^
  File "/usr/local/lib/python3.13/asyncio/tasks.py", line 507, in wait_for
    return await fut
           ^^^^^^^^^
  File "/opt/coder_eval/src/coder_eval/agents/claude_code_agent.py", line 927, in communicate
    self._finalize_and_raise_timeout(state.finalize, timeout)
    ~~~~~~~~~~~~~~~~~~~~~~~~~~~~~~~~^^^^^^^^^^^^^^^^^^^^^^^^^
  File "/opt/coder_eval/src/coder_eval/agent.py", line 130, in _finalize_and_raise_timeout
    raise TurnTimeoutError(timeout, iteration=self._iteration)
coder_eval.errors.timeout.TurnTimeoutError: Agent turn timed out after 900s (iteration 1)
2026-08-15 00:50:54 [DEBUG] coder_eval.utils: Resolved @uipath plugin-tools dir=/usr/lib/node_modules/@uipath from `uip` at /usr/lib/node_modules/@uipath/cli/dist/index.js
2026-08-15 00:50:54 [INFO] coder_eval.orchestrator: Running post-run command: find . -maxdepth 5 -type d \( -name node_modules -o -name .npm-prefix -o -name .venv \) -prune -exec rm -rf {} +
2026-08-15 00:50:54 [INFO] coder_eval.orchestrator: Sandbox preserved (in-place): /work/output/artifacts/skill-bpmn-agent-job
2026-08-15 00:50:54 [INFO] coder_eval.orchestrator: Task finished: status=ERROR duration=904.9s score=0.000 iterations=1


================================================================================
TASK: default/skill-bpmn-api-workflow-task/00
================================================================================

2026-08-15 00:35:35 [DEBUG] coder_eval.utils: Resolved @uipath plugin-tools dir=/usr/lib/node_modules/@uipath from `uip` at /usr/lib/node_modules/@uipath/cli/dist/index.js
2026-08-15 00:35:35 [INFO] coder_eval.orchestrator: API routing: aws_bedrock
2026-08-15 00:35:35 [DEBUG] coder_eval.criteria: Discovered 14 criterion checkers
2026-08-15 00:35:35 [DEBUG] coder_eval.criteria: Validated 14 criterion checkers
2026-08-15 00:35:35 [DEBUG] coder_eval.utils: Resolved @uipath plugin-tools dir=/usr/lib/node_modules/@uipath from `uip` at /usr/lib/node_modules/@uipath/cli/dist/index.js
2026-08-15 00:35:36 [DEBUG] coder_eval.orchestrator: Sending prompt: Create a UiPath Maestro BPMN Process Orchestration project at:
  ApiWorkflowDispatch/ApiWorkflowDisp...
2026-08-15 00:35:36 [DEBUG] coder_eval.agents.claude_code_agent: [coder] Starting agent query stream...
2026-08-15 00:39:23 [DEBUG] coder_eval.agents.claude_code_agent: [coder] session_id changed: None -> 2cbbe11e-cc7a-4a45-9e1d-9b977e49e970
2026-08-15 00:39:23 [DEBUG] coder_eval.agents.claude_code_agent: [coder] Agent query stream ended
2026-08-15 00:39:23 [DEBUG] coder_eval.utils: Resolved @uipath plugin-tools dir=/usr/lib/node_modules/@uipath from `uip` at /usr/lib/node_modules/@uipath/cli/dist/index.js
2026-08-15 00:39:23 [DEBUG] coder_eval.orchestrator: Agent response received (5108 chars)
2026-08-15 00:39:23 [DEBUG] coder_eval.orchestrator: Checking success criteria
2026-08-15 00:39:23 [DEBUG] coder_eval.evaluation.checker: Criterion 'file_exists' score: 1.00
2026-08-15 00:39:23 [DEBUG] coder_eval.criteria.run_command: Running command for criterion 'API workflow uses bpmn:serviceTask with Orchestrator.ExecuteApiWorkflowAsync': python3 $TASK_DIR/check_api_workflow_task.py
2026-08-15 00:39:23 [DEBUG] coder_eval.sandbox: Command 'python3 $TASK_DIR/check_api_workflow_task.py' exited with code 0
2026-08-15 00:39:23 [DEBUG] coder_eval.sandbox: STDOUT:
---
OK: API workflow serviceTask wrapper and package lifecycle are present
---
2026-08-15 00:39:23 [DEBUG] coder_eval.evaluation.checker: Criterion 'run_command' score: 1.00
2026-08-15 00:39:23 [INFO] coder_eval.orchestrator: Success criteria: 2/2 passed, weighted score: 1.000
2026-08-15 00:39:23 [DEBUG] coder_eval.utils: Resolved @uipath plugin-tools dir=/usr/lib/node_modules/@uipath from `uip` at /usr/lib/node_modules/@uipath/cli/dist/index.js
2026-08-15 00:39:23 [INFO] coder_eval.orchestrator: Running post-run command: find . -maxdepth 5 -type d \( -name node_modules -o -name .npm-prefix -o -name .venv \) -prune -exec rm -rf {} +
2026-08-15 00:39:23 [INFO] coder_eval.orchestrator: Sandbox preserved (in-place): /work/output/artifacts/skill-bpmn-api-workflow-task
2026-08-15 00:39:23 [INFO] coder_eval.orchestrator: Task finished: status=SUCCESS duration=231.9s score=1.000 iterations=1


================================================================================
TASK: default/skill-bpmn-author-validate/00
================================================================================

2026-08-15 00:31:16 [DEBUG] coder_eval.utils: Resolved @uipath plugin-tools dir=/usr/lib/node_modules/@uipath from `uip` at /usr/lib/node_modules/@uipath/cli/dist/index.js
2026-08-15 00:31:16 [INFO] coder_eval.orchestrator: API routing: aws_bedrock
2026-08-15 00:31:16 [DEBUG] coder_eval.criteria: Discovered 14 criterion checkers
2026-08-15 00:31:16 [DEBUG] coder_eval.criteria: Validated 14 criterion checkers
2026-08-15 00:31:16 [DEBUG] coder_eval.utils: Resolved @uipath plugin-tools dir=/usr/lib/node_modules/@uipath from `uip` at /usr/lib/node_modules/@uipath/cli/dist/index.js
2026-08-15 00:31:16 [DEBUG] coder_eval.orchestrator: Sending prompt: Load and follow the uipath-maestro-bpmn skill.

Author a local Maestro BPMN project with main file
`...
2026-08-15 00:31:17 [DEBUG] coder_eval.agents.claude_code_agent: [coder] Starting agent query stream...
2026-08-15 00:33:52 [DEBUG] coder_eval.agents.claude_code_agent: [coder] session_id changed: None -> e83c872d-5784-415a-8198-07ce4f65fad6
2026-08-15 00:33:52 [DEBUG] coder_eval.agents.claude_code_agent: [coder] Agent query stream ended
2026-08-15 00:33:52 [DEBUG] coder_eval.utils: Resolved @uipath plugin-tools dir=/usr/lib/node_modules/@uipath from `uip` at /usr/lib/node_modules/@uipath/cli/dist/index.js
2026-08-15 00:33:52 [DEBUG] coder_eval.orchestrator: Agent response received (3801 chars)
2026-08-15 00:33:52 [DEBUG] coder_eval.orchestrator: Checking success criteria
2026-08-15 00:33:52 [DEBUG] coder_eval.evaluation.checker: Criterion 'command_executed' score: 1.00
2026-08-15 00:33:52 [DEBUG] coder_eval.evaluation.checker: Criterion 'file_exists' score: 1.00
2026-08-15 00:33:52 [DEBUG] coder_eval.evaluation.checker: Criterion 'file_contains' score: 1.00
2026-08-15 00:33:52 [DEBUG] coder_eval.criteria.run_command: Running command for criterion 'Authored BPMN is well-formed, structurally sound, and fully shaped': python3 $TASK_DIR/check_author_validate.py
2026-08-15 00:33:52 [DEBUG] coder_eval.sandbox: Command 'python3 $TASK_DIR/check_author_validate.py' exited with code 0
2026-08-15 00:33:52 [DEBUG] coder_eval.sandbox: STDOUT:
---
OK: InvoiceApproval/InvoiceApproval.bpmn is well-formed, fully shaped, and gateway-routed
---
2026-08-15 00:33:52 [DEBUG] coder_eval.evaluation.checker: Criterion 'run_command' score: 1.00
2026-08-15 00:33:52 [INFO] coder_eval.orchestrator: Success criteria: 4/4 passed, weighted score: 1.000
2026-08-15 00:33:52 [DEBUG] coder_eval.utils: Resolved @uipath plugin-tools dir=/usr/lib/node_modules/@uipath from `uip` at /usr/lib/node_modules/@uipath/cli/dist/index.js
2026-08-15 00:33:52 [INFO] coder_eval.orchestrator: Running post-run command: find . -maxdepth 5 -type d \( -name node_modules -o -name .npm-prefix -o -name .venv \) -prune -exec rm -rf {} +
2026-08-15 00:33:52 [INFO] coder_eval.orchestrator: Sandbox preserved (in-place): /work/output/artifacts/skill-bpmn-author-validate
2026-08-15 00:33:52 [INFO] coder_eval.orchestrator: Task finished: status=SUCCESS duration=168.1s score=1.000 iterations=1


================================================================================
TASK: default/skill-bpmn-business-rule-task/00
================================================================================

2026-08-15 00:35:30 [DEBUG] coder_eval.utils: Resolved @uipath plugin-tools dir=/usr/lib/node_modules/@uipath from `uip` at /usr/lib/node_modules/@uipath/cli/dist/index.js
2026-08-15 00:35:30 [INFO] coder_eval.orchestrator: API routing: aws_bedrock
2026-08-15 00:35:30 [DEBUG] coder_eval.criteria: Discovered 14 criterion checkers
2026-08-15 00:35:30 [DEBUG] coder_eval.criteria: Validated 14 criterion checkers
2026-08-15 00:35:30 [DEBUG] coder_eval.utils: Resolved @uipath plugin-tools dir=/usr/lib/node_modules/@uipath from `uip` at /usr/lib/node_modules/@uipath/cli/dist/index.js
2026-08-15 00:35:31 [DEBUG] coder_eval.orchestrator: Sending prompt: Create a UiPath Maestro BPMN Process Orchestration project at:
  BusinessRuleDecision/BusinessRuleDe...
2026-08-15 00:35:31 [DEBUG] coder_eval.agents.claude_code_agent: [coder] Starting agent query stream...
2026-08-15 00:38:07 [DEBUG] coder_eval.agents.claude_code_agent: [coder] session_id changed: None -> b591b00f-cda5-405a-b260-c5471c68dad8
2026-08-15 00:38:07 [DEBUG] coder_eval.agents.claude_code_agent: [coder] Agent query stream ended
2026-08-15 00:38:07 [DEBUG] coder_eval.utils: Resolved @uipath plugin-tools dir=/usr/lib/node_modules/@uipath from `uip` at /usr/lib/node_modules/@uipath/cli/dist/index.js
2026-08-15 00:38:07 [DEBUG] coder_eval.orchestrator: Agent response received (4971 chars)
2026-08-15 00:38:07 [DEBUG] coder_eval.orchestrator: Checking success criteria
2026-08-15 00:38:07 [DEBUG] coder_eval.evaluation.checker: Criterion 'file_exists' score: 1.00
2026-08-15 00:38:07 [DEBUG] coder_eval.criteria.run_command: Running command for criterion 'Business rule task uses bpmn:businessRuleTask with Orchestrator.BusinessRules': python3 $TASK_DIR/check_business_rule_task.py
2026-08-15 00:38:08 [DEBUG] coder_eval.sandbox: Command 'python3 $TASK_DIR/check_business_rule_task.py' exited with code 0
2026-08-15 00:38:08 [DEBUG] coder_eval.sandbox: STDOUT:
---
OK: businessRuleTask wrapper and package lifecycle are present
---
2026-08-15 00:38:08 [DEBUG] coder_eval.evaluation.checker: Criterion 'run_command' score: 1.00
2026-08-15 00:38:08 [INFO] coder_eval.orchestrator: Success criteria: 2/2 passed, weighted score: 1.000
2026-08-15 00:38:08 [DEBUG] coder_eval.utils: Resolved @uipath plugin-tools dir=/usr/lib/node_modules/@uipath from `uip` at /usr/lib/node_modules/@uipath/cli/dist/index.js
2026-08-15 00:38:08 [INFO] coder_eval.orchestrator: Running post-run command: find . -maxdepth 5 -type d \( -name node_modules -o -name .npm-prefix -o -name .venv \) -prune -exec rm -rf {} +
2026-08-15 00:38:08 [INFO] coder_eval.orchestrator: Sandbox preserved (in-place): /work/output/artifacts/skill-bpmn-business-rule-task
2026-08-15 00:38:08 [INFO] coder_eval.orchestrator: Task finished: status=SUCCESS duration=161.0s score=1.000 iterations=1


================================================================================
TASK: default/skill-bpmn-calculator/00
================================================================================

2026-08-15 00:31:11 [DEBUG] coder_eval.utils: Resolved @uipath plugin-tools dir=/usr/lib/node_modules/@uipath from `uip` at /usr/lib/node_modules/@uipath/cli/dist/index.js
2026-08-15 00:31:11 [INFO] coder_eval.orchestrator: API routing: aws_bedrock
2026-08-15 00:31:11 [DEBUG] coder_eval.criteria: Discovered 14 criterion checkers
2026-08-15 00:31:11 [DEBUG] coder_eval.criteria: Validated 14 criterion checkers
2026-08-15 00:31:11 [DEBUG] coder_eval.utils: Resolved @uipath plugin-tools dir=/usr/lib/node_modules/@uipath from `uip` at /usr/lib/node_modules/@uipath/cli/dist/index.js
2026-08-15 00:31:12 [DEBUG] coder_eval.orchestrator: Sending prompt: Load and follow the uipath-maestro-bpmn skill.

Author a local Maestro BPMN project named "Calculato...
2026-08-15 00:31:12 [DEBUG] coder_eval.agents.claude_code_agent: [coder] Starting agent query stream...
2026-08-15 00:36:49 [DEBUG] coder_eval.agents.claude_code_agent: [coder] session_id changed: None -> 6fa73ac1-cdf5-4ba4-b554-406f3c1e96a5
2026-08-15 00:36:50 [DEBUG] coder_eval.agents.claude_code_agent: [coder] Agent query stream ended
2026-08-15 00:36:50 [DEBUG] coder_eval.utils: Resolved @uipath plugin-tools dir=/usr/lib/node_modules/@uipath from `uip` at /usr/lib/node_modules/@uipath/cli/dist/index.js
2026-08-15 00:36:50 [DEBUG] coder_eval.orchestrator: Agent response received (5270 chars)
2026-08-15 00:36:50 [DEBUG] coder_eval.orchestrator: Checking success criteria
2026-08-15 00:36:50 [DEBUG] coder_eval.evaluation.checker: Criterion 'file_exists' score: 1.00
2026-08-15 00:36:50 [DEBUG] coder_eval.evaluation.checker: Criterion 'file_contains' score: 1.00
2026-08-15 00:36:50 [DEBUG] coder_eval.criteria.run_command: Running command for criterion 'BPMN has multi-way exclusive-gateway routing, one script task per branch, and valid DI': python3 $TASK_DIR/check_calculator.py
2026-08-15 00:36:50 [DEBUG] coder_eval.sandbox: Command 'python3 $TASK_DIR/check_calculator.py' exited with code 0
2026-08-15 00:36:50 [DEBUG] coder_eval.sandbox: STDOUT:
---
OK: CalculatorBpmn/CalculatorBpmn.bpmn routes an operator through a multi-way exclusive gateway with per-branch script tasks
---
2026-08-15 00:36:50 [DEBUG] coder_eval.evaluation.checker: Criterion 'run_command' score: 1.00
2026-08-15 00:36:50 [INFO] coder_eval.orchestrator: Success criteria: 3/3 passed, weighted score: 1.000
2026-08-15 00:36:50 [DEBUG] coder_eval.utils: Resolved @uipath plugin-tools dir=/usr/lib/node_modules/@uipath from `uip` at /usr/lib/node_modules/@uipath/cli/dist/index.js
2026-08-15 00:36:50 [INFO] coder_eval.orchestrator: Running post-run command: find . -maxdepth 5 -type d \( -name node_modules -o -name .npm-prefix -o -name .venv \) -prune -exec rm -rf {} +
2026-08-15 00:36:50 [INFO] coder_eval.orchestrator: Sandbox preserved (in-place): /work/output/artifacts/skill-bpmn-calculator
2026-08-15 00:36:50 [INFO] coder_eval.orchestrator: Task finished: status=SUCCESS duration=349.2s score=1.000 iterations=1


================================================================================
TASK: default/skill-bpmn-callactivity-agentic-process/00
================================================================================

2026-08-15 00:32:39 [DEBUG] coder_eval.utils: Resolved @uipath plugin-tools dir=/usr/lib/node_modules/@uipath from `uip` at /usr/lib/node_modules/@uipath/cli/dist/index.js
2026-08-15 00:32:39 [INFO] coder_eval.orchestrator: API routing: aws_bedrock
2026-08-15 00:32:39 [DEBUG] coder_eval.criteria: Discovered 14 criterion checkers
2026-08-15 00:32:39 [DEBUG] coder_eval.criteria: Validated 14 criterion checkers
2026-08-15 00:32:39 [DEBUG] coder_eval.utils: Resolved @uipath plugin-tools dir=/usr/lib/node_modules/@uipath from `uip` at /usr/lib/node_modules/@uipath/cli/dist/index.js
2026-08-15 00:32:39 [DEBUG] coder_eval.orchestrator: Sending prompt: Load and follow the uipath-maestro-bpmn skill.

Author a local Maestro BPMN project named "CallActiv...
2026-08-15 00:32:40 [DEBUG] coder_eval.agents.claude_code_agent: [coder] Starting agent query stream...
2026-08-15 00:35:34 [DEBUG] coder_eval.agents.claude_code_agent: [coder] session_id changed: None -> f4f50ce1-5af5-42d7-9fa2-2bc4aec04d39
2026-08-15 00:35:35 [DEBUG] coder_eval.agents.claude_code_agent: [coder] Agent query stream ended
2026-08-15 00:35:35 [DEBUG] coder_eval.utils: Resolved @uipath plugin-tools dir=/usr/lib/node_modules/@uipath from `uip` at /usr/lib/node_modules/@uipath/cli/dist/index.js
2026-08-15 00:35:35 [DEBUG] coder_eval.orchestrator: Agent response received (5029 chars)
2026-08-15 00:35:35 [DEBUG] coder_eval.orchestrator: Checking success criteria
2026-08-15 00:35:35 [DEBUG] coder_eval.evaluation.checker: Criterion 'file_exists' score: 1.00
2026-08-15 00:35:35 [DEBUG] coder_eval.evaluation.checker: Criterion 'command_executed' score: 1.00
2026-08-15 00:35:35 [DEBUG] coder_eval.criteria.run_command: Running command for criterion 'StartAgenticProcess hosted on a bpmn:callActivity (not a serviceTask) and the graph is sound': python3 $TASK_DIR/check_callactivity_agentic.py
2026-08-15 00:35:35 [DEBUG] coder_eval.sandbox: Command 'python3 $TASK_DIR/check_callactivity_agentic.py' exited with code 0
2026-08-15 00:35:35 [DEBUG] coder_eval.sandbox: STDOUT:
---
OK: CallActivityAgenticBpmn/CallActivityAgenticBpmn.bpmn hosts Orchestrator.StartAgenticProcess on a bpmn:callActivity
---
2026-08-15 00:35:35 [DEBUG] coder_eval.evaluation.checker: Criterion 'run_command' score: 1.00
2026-08-15 00:35:35 [INFO] coder_eval.orchestrator: Success criteria: 3/3 passed, weighted score: 1.000
2026-08-15 00:35:35 [DEBUG] coder_eval.utils: Resolved @uipath plugin-tools dir=/usr/lib/node_modules/@uipath from `uip` at /usr/lib/node_modules/@uipath/cli/dist/index.js
2026-08-15 00:35:35 [INFO] coder_eval.orchestrator: Running post-run command: find . -maxdepth 5 -type d \( -name node_modules -o -name .npm-prefix -o -name .venv \) -prune -exec rm -rf {} +
2026-08-15 00:35:35 [INFO] coder_eval.orchestrator: Sandbox preserved (in-place): /work/output/artifacts/skill-bpmn-callactivity-agentic-process
2026-08-15 00:35:35 [INFO] coder_eval.orchestrator: Task finished: status=SUCCESS duration=181.6s score=1.000 iterations=1


================================================================================
TASK: default/skill-bpmn-contract-variant-wrappers/00
================================================================================

2026-08-15 00:31:13 [DEBUG] coder_eval.utils: Resolved @uipath plugin-tools dir=/usr/lib/node_modules/@uipath from `uip` at /usr/lib/node_modules/@uipath/cli/dist/index.js
2026-08-15 00:31:13 [INFO] coder_eval.orchestrator: API routing: aws_bedrock
2026-08-15 00:31:13 [DEBUG] coder_eval.criteria: Discovered 14 criterion checkers
2026-08-15 00:31:13 [DEBUG] coder_eval.criteria: Validated 14 criterion checkers
2026-08-15 00:31:13 [DEBUG] coder_eval.utils: Resolved @uipath plugin-tools dir=/usr/lib/node_modules/@uipath from `uip` at /usr/lib/node_modules/@uipath/cli/dist/index.js
2026-08-15 00:31:14 [DEBUG] coder_eval.orchestrator: Sending prompt: Create a local BPMN project named "ContractVariantsBpmn".
Use synthetic placeholder resource names o...
2026-08-15 00:31:14 [DEBUG] coder_eval.agents.claude_code_agent: [coder] Starting agent query stream...
2026-08-15 00:59:42 [DEBUG] coder_eval.agents.claude_code_agent: [coder] is_error ResultMessage; not advancing session_id (kept None)
2026-08-15 00:59:42 [DEBUG] coder_eval.agents.claude_code_agent: [coder] Generic Exception is error_max_turns; treating as clean turn
2026-08-15 00:59:42 [WARNING] coder_eval.agents.claude_code_agent: [coder] Agent exhausted max_turns (90); turn ended without completing
2026-08-15 00:59:42 [DEBUG] coder_eval.utils: Resolved @uipath plugin-tools dir=/usr/lib/node_modules/@uipath from `uip` at /usr/lib/node_modules/@uipath/cli/dist/index.js
2026-08-15 00:59:42 [DEBUG] coder_eval.orchestrator: Agent response received (23770 chars)
2026-08-15 00:59:42 [DEBUG] coder_eval.orchestrator: Checking success criteria
2026-08-15 00:59:42 [DEBUG] coder_eval.criteria.run_command: Running command for criterion 'Contract variant wrappers use the documented BPMN element types': python3 $TASK_DIR/check_contract_variant_wrappers.py
2026-08-15 00:59:42 [DEBUG] coder_eval.sandbox: Command 'python3 $TASK_DIR/check_contract_variant_wrappers.py' exited with code 0
2026-08-15 00:59:42 [DEBUG] coder_eval.sandbox: STDOUT:
---
OK: ContractVariantsBpmn/ContractVariantsBpmn.bpmn contains public-safe Maestro BPMN XML contract variants
---
2026-08-15 00:59:42 [DEBUG] coder_eval.evaluation.checker: Criterion 'run_command' score: 1.00
2026-08-15 00:59:42 [INFO] coder_eval.orchestrator: Success criteria: 1/1 passed, weighted score: 1.000
2026-08-15 00:59:42 [WARNING] coder_eval.orchestrator: Agent exhausted max_turns (90) without passing criteria.
2026-08-15 00:59:42 [WARNING] coder_eval.orchestrator: Visible turns (104) exceeded expected_turns (20) at iteration 1 for task skill-bpmn-contract-variant-wrappers. Run continues — max_turns remains the hard cap.
2026-08-15 00:59:42 [DEBUG] coder_eval.utils: Resolved @uipath plugin-tools dir=/usr/lib/node_modules/@uipath from `uip` at /usr/lib/node_modules/@uipath/cli/dist/index.js
2026-08-15 00:59:42 [INFO] coder_eval.orchestrator: Running post-run command: find . -maxdepth 5 -type d \( -name node_modules -o -name .npm-prefix -o -name .venv \) -prune -exec rm -rf {} +
2026-08-15 00:59:42 [INFO] coder_eval.orchestrator: Sandbox preserved (in-place): /work/output/artifacts/skill-bpmn-contract-variant-wrappers
2026-08-15 00:59:42 [INFO] coder_eval.orchestrator: Task finished: status=SUCCESS duration=1718.6s score=1.000 iterations=1


================================================================================
TASK: default/skill-bpmn-debug-instance-inspect/00
================================================================================

2026-08-15 00:31:12 [DEBUG] coder_eval.utils: Resolved @uipath plugin-tools dir=/usr/lib/node_modules/@uipath from `uip` at /usr/lib/node_modules/@uipath/cli/dist/index.js
2026-08-15 00:31:12 [INFO] coder_eval.orchestrator: API routing: aws_bedrock
2026-08-15 00:31:12 [DEBUG] coder_eval.criteria: Discovered 14 criterion checkers
2026-08-15 00:31:12 [DEBUG] coder_eval.criteria: Validated 14 criterion checkers
2026-08-15 00:31:12 [DEBUG] coder_eval.utils: Resolved @uipath plugin-tools dir=/usr/lib/node_modules/@uipath from `uip` at /usr/lib/node_modules/@uipath/cli/dist/index.js
2026-08-15 00:31:13 [DEBUG] coder_eval.orchestrator: Sending prompt: A Maestro BPMN debug session faulted. You have only the debug-session
identifier:
- debug instance i...
2026-08-15 00:31:13 [DEBUG] coder_eval.agents.claude_code_agent: [coder] Starting agent query stream...
2026-08-15 00:32:20 [DEBUG] coder_eval.agents.claude_code_agent: [coder] session_id changed: None -> 0ef4ba60-93f1-410c-88e0-ad0ae3b1d2fb
2026-08-15 00:32:20 [DEBUG] coder_eval.agents.claude_code_agent: [coder] Agent query stream ended
2026-08-15 00:32:20 [DEBUG] coder_eval.utils: `uip` at /work/output/artifacts/skill-bpmn-debug-instance-inspect/mocks/uip is not inside a recognizable node_modules/@uipath tree
2026-08-15 00:32:20 [DEBUG] coder_eval.orchestrator: Agent response received (2302 chars)
2026-08-15 00:32:20 [DEBUG] coder_eval.orchestrator: Checking success criteria
2026-08-15 00:32:20 [DEBUG] coder_eval.evaluation.checker: Criterion 'command_executed' score: 1.00
2026-08-15 00:32:20 [DEBUG] coder_eval.evaluation.checker: Criterion 'command_executed' score: 1.00
2026-08-15 00:32:20 [DEBUG] coder_eval.evaluation.checker: Criterion 'command_executed' score: 1.00
2026-08-15 00:32:20 [DEBUG] coder_eval.evaluation.checker: Criterion 'file_contains' score: 1.00
2026-08-15 00:32:20 [DEBUG] coder_eval.evaluation.checker: Criterion 'command_executed' score: 0.00
2026-08-15 00:32:20 [INFO] coder_eval.evaluation.checker: Criterion 'command_executed' FAILED (score=0.00, threshold=1.00): Matched 1 matches (allowed range 0..0) commands (filters: tool_name=Bash, pattern=/(cat|less|head|tail|grep)\s+[\s\S]*mocks/responses/)
2026-08-15 00:32:20 [INFO] coder_eval.orchestrator: Success criteria: 4/5 passed, weighted score: 0.900
2026-08-15 00:32:20 [DEBUG] coder_eval.utils: `uip` at /work/output/artifacts/skill-bpmn-debug-instance-inspect/mocks/uip is not inside a recognizable node_modules/@uipath tree
2026-08-15 00:32:20 [INFO] coder_eval.orchestrator: Running post-run command: find . -maxdepth 5 -type d \( -name node_modules -o -name .npm-prefix -o -name .venv \) -prune -exec rm -rf {} +
2026-08-15 00:32:20 [INFO] coder_eval.orchestrator: Sandbox preserved (in-place): /work/output/artifacts/skill-bpmn-debug-instance-inspect
2026-08-15 00:32:20 [INFO] coder_eval.orchestrator: Task finished: status=FAILURE duration=77.2s score=0.900 iterations=1


================================================================================
TASK: default/skill-bpmn-debug-not-validation/00
================================================================================

2026-08-15 00:31:10 [DEBUG] coder_eval.utils: Resolved @uipath plugin-tools dir=/usr/lib/node_modules/@uipath from `uip` at /usr/lib/node_modules/@uipath/cli/dist/index.js
2026-08-15 00:31:10 [INFO] coder_eval.orchestrator: API routing: aws_bedrock
2026-08-15 00:31:10 [DEBUG] coder_eval.criteria: Discovered 14 criterion checkers
2026-08-15 00:31:10 [DEBUG] coder_eval.criteria: Validated 14 criterion checkers
2026-08-15 00:31:10 [DEBUG] coder_eval.utils: Resolved @uipath plugin-tools dir=/usr/lib/node_modules/@uipath from `uip` at /usr/lib/node_modules/@uipath/cli/dist/index.js
2026-08-15 00:31:11 [DEBUG] coder_eval.orchestrator: Sending prompt: Load and follow the uipath-maestro-bpmn skill.

Author a single Maestro BPMN file `PriorityRouting.b...
2026-08-15 00:31:11 [DEBUG] coder_eval.agents.claude_code_agent: [coder] Starting agent query stream...
2026-08-15 00:32:23 [DEBUG] coder_eval.agents.claude_code_agent: [coder] session_id changed: None -> 65ca7da1-ba18-435f-b99d-4de5146a2dbb
2026-08-15 00:32:23 [DEBUG] coder_eval.agents.claude_code_agent: [coder] Agent query stream ended
2026-08-15 00:32:23 [DEBUG] coder_eval.utils: Resolved @uipath plugin-tools dir=/usr/lib/node_modules/@uipath from `uip` at /usr/lib/node_modules/@uipath/cli/dist/index.js
2026-08-15 00:32:23 [DEBUG] coder_eval.orchestrator: Agent response received (2185 chars)
2026-08-15 00:32:23 [DEBUG] coder_eval.orchestrator: Checking success criteria
2026-08-15 00:32:23 [DEBUG] coder_eval.evaluation.checker: Criterion 'file_exists' score: 1.00
2026-08-15 00:32:23 [DEBUG] coder_eval.evaluation.checker: Criterion 'command_executed' score: 1.00
2026-08-15 00:32:23 [DEBUG] coder_eval.evaluation.checker: Criterion 'command_executed' score: 1.00
2026-08-15 00:32:23 [DEBUG] coder_eval.criteria.run_command: Running command for criterion 'Authored BPMN is well-formed, fully shaped, and gateway-routed': python3 $TASK_DIR/check_debug_not_validation.py
2026-08-15 00:32:24 [DEBUG] coder_eval.sandbox: Command 'python3 $TASK_DIR/check_debug_not_validation.py' exited with code 0
2026-08-15 00:32:24 [DEBUG] coder_eval.sandbox: STDOUT:
---
OK: PriorityRouting.bpmn is well-formed, fully shaped, and gateway-routed
---
2026-08-15 00:32:24 [DEBUG] coder_eval.evaluation.checker: Criterion 'run_command' score: 1.00
2026-08-15 00:32:24 [INFO] coder_eval.orchestrator: Success criteria: 4/4 passed, weighted score: 1.000
2026-08-15 00:32:24 [DEBUG] coder_eval.utils: Resolved @uipath plugin-tools dir=/usr/lib/node_modules/@uipath from `uip` at /usr/lib/node_modules/@uipath/cli/dist/index.js
2026-08-15 00:32:24 [INFO] coder_eval.orchestrator: Running post-run command: find . -maxdepth 5 -type d \( -name node_modules -o -name .npm-prefix -o -name .venv \) -prune -exec rm -rf {} +
2026-08-15 00:32:24 [INFO] coder_eval.orchestrator: Sandbox preserved (in-place): /work/output/artifacts/skill-bpmn-debug-not-validation
2026-08-15 00:32:24 [INFO] coder_eval.orchestrator: Task finished: status=SUCCESS duration=83.6s score=1.000 iterations=1


================================================================================
TASK: default/skill-bpmn-debug-workflow-mocked/00
================================================================================

2026-08-15 00:31:12 [DEBUG] coder_eval.utils: Resolved @uipath plugin-tools dir=/usr/lib/node_modules/@uipath from `uip` at /usr/lib/node_modules/@uipath/cli/dist/index.js
2026-08-15 00:31:12 [INFO] coder_eval.orchestrator: API routing: aws_bedrock
2026-08-15 00:31:12 [DEBUG] coder_eval.criteria: Discovered 14 criterion checkers
2026-08-15 00:31:12 [DEBUG] coder_eval.criteria: Validated 14 criterion checkers
2026-08-15 00:31:12 [DEBUG] coder_eval.utils: Resolved @uipath plugin-tools dir=/usr/lib/node_modules/@uipath from `uip` at /usr/lib/node_modules/@uipath/cli/dist/index.js
2026-08-15 00:31:13 [DEBUG] coder_eval.orchestrator: Sending prompt: A local Maestro BPMN project already exists at `./OrderApproval`. Debug it
and report what the run p...
2026-08-15 00:31:13 [DEBUG] coder_eval.agents.claude_code_agent: [coder] Starting agent query stream...
2026-08-15 00:31:52 [DEBUG] coder_eval.agents.claude_code_agent: [coder] session_id changed: None -> 8aadf9d6-40c8-4c3d-911a-ae9b2fb9ceb4
2026-08-15 00:31:52 [DEBUG] coder_eval.agents.claude_code_agent: [coder] Agent query stream ended
2026-08-15 00:31:52 [DEBUG] coder_eval.utils: `uip` at /work/output/artifacts/skill-bpmn-debug-workflow-mocked/mocks/uip is not inside a recognizable node_modules/@uipath tree
2026-08-15 00:31:52 [DEBUG] coder_eval.orchestrator: Agent response received (2709 chars)
2026-08-15 00:31:52 [DEBUG] coder_eval.orchestrator: Checking success criteria
2026-08-15 00:31:52 [DEBUG] coder_eval.evaluation.checker: Criterion 'command_executed' score: 1.00
2026-08-15 00:31:52 [DEBUG] coder_eval.evaluation.checker: Criterion 'command_executed' score: 1.00
2026-08-15 00:31:52 [DEBUG] coder_eval.evaluation.checker: Criterion 'file_contains' score: 1.00
2026-08-15 00:31:52 [DEBUG] coder_eval.evaluation.checker: Criterion 'command_executed' score: 1.00
2026-08-15 00:31:52 [INFO] coder_eval.orchestrator: Success criteria: 4/4 passed, weighted score: 1.000
2026-08-15 00:31:52 [DEBUG] coder_eval.utils: `uip` at /work/output/artifacts/skill-bpmn-debug-workflow-mocked/mocks/uip is not inside a recognizable node_modules/@uipath tree
2026-08-15 00:31:53 [INFO] coder_eval.orchestrator: Running post-run command: find . -maxdepth 5 -type d \( -name node_modules -o -name .npm-prefix -o -name .venv \) -prune -exec rm -rf {} +
2026-08-15 00:31:53 [INFO] coder_eval.orchestrator: Sandbox preserved (in-place): /work/output/artifacts/skill-bpmn-debug-workflow-mocked
2026-08-15 00:31:53 [INFO] coder_eval.orchestrator: Task finished: status=SUCCESS duration=50.6s score=1.000 iterations=1


================================================================================
TASK: default/skill-bpmn-diagnose-deployed-drift/00
================================================================================

2026-08-15 00:32:42 [DEBUG] coder_eval.utils: Resolved @uipath plugin-tools dir=/usr/lib/node_modules/@uipath from `uip` at /usr/lib/node_modules/@uipath/cli/dist/index.js
2026-08-15 00:32:42 [INFO] coder_eval.orchestrator: API routing: aws_bedrock
2026-08-15 00:32:43 [DEBUG] coder_eval.criteria: Discovered 14 criterion checkers
2026-08-15 00:32:43 [DEBUG] coder_eval.criteria: Validated 14 criterion checkers
2026-08-15 00:32:43 [DEBUG] coder_eval.utils: Resolved @uipath plugin-tools dir=/usr/lib/node_modules/@uipath from `uip` at /usr/lib/node_modules/@uipath/cli/dist/index.js
2026-08-15 00:32:43 [DEBUG] coder_eval.orchestrator: Sending prompt: A UiPath Maestro BPMN instance behaved differently from the local source. The
local file `OrderRouti...
2026-08-15 00:32:43 [DEBUG] coder_eval.agents.claude_code_agent: [coder] Starting agent query stream...
2026-08-15 00:34:00 [DEBUG] coder_eval.agents.claude_code_agent: [coder] session_id changed: None -> ca379fa9-ea10-421f-a591-f8e478c77c7e
2026-08-15 00:34:00 [DEBUG] coder_eval.agents.claude_code_agent: [coder] Agent query stream ended
2026-08-15 00:34:00 [DEBUG] coder_eval.utils: `uip` at /work/output/artifacts/skill-bpmn-diagnose-deployed-drift/mocks/uip is not inside a recognizable node_modules/@uipath tree
2026-08-15 00:34:00 [DEBUG] coder_eval.orchestrator: Agent response received (1691 chars)
2026-08-15 00:34:00 [DEBUG] coder_eval.orchestrator: Checking success criteria
2026-08-15 00:34:00 [DEBUG] coder_eval.evaluation.checker: Criterion 'command_executed' score: 1.00
2026-08-15 00:34:00 [DEBUG] coder_eval.evaluation.checker: Criterion 'file_contains' score: 1.00
2026-08-15 00:34:00 [INFO] coder_eval.orchestrator: Success criteria: 2/2 passed, weighted score: 1.000
2026-08-15 00:34:00 [DEBUG] coder_eval.utils: `uip` at /work/output/artifacts/skill-bpmn-diagnose-deployed-drift/mocks/uip is not inside a recognizable node_modules/@uipath tree
2026-08-15 00:34:01 [INFO] coder_eval.orchestrator: Running post-run command: find . -maxdepth 5 -type d \( -name node_modules -o -name .npm-prefix -o -name .venv \) -prune -exec rm -rf {} +
2026-08-15 00:34:01 [INFO] coder_eval.orchestrator: Sandbox preserved (in-place): /work/output/artifacts/skill-bpmn-diagnose-deployed-drift
2026-08-15 00:34:01 [INFO] coder_eval.orchestrator: Task finished: status=SUCCESS duration=84.8s score=1.000 iterations=1


================================================================================
TASK: default/skill-bpmn-diagnose-incident-root-cause/00
================================================================================

2026-08-15 00:31:05 [DEBUG] coder_eval.utils: Resolved @uipath plugin-tools dir=/usr/lib/node_modules/@uipath from `uip` at /usr/lib/node_modules/@uipath/cli/dist/index.js
2026-08-15 00:31:05 [INFO] coder_eval.orchestrator: API routing: aws_bedrock
2026-08-15 00:31:05 [DEBUG] coder_eval.criteria: Discovered 14 criterion checkers
2026-08-15 00:31:05 [DEBUG] coder_eval.criteria: Validated 14 criterion checkers
2026-08-15 00:31:05 [DEBUG] coder_eval.utils: Resolved @uipath plugin-tools dir=/usr/lib/node_modules/@uipath from `uip` at /usr/lib/node_modules/@uipath/cli/dist/index.js
2026-08-15 00:31:06 [DEBUG] coder_eval.orchestrator: Sending prompt: A UiPath Maestro BPMN instance failed with more than one incident. Diagnose it
using the mocked `uip...
2026-08-15 00:31:06 [DEBUG] coder_eval.agents.claude_code_agent: [coder] Starting agent query stream...
2026-08-15 00:32:07 [DEBUG] coder_eval.agents.claude_code_agent: [coder] session_id changed: None -> e1b1ed25-29b6-4479-8e17-6a3db4a59712
2026-08-15 00:32:08 [DEBUG] coder_eval.agents.claude_code_agent: [coder] Agent query stream ended
2026-08-15 00:32:08 [DEBUG] coder_eval.utils: `uip` at /work/output/artifacts/skill-bpmn-diagnose-incident-root-cause/mocks/uip is not inside a recognizable node_modules/@uipath tree
2026-08-15 00:32:08 [DEBUG] coder_eval.orchestrator: Agent response received (3216 chars)
2026-08-15 00:32:08 [DEBUG] coder_eval.orchestrator: Checking success criteria
2026-08-15 00:32:08 [DEBUG] coder_eval.evaluation.checker: Criterion 'command_executed' score: 1.00
2026-08-15 00:32:08 [DEBUG] coder_eval.evaluation.checker: Criterion 'command_executed' score: 1.00
2026-08-15 00:32:08 [DEBUG] coder_eval.evaluation.checker: Criterion 'command_executed' score: 1.00
2026-08-15 00:32:08 [DEBUG] coder_eval.evaluation.checker: Criterion 'file_contains' score: 1.00
2026-08-15 00:32:08 [INFO] coder_eval.orchestrator: Success criteria: 4/4 passed, weighted score: 1.000
2026-08-15 00:32:08 [DEBUG] coder_eval.utils: `uip` at /work/output/artifacts/skill-bpmn-diagnose-incident-root-cause/mocks/uip is not inside a recognizable node_modules/@uipath tree
2026-08-15 00:32:09 [INFO] coder_eval.orchestrator: Running post-run command: find . -maxdepth 5 -type d \( -name node_modules -o -name .npm-prefix -o -name .venv \) -prune -exec rm -rf {} +
2026-08-15 00:32:09 [INFO] coder_eval.orchestrator: Sandbox preserved (in-place): /work/output/artifacts/skill-bpmn-diagnose-incident-root-cause
2026-08-15 00:32:09 [INFO] coder_eval.orchestrator: Task finished: status=SUCCESS duration=73.0s score=1.000 iterations=1


================================================================================
TASK: default/skill-bpmn-diagnose-job-traces/00
================================================================================

2026-08-15 00:31:06 [DEBUG] coder_eval.utils: Resolved @uipath plugin-tools dir=/usr/lib/node_modules/@uipath from `uip` at /usr/lib/node_modules/@uipath/cli/dist/index.js
2026-08-15 00:31:06 [INFO] coder_eval.orchestrator: API routing: aws_bedrock
2026-08-15 00:31:06 [DEBUG] coder_eval.criteria: Discovered 14 criterion checkers
2026-08-15 00:31:06 [DEBUG] coder_eval.criteria: Validated 14 criterion checkers
2026-08-15 00:31:06 [DEBUG] coder_eval.utils: Resolved @uipath plugin-tools dir=/usr/lib/node_modules/@uipath from `uip` at /usr/lib/node_modules/@uipath/cli/dist/index.js
2026-08-15 00:31:07 [DEBUG] coder_eval.orchestrator: Sending prompt: A UiPath Maestro BPMN job faulted, but the job summary lists no faulting
element and no incident was...
2026-08-15 00:31:07 [DEBUG] coder_eval.agents.claude_code_agent: [coder] Starting agent query stream...
2026-08-15 00:32:17 [DEBUG] coder_eval.agents.claude_code_agent: [coder] session_id changed: None -> e1be3808-5580-49ba-8fdb-0b3800ae06d0
2026-08-15 00:32:18 [DEBUG] coder_eval.agents.claude_code_agent: [coder] Agent query stream ended
2026-08-15 00:32:18 [DEBUG] coder_eval.utils: `uip` at /work/output/artifacts/skill-bpmn-diagnose-job-traces/mocks/uip is not inside a recognizable node_modules/@uipath tree
2026-08-15 00:32:18 [DEBUG] coder_eval.orchestrator: Agent response received (3006 chars)
2026-08-15 00:32:18 [DEBUG] coder_eval.orchestrator: Checking success criteria
2026-08-15 00:32:18 [DEBUG] coder_eval.evaluation.checker: Criterion 'command_executed' score: 1.00
2026-08-15 00:32:18 [DEBUG] coder_eval.evaluation.checker: Criterion 'command_executed' score: 1.00
2026-08-15 00:32:18 [DEBUG] coder_eval.evaluation.checker: Criterion 'file_contains' score: 1.00
2026-08-15 00:32:18 [INFO] coder_eval.orchestrator: Success criteria: 3/3 passed, weighted score: 1.000
2026-08-15 00:32:18 [DEBUG] coder_eval.utils: `uip` at /work/output/artifacts/skill-bpmn-diagnose-job-traces/mocks/uip is not inside a recognizable node_modules/@uipath tree
2026-08-15 00:32:19 [INFO] coder_eval.orchestrator: Running post-run command: find . -maxdepth 5 -type d \( -name node_modules -o -name .npm-prefix -o -name .venv \) -prune -exec rm -rf {} +
2026-08-15 00:32:19 [INFO] coder_eval.orchestrator: Sandbox preserved (in-place): /work/output/artifacts/skill-bpmn-diagnose-job-traces
2026-08-15 00:32:19 [INFO] coder_eval.orchestrator: Task finished: status=SUCCESS duration=83.2s score=1.000 iterations=1


================================================================================
TASK: default/skill-bpmn-diagnose-scoped-variables/00
================================================================================

2026-08-15 00:31:06 [DEBUG] coder_eval.utils: Resolved @uipath plugin-tools dir=/usr/lib/node_modules/@uipath from `uip` at /usr/lib/node_modules/@uipath/cli/dist/index.js
2026-08-15 00:31:06 [INFO] coder_eval.orchestrator: API routing: aws_bedrock
2026-08-15 00:31:06 [DEBUG] coder_eval.criteria: Discovered 14 criterion checkers
2026-08-15 00:31:06 [DEBUG] coder_eval.criteria: Validated 14 criterion checkers
2026-08-15 00:31:06 [DEBUG] coder_eval.utils: Resolved @uipath plugin-tools dir=/usr/lib/node_modules/@uipath from `uip` at /usr/lib/node_modules/@uipath/cli/dist/index.js
2026-08-15 00:31:07 [DEBUG] coder_eval.orchestrator: Sending prompt: A UiPath Maestro BPMN run finished with status Completed, but a stakeholder
reports the tax on the i...
2026-08-15 00:31:07 [DEBUG] coder_eval.agents.claude_code_agent: [coder] Starting agent query stream...
2026-08-15 00:32:17 [DEBUG] coder_eval.agents.claude_code_agent: [coder] session_id changed: None -> 6e3a0b43-c588-4911-8d8d-287e29c6f72b
2026-08-15 00:32:17 [DEBUG] coder_eval.agents.claude_code_agent: [coder] Agent query stream ended
2026-08-15 00:32:17 [DEBUG] coder_eval.utils: `uip` at /work/output/artifacts/skill-bpmn-diagnose-scoped-variables/mocks/uip is not inside a recognizable node_modules/@uipath tree
2026-08-15 00:32:17 [DEBUG] coder_eval.orchestrator: Agent response received (3058 chars)
2026-08-15 00:32:17 [DEBUG] coder_eval.orchestrator: Checking success criteria
2026-08-15 00:32:17 [DEBUG] coder_eval.evaluation.checker: Criterion 'command_executed' score: 1.00
2026-08-15 00:32:17 [DEBUG] coder_eval.evaluation.checker: Criterion 'file_contains' score: 1.00
2026-08-15 00:32:17 [INFO] coder_eval.orchestrator: Success criteria: 2/2 passed, weighted score: 1.000
2026-08-15 00:32:17 [DEBUG] coder_eval.utils: `uip` at /work/output/artifacts/skill-bpmn-diagnose-scoped-variables/mocks/uip is not inside a recognizable node_modules/@uipath tree
2026-08-15 00:32:18 [INFO] coder_eval.orchestrator: Running post-run command: find . -maxdepth 5 -type d \( -name node_modules -o -name .npm-prefix -o -name .venv \) -prune -exec rm -rf {} +
2026-08-15 00:32:18 [INFO] coder_eval.orchestrator: Sandbox preserved (in-place): /work/output/artifacts/skill-bpmn-diagnose-scoped-variables
2026-08-15 00:32:18 [INFO] coder_eval.orchestrator: Task finished: status=SUCCESS duration=80.9s score=1.000 iterations=1


================================================================================
TASK: default/skill-bpmn-diagnose-stuck-gateway/00
================================================================================

2026-08-15 00:31:14 [DEBUG] coder_eval.utils: Resolved @uipath plugin-tools dir=/usr/lib/node_modules/@uipath from `uip` at /usr/lib/node_modules/@uipath/cli/dist/index.js
2026-08-15 00:31:14 [INFO] coder_eval.orchestrator: API routing: aws_bedrock
2026-08-15 00:31:14 [DEBUG] coder_eval.criteria: Discovered 14 criterion checkers
2026-08-15 00:31:14 [DEBUG] coder_eval.criteria: Validated 14 criterion checkers
2026-08-15 00:31:14 [DEBUG] coder_eval.utils: Resolved @uipath plugin-tools dir=/usr/lib/node_modules/@uipath from `uip` at /usr/lib/node_modules/@uipath/cli/dist/index.js
2026-08-15 00:31:15 [DEBUG] coder_eval.orchestrator: Sending prompt: A UiPath Maestro BPMN run is stuck: it never faulted and never completed. It
is parked mid-flow. Dia...
2026-08-15 00:31:16 [DEBUG] coder_eval.agents.claude_code_agent: [coder] Starting agent query stream...
2026-08-15 00:32:29 [DEBUG] coder_eval.agents.claude_code_agent: [coder] session_id changed: None -> 9a24b1ec-ab90-4d97-b452-5a336a498e3e
2026-08-15 00:32:29 [DEBUG] coder_eval.agents.claude_code_agent: [coder] Agent query stream ended
2026-08-15 00:32:29 [DEBUG] coder_eval.utils: `uip` at /work/output/artifacts/skill-bpmn-diagnose-stuck-gateway/mocks/uip is not inside a recognizable node_modules/@uipath tree
2026-08-15 00:32:29 [DEBUG] coder_eval.orchestrator: Agent response received (3154 chars)
2026-08-15 00:32:29 [DEBUG] coder_eval.orchestrator: Checking success criteria
2026-08-15 00:32:29 [DEBUG] coder_eval.evaluation.checker: Criterion 'command_executed' score: 1.00
2026-08-15 00:32:29 [DEBUG] coder_eval.evaluation.checker: Criterion 'command_executed' score: 1.00
2026-08-15 00:32:29 [DEBUG] coder_eval.evaluation.checker: Criterion 'file_contains' score: 1.00
2026-08-15 00:32:29 [INFO] coder_eval.orchestrator: Success criteria: 3/3 passed, weighted score: 1.000
2026-08-15 00:32:29 [DEBUG] coder_eval.utils: `uip` at /work/output/artifacts/skill-bpmn-diagnose-stuck-gateway/mocks/uip is not inside a recognizable node_modules/@uipath tree
2026-08-15 00:32:30 [INFO] coder_eval.orchestrator: Running post-run command: find . -maxdepth 5 -type d \( -name node_modules -o -name .npm-prefix -o -name .venv \) -prune -exec rm -rf {} +
2026-08-15 00:32:30 [INFO] coder_eval.orchestrator: Sandbox preserved (in-place): /work/output/artifacts/skill-bpmn-diagnose-stuck-gateway
2026-08-15 00:32:30 [INFO] coder_eval.orchestrator: Task finished: status=SUCCESS duration=84.3s score=1.000 iterations=1


================================================================================
TASK: default/skill-bpmn-diagnose-validate-fix-loop/00
================================================================================

2026-08-15 00:32:33 [DEBUG] coder_eval.utils: Resolved @uipath plugin-tools dir=/usr/lib/node_modules/@uipath from `uip` at /usr/lib/node_modules/@uipath/cli/dist/index.js
2026-08-15 00:32:33 [INFO] coder_eval.orchestrator: API routing: aws_bedrock
2026-08-15 00:32:33 [DEBUG] coder_eval.criteria: Discovered 14 criterion checkers
2026-08-15 00:32:33 [DEBUG] coder_eval.criteria: Validated 14 criterion checkers
2026-08-15 00:32:33 [DEBUG] coder_eval.utils: Resolved @uipath plugin-tools dir=/usr/lib/node_modules/@uipath from `uip` at /usr/lib/node_modules/@uipath/cli/dist/index.js
2026-08-15 00:32:33 [INFO] coder_eval.orchestrator: Running pre-run command: out=$(uip maestro bpmn validate ExpenseApproval.bpmn --output json 2>&1); if [ $? -eq 0 ]; then echo "CLI reported the seeded-broken fixture as VALID — the installed uip likely predates the BPMN structural rules (needs cli#3135). Update the CLI."; exit 1; fi; if printf '%s' "$out" | grep -q '"Result": "Failure"'; then exit 0; fi; echo "uip maestro bpmn validate did not run as expected (missing command or not cli#3135?). Output: $out"; exit 1

2026-08-15 00:32:38 [DEBUG] coder_eval.orchestrator: Sending prompt: Load and follow the uipath-maestro-bpmn skill.

A Maestro BPMN file `ExpenseApproval.bpmn` is in the...
2026-08-15 00:32:38 [DEBUG] coder_eval.agents.claude_code_agent: [coder] Starting agent query stream...
2026-08-15 00:33:15 [DEBUG] coder_eval.agents.claude_code_agent: [coder] session_id changed: None -> 7ae23a73-93ba-4148-a35a-bb02d5ef965f
2026-08-15 00:33:15 [DEBUG] coder_eval.agents.claude_code_agent: [coder] Agent query stream ended
2026-08-15 00:33:15 [DEBUG] coder_eval.utils: Resolved @uipath plugin-tools dir=/usr/lib/node_modules/@uipath from `uip` at /usr/lib/node_modules/@uipath/cli/dist/index.js
2026-08-15 00:33:15 [DEBUG] coder_eval.orchestrator: Agent response received (1718 chars)
2026-08-15 00:33:15 [DEBUG] coder_eval.orchestrator: Checking success criteria
2026-08-15 00:33:16 [DEBUG] coder_eval.evaluation.checker: Criterion 'file_exists' score: 1.00
2026-08-15 00:33:16 [DEBUG] coder_eval.evaluation.checker: Criterion 'command_executed' score: 1.00
2026-08-15 00:33:16 [DEBUG] coder_eval.evaluation.checker: Criterion 'file_contains' score: 1.00
2026-08-15 00:33:16 [DEBUG] coder_eval.criteria.run_command: Running command for criterion 'uip maestro bpmn validate now reports the BPMN file valid (exit 0)': uip maestro bpmn validate ExpenseApproval.bpmn --output json
2026-08-15 00:33:18 [DEBUG] coder_eval.sandbox: Command 'uip maestro bpmn validate ExpenseApproval.bpmn --output json' exited with code 0
2026-08-15 00:33:18 [DEBUG] coder_eval.sandbox: STDOUT:
---
{
  "Result": "Success",
  "Code": "BpmnValidate",
  "Data": {
    "File": "/work/output/artifacts/skill-bpmn-diagnose-validate-fix-loop/ExpenseApproval.bpmn",
    "Status": "Valid",
    "ProcessCount": 1,
    "StartEventCount": 1,
    "UiPathExtensionCount": 2
  }
}
---
2026-08-15 00:33:18 [DEBUG] coder_eval.evaluation.checker: Criterion 'run_command' score: 1.00
2026-08-15 00:33:18 [INFO] coder_eval.orchestrator: Success criteria: 4/4 passed, weighted score: 1.000
2026-08-15 00:33:18 [DEBUG] coder_eval.utils: Resolved @uipath plugin-tools dir=/usr/lib/node_modules/@uipath from `uip` at /usr/lib/node_modules/@uipath/cli/dist/index.js
2026-08-15 00:33:18 [INFO] coder_eval.orchestrator: Running post-run command: find . -maxdepth 5 -type d \( -name node_modules -o -name .npm-prefix -o -name .venv \) -prune -exec rm -rf {} +
2026-08-15 00:33:18 [INFO] coder_eval.orchestrator: Sandbox preserved (in-place): /work/output/artifacts/skill-bpmn-diagnose-validate-fix-loop
2026-08-15 00:33:18 [INFO] coder_eval.orchestrator: Task finished: status=SUCCESS duration=50.2s score=1.000 iterations=1


================================================================================
TASK: default/skill-bpmn-dice-roller/00
================================================================================

2026-08-15 00:31:11 [DEBUG] coder_eval.utils: Resolved @uipath plugin-tools dir=/usr/lib/node_modules/@uipath from `uip` at /usr/lib/node_modules/@uipath/cli/dist/index.js
2026-08-15 00:31:11 [INFO] coder_eval.orchestrator: API routing: aws_bedrock
2026-08-15 00:31:11 [DEBUG] coder_eval.criteria: Discovered 14 criterion checkers
2026-08-15 00:31:11 [DEBUG] coder_eval.criteria: Validated 14 criterion checkers
2026-08-15 00:31:11 [DEBUG] coder_eval.utils: Resolved @uipath plugin-tools dir=/usr/lib/node_modules/@uipath from `uip` at /usr/lib/node_modules/@uipath/cli/dist/index.js
2026-08-15 00:31:12 [DEBUG] coder_eval.orchestrator: Sending prompt: Load and follow the uipath-maestro-bpmn skill.

Author a local Maestro BPMN project named "DiceRolle...
2026-08-15 00:31:12 [DEBUG] coder_eval.agents.claude_code_agent: [coder] Starting agent query stream...
2026-08-15 00:34:14 [DEBUG] coder_eval.agents.claude_code_agent: [coder] session_id changed: None -> 9a35b754-cf4e-48e9-95c1-160edb11bee6
2026-08-15 00:34:14 [DEBUG] coder_eval.agents.claude_code_agent: [coder] Agent query stream ended
2026-08-15 00:34:14 [DEBUG] coder_eval.utils: Resolved @uipath plugin-tools dir=/usr/lib/node_modules/@uipath from `uip` at /usr/lib/node_modules/@uipath/cli/dist/index.js
2026-08-15 00:34:14 [DEBUG] coder_eval.orchestrator: Agent response received (3442 chars)
2026-08-15 00:34:14 [DEBUG] coder_eval.orchestrator: Checking success criteria
2026-08-15 00:34:14 [DEBUG] coder_eval.evaluation.checker: Criterion 'file_exists' score: 1.00
2026-08-15 00:34:14 [DEBUG] coder_eval.criteria.run_command: Running command for criterion 'BPMN has a randomness script task and an exclusive gateway on the result, with valid DI': python3 $TASK_DIR/check_dice_roller.py
2026-08-15 00:34:14 [DEBUG] coder_eval.sandbox: Command 'python3 $TASK_DIR/check_dice_roller.py' exited with code 0
2026-08-15 00:34:14 [DEBUG] coder_eval.sandbox: STDOUT:
---
OK: DiceRollerBpmn/DiceRollerBpmn.bpmn rolls a die in a script task and classifies it through an exclusive gateway
---
2026-08-15 00:34:14 [DEBUG] coder_eval.evaluation.checker: Criterion 'run_command' score: 1.00
2026-08-15 00:34:14 [INFO] coder_eval.orchestrator: Success criteria: 2/2 passed, weighted score: 1.000
2026-08-15 00:34:14 [DEBUG] coder_eval.utils: Resolved @uipath plugin-tools dir=/usr/lib/node_modules/@uipath from `uip` at /usr/lib/node_modules/@uipath/cli/dist/index.js
2026-08-15 00:34:14 [INFO] coder_eval.orchestrator: Running post-run command: find . -maxdepth 5 -type d \( -name node_modules -o -name .npm-prefix -o -name .venv \) -prune -exec rm -rf {} +
2026-08-15 00:34:14 [INFO] coder_eval.orchestrator: Sandbox preserved (in-place): /work/output/artifacts/skill-bpmn-dice-roller
2026-08-15 00:34:14 [INFO] coder_eval.orchestrator: Task finished: status=SUCCESS duration=192.9s score=1.000 iterations=1


================================================================================
TASK: default/skill-bpmn-e2e-customer-escalation/00
================================================================================

2026-08-15 00:33:13 [DEBUG] coder_eval.utils: Resolved @uipath plugin-tools dir=/usr/lib/node_modules/@uipath from `uip` at /usr/lib/node_modules/@uipath/cli/dist/index.js
2026-08-15 00:33:13 [INFO] coder_eval.orchestrator: API routing: aws_bedrock
2026-08-15 00:33:13 [DEBUG] coder_eval.criteria: Discovered 14 criterion checkers
2026-08-15 00:33:13 [DEBUG] coder_eval.criteria: Validated 14 criterion checkers
2026-08-15 00:33:13 [DEBUG] coder_eval.utils: Resolved @uipath plugin-tools dir=/usr/lib/node_modules/@uipath from `uip` at /usr/lib/node_modules/@uipath/cli/dist/index.js
2026-08-15 00:33:13 [DEBUG] coder_eval.orchestrator: Sending prompt: Create a new local Maestro BPMN Process Orchestration project named
CustomerEscalation. The project ...
2026-08-15 00:33:13 [DEBUG] coder_eval.agents.claude_code_agent: [coder] Starting agent query stream...
2026-08-15 00:38:13 [DEBUG] coder_eval.agents.claude_code_agent: [coder] session_id changed: None -> 1d5a1c90-046b-4ef0-93ee-9acdc3007ce8
2026-08-15 00:38:13 [DEBUG] coder_eval.agents.claude_code_agent: [coder] Agent query stream ended
2026-08-15 00:38:13 [DEBUG] coder_eval.utils: Resolved @uipath plugin-tools dir=/usr/lib/node_modules/@uipath from `uip` at /usr/lib/node_modules/@uipath/cli/dist/index.js
2026-08-15 00:38:13 [DEBUG] coder_eval.orchestrator: Agent response received (4599 chars)
2026-08-15 00:38:13 [DEBUG] coder_eval.orchestrator: Checking success criteria
2026-08-15 00:38:13 [DEBUG] coder_eval.evaluation.checker: Criterion 'file_exists' score: 1.00
2026-08-15 00:38:13 [DEBUG] coder_eval.evaluation.checker: Criterion 'file_exists' score: 1.00
2026-08-15 00:38:13 [DEBUG] coder_eval.evaluation.checker: Criterion 'file_exists' score: 1.00
2026-08-15 00:38:13 [DEBUG] coder_eval.criteria.run_command: Running command for criterion 'Generated BPMN project has two classifier scripts, gateway routing, a user-task escalation path, a ticket script, and package references': python3 $TASK_DIR/check_customer_escalation.py
2026-08-15 00:38:13 [DEBUG] coder_eval.sandbox: Command 'python3 $TASK_DIR/check_customer_escalation.py' exited with code 0
2026-08-15 00:38:13 [DEBUG] coder_eval.sandbox: STDOUT:
---
OK: CustomerEscalation/CustomerEscalation.bpmn classifies, routes, escalates via a user task, and ships consistent package metadata
---
2026-08-15 00:38:13 [DEBUG] coder_eval.evaluation.checker: Criterion 'run_command' score: 1.00
2026-08-15 00:38:13 [DEBUG] coder_eval.evaluation.judge_context: judge_context: include_reference=True but reference not set
2026-08-15 00:38:21 [DEBUG] coder_eval.evaluation.checker: Criterion 'llm_judge' score: 1.00
2026-08-15 00:38:21 [INFO] coder_eval.orchestrator: Success criteria: 5/5 passed, weighted score: 1.000
2026-08-15 00:38:21 [DEBUG] coder_eval.utils: Resolved @uipath plugin-tools dir=/usr/lib/node_modules/@uipath from `uip` at /usr/lib/node_modules/@uipath/cli/dist/index.js
2026-08-15 00:38:21 [INFO] coder_eval.orchestrator: Running post-run command: find . -maxdepth 5 -type d \( -name node_modules -o -name .npm-prefix -o -name .venv \) -prune -exec rm -rf {} +
2026-08-15 00:38:21 [INFO] coder_eval.orchestrator: Sandbox preserved (in-place): /work/output/artifacts/skill-bpmn-e2e-customer-escalation
2026-08-15 00:38:21 [INFO] coder_eval.orchestrator: Task finished: status=SUCCESS duration=313.7s score=1.000 iterations=1
2026-08-15 00:38:21 [DEBUG] coder_eval.evaluation.judge_persistence: spilled 1 judge transcript(s) to /work/output


================================================================================
TASK: default/skill-bpmn-e2e-invoice-exception-triage/00
================================================================================

2026-08-15 00:31:12 [DEBUG] coder_eval.utils: Resolved @uipath plugin-tools dir=/usr/lib/node_modules/@uipath from `uip` at /usr/lib/node_modules/@uipath/cli/dist/index.js
2026-08-15 00:31:12 [INFO] coder_eval.orchestrator: API routing: aws_bedrock
2026-08-15 00:31:12 [DEBUG] coder_eval.criteria: Discovered 14 criterion checkers
2026-08-15 00:31:12 [DEBUG] coder_eval.criteria: Validated 14 criterion checkers
2026-08-15 00:31:12 [DEBUG] coder_eval.utils: Resolved @uipath plugin-tools dir=/usr/lib/node_modules/@uipath from `uip` at /usr/lib/node_modules/@uipath/cli/dist/index.js
2026-08-15 00:31:13 [DEBUG] coder_eval.orchestrator: Sending prompt: Create a new local Maestro BPMN Process Orchestration project named
InvoiceExceptionTriage. The proj...
2026-08-15 00:31:13 [DEBUG] coder_eval.agents.claude_code_agent: [coder] Starting agent query stream...
2026-08-15 00:34:49 [DEBUG] coder_eval.agents.claude_code_agent: [coder] session_id changed: None -> 5668367e-2688-43eb-90b0-530bd0b58709
2026-08-15 00:34:49 [DEBUG] coder_eval.agents.claude_code_agent: [coder] Agent query stream ended
2026-08-15 00:34:49 [DEBUG] coder_eval.utils: Resolved @uipath plugin-tools dir=/usr/lib/node_modules/@uipath from `uip` at /usr/lib/node_modules/@uipath/cli/dist/index.js
2026-08-15 00:34:49 [DEBUG] coder_eval.orchestrator: Agent response received (4143 chars)
2026-08-15 00:34:49 [DEBUG] coder_eval.orchestrator: Checking success criteria
2026-08-15 00:34:49 [DEBUG] coder_eval.evaluation.checker: Criterion 'file_exists' score: 1.00
2026-08-15 00:34:49 [DEBUG] coder_eval.evaluation.checker: Criterion 'file_exists' score: 1.00
2026-08-15 00:34:49 [DEBUG] coder_eval.evaluation.checker: Criterion 'file_exists' score: 1.00
2026-08-15 00:34:49 [DEBUG] coder_eval.criteria.run_command: Running command for criterion 'Generated BPMN project has the required process structure and package references': python3 $TASK_DIR/check_invoice_exception_triage.py
2026-08-15 00:34:49 [DEBUG] coder_eval.sandbox: Command 'python3 $TASK_DIR/check_invoice_exception_triage.py' exited with code 0
2026-08-15 00:34:49 [DEBUG] coder_eval.sandbox: STDOUT:
---
InvoiceExceptionTriage BPMN project structure is valid
---
2026-08-15 00:34:49 [DEBUG] coder_eval.evaluation.checker: Criterion 'run_command' score: 1.00
2026-08-15 00:34:49 [DEBUG] coder_eval.evaluation.judge_context: judge_context: include_reference=True but reference not set
2026-08-15 00:34:55 [DEBUG] coder_eval.evaluation.checker: Criterion 'llm_judge' score: 1.00
2026-08-15 00:34:55 [INFO] coder_eval.orchestrator: Success criteria: 5/5 passed, weighted score: 1.000
2026-08-15 00:34:55 [DEBUG] coder_eval.utils: Resolved @uipath plugin-tools dir=/usr/lib/node_modules/@uipath from `uip` at /usr/lib/node_modules/@uipath/cli/dist/index.js
2026-08-15 00:34:55 [INFO] coder_eval.orchestrator: Running post-run command: find . -maxdepth 5 -type d \( -name node_modules -o -name .npm-prefix -o -name .venv \) -prune -exec rm -rf {} +
2026-08-15 00:34:55 [INFO] coder_eval.orchestrator: Sandbox preserved (in-place): /work/output/artifacts/skill-bpmn-e2e-invoice-exception-triage
2026-08-15 00:34:55 [INFO] coder_eval.orchestrator: Task finished: status=SUCCESS duration=232.8s score=1.000 iterations=1
2026-08-15 00:34:55 [DEBUG] coder_eval.evaluation.judge_persistence: spilled 1 judge transcript(s) to /work/output


================================================================================
TASK: default/skill-bpmn-e2e-live-debug/00
================================================================================

2026-08-15 00:31:11 [DEBUG] coder_eval.utils: Resolved @uipath plugin-tools dir=/usr/lib/node_modules/@uipath from `uip` at /usr/lib/node_modules/@uipath/cli/dist/index.js
2026-08-15 00:31:11 [INFO] coder_eval.orchestrator: API routing: aws_bedrock
2026-08-15 00:31:11 [DEBUG] coder_eval.criteria: Discovered 14 criterion checkers
2026-08-15 00:31:11 [DEBUG] coder_eval.criteria: Validated 14 criterion checkers
2026-08-15 00:31:11 [DEBUG] coder_eval.utils: Resolved @uipath plugin-tools dir=/usr/lib/node_modules/@uipath from `uip` at /usr/lib/node_modules/@uipath/cli/dist/index.js
2026-08-15 00:31:12 [DEBUG] coder_eval.orchestrator: Sending prompt: Load and follow the uipath-maestro-bpmn skill.

Author a minimal Maestro BPMN project named "Product...
2026-08-15 00:31:12 [DEBUG] coder_eval.agents.claude_code_agent: [coder] Starting agent query stream...
2026-08-15 00:35:31 [DEBUG] coder_eval.agents.claude_code_agent: [coder] session_id changed: None -> ed0e502e-504e-45b0-ac67-b1e0253515be
2026-08-15 00:35:31 [DEBUG] coder_eval.agents.claude_code_agent: [coder] Agent query stream ended
2026-08-15 00:35:31 [DEBUG] coder_eval.utils: Resolved @uipath plugin-tools dir=/usr/lib/node_modules/@uipath from `uip` at /usr/lib/node_modules/@uipath/cli/dist/index.js
2026-08-15 00:35:31 [DEBUG] coder_eval.orchestrator: Agent response received (5187 chars)
2026-08-15 00:35:31 [DEBUG] coder_eval.orchestrator: Checking success criteria
2026-08-15 00:35:31 [DEBUG] coder_eval.evaluation.checker: Criterion 'command_executed' score: 1.00
2026-08-15 00:35:31 [DEBUG] coder_eval.evaluation.checker: Criterion 'command_executed' score: 1.00
2026-08-15 00:35:31 [DEBUG] coder_eval.criteria.run_command: Running command for criterion 'Live debug reached finalStatus Completed, variables-all exposed product, and product is computed by a script task': python3 $TASK_DIR/check_live_debug.py
2026-08-15 00:35:31 [DEBUG] coder_eval.sandbox: Command 'python3 $TASK_DIR/check_live_debug.py' exited with code 0
2026-08-15 00:35:31 [DEBUG] coder_eval.sandbox: STDOUT:
---
OK: product is computed by a script task (return + output mapping)
OK: debug session reached finalStatus Completed
OK: variables-all exposed the product output definition
PASS: live debug completed and product script/output mapping is structurally correct
---
2026-08-15 00:35:31 [DEBUG] coder_eval.evaluation.checker: Criterion 'run_command' score: 1.00
2026-08-15 00:35:31 [INFO] coder_eval.orchestrator: Success criteria: 3/3 passed, weighted score: 1.000
2026-08-15 00:35:31 [DEBUG] coder_eval.utils: Resolved @uipath plugin-tools dir=/usr/lib/node_modules/@uipath from `uip` at /usr/lib/node_modules/@uipath/cli/dist/index.js
2026-08-15 00:35:31 [INFO] coder_eval.orchestrator: Running post-run command: find . -maxdepth 5 -type d \( -name node_modules -o -name .npm-prefix -o -name .venv \) -prune -exec rm -rf {} +
2026-08-15 00:35:31 [INFO] coder_eval.orchestrator: Sandbox preserved (in-place): /work/output/artifacts/skill-bpmn-e2e-live-debug
2026-08-15 00:35:31 [INFO] coder_eval.orchestrator: Task finished: status=SUCCESS duration=270.2s score=1.000 iterations=1


================================================================================
TASK: default/skill-bpmn-e2e-wiki-pageviews/00
================================================================================

2026-08-15 00:35:13 [DEBUG] coder_eval.utils: Resolved @uipath plugin-tools dir=/usr/lib/node_modules/@uipath from `uip` at /usr/lib/node_modules/@uipath/cli/dist/index.js
2026-08-15 00:35:13 [INFO] coder_eval.orchestrator: API routing: aws_bedrock
2026-08-15 00:35:13 [DEBUG] coder_eval.criteria: Discovered 14 criterion checkers
2026-08-15 00:35:13 [DEBUG] coder_eval.criteria: Validated 14 criterion checkers
2026-08-15 00:35:13 [DEBUG] coder_eval.utils: Resolved @uipath plugin-tools dir=/usr/lib/node_modules/@uipath from `uip` at /usr/lib/node_modules/@uipath/cli/dist/index.js
2026-08-15 00:35:14 [DEBUG] coder_eval.orchestrator: Sending prompt: Create a new local Maestro BPMN Process Orchestration project named
WikiPageviews. The project must ...
2026-08-15 00:35:14 [DEBUG] coder_eval.agents.claude_code_agent: [coder] Starting agent query stream...
2026-08-15 00:48:12 [DEBUG] coder_eval.agents.claude_code_agent: [coder] session_id changed: None -> 126acb89-f610-4087-b9ef-3ee4b8da125b
2026-08-15 00:48:12 [DEBUG] coder_eval.agents.claude_code_agent: [coder] Agent query stream ended
2026-08-15 00:48:12 [DEBUG] coder_eval.utils: Resolved @uipath plugin-tools dir=/usr/lib/node_modules/@uipath from `uip` at /usr/lib/node_modules/@uipath/cli/dist/index.js
2026-08-15 00:48:12 [DEBUG] coder_eval.orchestrator: Agent response received (4332 chars)
2026-08-15 00:48:12 [DEBUG] coder_eval.orchestrator: Checking success criteria
2026-08-15 00:48:12 [DEBUG] coder_eval.criteria.run_command: Running command for criterion 'BPMN source file was created': python3 -c "from pathlib import Path; import sys; paths=[Path('WikiPageviews/WikiPageviews.bpmn'), Path('WikiPageviewsSolution/WikiPageviews/WikiPageviews.bpmn')]; sys.exit(0 if any(p.is_file() for p in paths) else 'WikiPageviews.bpmn missing in direct or solution-wrapper layout')"
2026-08-15 00:48:13 [DEBUG] coder_eval.sandbox: Command 'python3 -c "from pathlib import Path; import sys; paths=[Path('WikiPageviews/WikiPageviews.bpmn'), Path('WikiPageviewsSolution/WikiPageviews/WikiPageviews.bpmn')]; sys.exit(0 if any(p.is_file() for p in paths) else 'WikiPageviews.bpmn missing in direct or solution-wrapper layout')"' exited with code 0
2026-08-15 00:48:13 [DEBUG] coder_eval.evaluation.checker: Criterion 'run_command' score: 1.00
2026-08-15 00:48:13 [DEBUG] coder_eval.criteria.run_command: Running command for criterion 'Package operate metadata was created': python3 -c "from pathlib import Path; import sys; paths=[Path('WikiPageviews/operate.json'), Path('WikiPageviewsSolution/WikiPageviews/operate.json')]; sys.exit(0 if any(p.is_file() for p in paths) else 'operate.json missing in direct or solution-wrapper layout')"
2026-08-15 00:48:13 [DEBUG] coder_eval.sandbox: Command 'python3 -c "from pathlib import Path; import sys; paths=[Path('WikiPageviews/operate.json'), Path('WikiPageviewsSolution/WikiPageviews/operate.json')]; sys.exit(0 if any(p.is_file() for p in paths) else 'operate.json missing in direct or solution-wrapper layout')"' exited with code 0
2026-08-15 00:48:13 [DEBUG] coder_eval.evaluation.checker: Criterion 'run_command' score: 1.00
2026-08-15 00:48:13 [DEBUG] coder_eval.criteria.run_command: Running command for criterion 'The invalid-article path returns the fixed error string': python3 -c "from pathlib import Path; import sys; paths=[Path('WikiPageviews/WikiPageviews.bpmn'), Path('WikiPageviewsSolution/WikiPageviews/WikiPageviews.bpmn')]; texts=[p.read_text(encoding='utf-8') for p in paths if p.is_file()]; sys.exit(0 if any('Article not found' in t for t in texts) else 'Article not found missing from WikiPageviews.bpmn')"
2026-08-15 00:48:13 [DEBUG] coder_eval.sandbox: Command 'python3 -c "from pathlib import Path; import sys; paths=[Path('WikiPageviews/WikiPageviews.bpmn'), Path('WikiPageviewsSolution/WikiPageviews/WikiPageviews.bpmn')]; texts=[p.read_text(encoding='utf-8') for p in paths if p.is_file()]; sys.exit(0 if any('Article not found' in t for t in texts) else 'Article not found missing from WikiPageviews.bpmn')"' exited with code 0
2026-08-15 00:48:13 [DEBUG] coder_eval.evaluation.checker: Criterion 'run_command' score: 1.00
2026-08-15 00:48:13 [DEBUG] coder_eval.criteria.run_command: Running command for criterion 'Generated BPMN project has a fetch script, an error-routing gateway, distinct filter and aggregate scripts, and package references': python3 $TASK_DIR/check_wiki_pageviews.py
2026-08-15 00:48:13 [DEBUG] coder_eval.sandbox: Command 'python3 $TASK_DIR/check_wiki_pageviews.py' exited with code 0
2026-08-15 00:48:13 [DEBUG] coder_eval.sandbox: STDOUT:
---
OK: WikiPageviews/WikiPageviews.bpmn fetches, routes failure, filters, aggregates, and ships consistent package metadata
---
2026-08-15 00:48:13 [DEBUG] coder_eval.evaluation.checker: Criterion 'run_command' score: 1.00
2026-08-15 00:48:13 [DEBUG] coder_eval.evaluation.judge_context: judge_context: include_reference=True but reference not set
2026-08-15 00:48:22 [DEBUG] coder_eval.evaluation.checker: Criterion 'llm_judge' score: 1.00
2026-08-15 00:48:22 [INFO] coder_eval.orchestrator: Success criteria: 5/5 passed, weighted score: 1.000
2026-08-15 00:48:22 [DEBUG] coder_eval.utils: Resolved @uipath plugin-tools dir=/usr/lib/node_modules/@uipath from `uip` at /usr/lib/node_modules/@uipath/cli/dist/index.js
2026-08-15 00:48:22 [INFO] coder_eval.orchestrator: Running post-run command: find . -maxdepth 5 -type d \( -name node_modules -o -name .npm-prefix -o -name .venv \) -prune -exec rm -rf {} +
2026-08-15 00:48:22 [INFO] coder_eval.orchestrator: Sandbox preserved (in-place): /work/output/artifacts/skill-bpmn-e2e-wiki-pageviews
2026-08-15 00:48:22 [INFO] coder_eval.orchestrator: Task finished: status=SUCCESS duration=793.9s score=1.000 iterations=1
2026-08-15 00:48:23 [DEBUG] coder_eval.evaluation.judge_persistence: spilled 1 judge transcript(s) to /work/output


================================================================================
TASK: default/skill-bpmn-edit-add-node/00
================================================================================

2026-08-15 00:31:05 [DEBUG] coder_eval.utils: Resolved @uipath plugin-tools dir=/usr/lib/node_modules/@uipath from `uip` at /usr/lib/node_modules/@uipath/cli/dist/index.js
2026-08-15 00:31:05 [INFO] coder_eval.orchestrator: API routing: aws_bedrock
2026-08-15 00:31:05 [DEBUG] coder_eval.criteria: Discovered 14 criterion checkers
2026-08-15 00:31:05 [DEBUG] coder_eval.criteria: Validated 14 criterion checkers
2026-08-15 00:31:05 [DEBUG] coder_eval.utils: Resolved @uipath plugin-tools dir=/usr/lib/node_modules/@uipath from `uip` at /usr/lib/node_modules/@uipath/cli/dist/index.js
2026-08-15 00:31:06 [DEBUG] coder_eval.orchestrator: Sending prompt: Load and follow the uipath-maestro-bpmn skill.

A valid Maestro BPMN file `OrderIntake.bpmn` is in t...
2026-08-15 00:31:06 [DEBUG] coder_eval.agents.claude_code_agent: [coder] Starting agent query stream...
2026-08-15 00:33:13 [DEBUG] coder_eval.agents.claude_code_agent: [coder] session_id changed: None -> 1b7d57ab-61d8-46a8-b086-2a3eabd2970f
2026-08-15 00:33:13 [DEBUG] coder_eval.agents.claude_code_agent: [coder] Agent query stream ended
2026-08-15 00:33:13 [DEBUG] coder_eval.utils: Resolved @uipath plugin-tools dir=/usr/lib/node_modules/@uipath from `uip` at /usr/lib/node_modules/@uipath/cli/dist/index.js
2026-08-15 00:33:13 [DEBUG] coder_eval.orchestrator: Agent response received (5185 chars)
2026-08-15 00:33:13 [DEBUG] coder_eval.orchestrator: Checking success criteria
2026-08-15 00:33:13 [DEBUG] coder_eval.evaluation.checker: Criterion 'file_exists' score: 1.00
2026-08-15 00:33:13 [DEBUG] coder_eval.evaluation.checker: Criterion 'file_contains' score: 1.00
2026-08-15 00:33:13 [DEBUG] coder_eval.criteria.run_command: Running command for criterion 'New script node inserted and wired, untouched content preserved, file still structurally sound': python3 $TASK_DIR/check_add_node.py
2026-08-15 00:33:13 [DEBUG] coder_eval.sandbox: Command 'python3 $TASK_DIR/check_add_node.py' exited with code 1
2026-08-15 00:33:13 [DEBUG] coder_eval.sandbox: STDERR:
---
FAIL: node 'Task_Validate' config/payload changed (only its wiring may change)
---
2026-08-15 00:33:13 [DEBUG] coder_eval.evaluation.checker: Criterion 'run_command' score: 0.00
2026-08-15 00:33:13 [INFO] coder_eval.evaluation.checker: Criterion 'run_command' FAILED (score=0.00, threshold=1.00): Command: python3 $TASK_DIR/check_add_node.py
2026-08-15 00:33:13 [INFO] coder_eval.orchestrator: Success criteria: 2/3 passed, weighted score: 0.333
2026-08-15 00:33:13 [DEBUG] coder_eval.utils: Resolved @uipath plugin-tools dir=/usr/lib/node_modules/@uipath from `uip` at /usr/lib/node_modules/@uipath/cli/dist/index.js
2026-08-15 00:33:13 [INFO] coder_eval.orchestrator: Running post-run command: find . -maxdepth 5 -type d \( -name node_modules -o -name .npm-prefix -o -name .venv \) -prune -exec rm -rf {} +
2026-08-15 00:33:13 [INFO] coder_eval.orchestrator: Sandbox preserved (in-place): /work/output/artifacts/skill-bpmn-edit-add-node
2026-08-15 00:33:13 [INFO] coder_eval.orchestrator: Task finished: status=FAILURE duration=138.7s score=0.333 iterations=1


================================================================================
TASK: default/skill-bpmn-edit-add-output/00
================================================================================

2026-08-15 00:31:16 [DEBUG] coder_eval.utils: Resolved @uipath plugin-tools dir=/usr/lib/node_modules/@uipath from `uip` at /usr/lib/node_modules/@uipath/cli/dist/index.js
2026-08-15 00:31:16 [INFO] coder_eval.orchestrator: API routing: aws_bedrock
2026-08-15 00:31:16 [DEBUG] coder_eval.criteria: Discovered 14 criterion checkers
2026-08-15 00:31:16 [DEBUG] coder_eval.criteria: Validated 14 criterion checkers
2026-08-15 00:31:16 [DEBUG] coder_eval.utils: Resolved @uipath plugin-tools dir=/usr/lib/node_modules/@uipath from `uip` at /usr/lib/node_modules/@uipath/cli/dist/index.js
2026-08-15 00:31:16 [DEBUG] coder_eval.orchestrator: Sending prompt: Load and follow the uipath-maestro-bpmn skill.

A valid Maestro BPMN file `Invoicing.bpmn` is in the...
2026-08-15 00:31:16 [DEBUG] coder_eval.agents.claude_code_agent: [coder] Starting agent query stream...
2026-08-15 00:32:34 [DEBUG] coder_eval.agents.claude_code_agent: [coder] session_id changed: None -> de6a35ee-4e11-4753-8c79-ddfcf7b0ebfc
2026-08-15 00:32:34 [DEBUG] coder_eval.agents.claude_code_agent: [coder] Agent query stream ended
2026-08-15 00:32:34 [DEBUG] coder_eval.utils: Resolved @uipath plugin-tools dir=/usr/lib/node_modules/@uipath from `uip` at /usr/lib/node_modules/@uipath/cli/dist/index.js
2026-08-15 00:32:34 [DEBUG] coder_eval.orchestrator: Agent response received (3659 chars)
2026-08-15 00:32:34 [DEBUG] coder_eval.orchestrator: Checking success criteria
2026-08-15 00:32:34 [DEBUG] coder_eval.evaluation.checker: Criterion 'file_exists' score: 1.00
2026-08-15 00:32:34 [DEBUG] coder_eval.evaluation.checker: Criterion 'file_contains' score: 1.00
2026-08-15 00:32:34 [DEBUG] coder_eval.criteria.run_command: Running command for criterion 'New output + backing variable added, existing output/variables preserved, file still structurally sound': python3 $TASK_DIR/check_add_output.py
2026-08-15 00:32:34 [DEBUG] coder_eval.sandbox: Command 'python3 $TASK_DIR/check_add_output.py' exited with code 0
2026-08-15 00:32:34 [DEBUG] coder_eval.sandbox: STDOUT:
---
OK: new output + variable added, existing output and payloads preserved
---
2026-08-15 00:32:34 [DEBUG] coder_eval.evaluation.checker: Criterion 'run_command' score: 1.00
2026-08-15 00:32:34 [INFO] coder_eval.orchestrator: Success criteria: 3/3 passed, weighted score: 1.000
2026-08-15 00:32:34 [DEBUG] coder_eval.utils: Resolved @uipath plugin-tools dir=/usr/lib/node_modules/@uipath from `uip` at /usr/lib/node_modules/@uipath/cli/dist/index.js
2026-08-15 00:32:34 [INFO] coder_eval.orchestrator: Running post-run command: find . -maxdepth 5 -type d \( -name node_modules -o -name .npm-prefix -o -name .venv \) -prune -exec rm -rf {} +
2026-08-15 00:32:34 [INFO] coder_eval.orchestrator: Sandbox preserved (in-place): /work/output/artifacts/skill-bpmn-edit-add-output
2026-08-15 00:32:34 [INFO] coder_eval.orchestrator: Task finished: status=SUCCESS duration=89.1s score=1.000 iterations=1


================================================================================
TASK: default/skill-bpmn-edit-group-to-subflow/00
================================================================================

2026-08-15 00:31:06 [DEBUG] coder_eval.utils: Resolved @uipath plugin-tools dir=/usr/lib/node_modules/@uipath from `uip` at /usr/lib/node_modules/@uipath/cli/dist/index.js
2026-08-15 00:31:06 [INFO] coder_eval.orchestrator: API routing: aws_bedrock
2026-08-15 00:31:06 [DEBUG] coder_eval.criteria: Discovered 14 criterion checkers
2026-08-15 00:31:06 [DEBUG] coder_eval.criteria: Validated 14 criterion checkers
2026-08-15 00:31:06 [DEBUG] coder_eval.utils: Resolved @uipath plugin-tools dir=/usr/lib/node_modules/@uipath from `uip` at /usr/lib/node_modules/@uipath/cli/dist/index.js
2026-08-15 00:31:07 [DEBUG] coder_eval.orchestrator: Sending prompt: Load and follow the uipath-maestro-bpmn skill.

A valid Maestro BPMN file `Fulfillment.bpmn` is in t...
2026-08-15 00:31:08 [DEBUG] coder_eval.agents.claude_code_agent: [coder] Starting agent query stream...
2026-08-15 00:36:28 [DEBUG] coder_eval.agents.claude_code_agent: [coder] session_id changed: None -> a882a5b1-5570-4da4-8902-3c10b5d0c271
2026-08-15 00:36:28 [DEBUG] coder_eval.agents.claude_code_agent: [coder] Agent query stream ended
2026-08-15 00:36:28 [DEBUG] coder_eval.utils: Resolved @uipath plugin-tools dir=/usr/lib/node_modules/@uipath from `uip` at /usr/lib/node_modules/@uipath/cli/dist/index.js
2026-08-15 00:36:28 [DEBUG] coder_eval.orchestrator: Agent response received (5589 chars)
2026-08-15 00:36:28 [DEBUG] coder_eval.orchestrator: Checking success criteria
2026-08-15 00:36:28 [DEBUG] coder_eval.evaluation.checker: Criterion 'file_exists' score: 1.00
2026-08-15 00:36:28 [DEBUG] coder_eval.evaluation.checker: Criterion 'file_contains' score: 1.00
2026-08-15 00:36:28 [DEBUG] coder_eval.criteria.run_command: Running command for criterion 'Group extracted into a subprocess, Ship Parcel preserved in main flow, file still structurally sound': python3 $TASK_DIR/check_group_to_subflow.py
2026-08-15 00:36:28 [DEBUG] coder_eval.sandbox: Command 'python3 $TASK_DIR/check_group_to_subflow.py' exited with code 1
2026-08-15 00:36:28 [DEBUG] coder_eval.sandbox: STDERR:
---
FAIL: node 'Task_Ship' config/payload changed (only its wiring may change)
---
2026-08-15 00:36:28 [DEBUG] coder_eval.evaluation.checker: Criterion 'run_command' score: 0.00
2026-08-15 00:36:28 [INFO] coder_eval.evaluation.checker: Criterion 'run_command' FAILED (score=0.00, threshold=1.00): Command: python3 $TASK_DIR/check_group_to_subflow.py
2026-08-15 00:36:28 [INFO] coder_eval.orchestrator: Success criteria: 2/3 passed, weighted score: 0.333
2026-08-15 00:36:28 [DEBUG] coder_eval.utils: Resolved @uipath plugin-tools dir=/usr/lib/node_modules/@uipath from `uip` at /usr/lib/node_modules/@uipath/cli/dist/index.js
2026-08-15 00:36:28 [INFO] coder_eval.orchestrator: Running post-run command: find . -maxdepth 5 -type d \( -name node_modules -o -name .npm-prefix -o -name .venv \) -prune -exec rm -rf {} +
2026-08-15 00:36:28 [INFO] coder_eval.orchestrator: Sandbox preserved (in-place): /work/output/artifacts/skill-bpmn-edit-group-to-subflow
2026-08-15 00:36:28 [INFO] coder_eval.orchestrator: Task finished: status=FAILURE duration=332.4s score=0.333 iterations=1


================================================================================
TASK: default/skill-bpmn-edit-move-node/00
================================================================================

2026-08-15 00:31:13 [DEBUG] coder_eval.utils: Resolved @uipath plugin-tools dir=/usr/lib/node_modules/@uipath from `uip` at /usr/lib/node_modules/@uipath/cli/dist/index.js
2026-08-15 00:31:13 [INFO] coder_eval.orchestrator: API routing: aws_bedrock
2026-08-15 00:31:13 [DEBUG] coder_eval.criteria: Discovered 14 criterion checkers
2026-08-15 00:31:13 [DEBUG] coder_eval.criteria: Validated 14 criterion checkers
2026-08-15 00:31:13 [DEBUG] coder_eval.utils: Resolved @uipath plugin-tools dir=/usr/lib/node_modules/@uipath from `uip` at /usr/lib/node_modules/@uipath/cli/dist/index.js
2026-08-15 00:31:14 [DEBUG] coder_eval.orchestrator: Sending prompt: Load and follow the uipath-maestro-bpmn skill.

A valid Maestro BPMN file `Onboarding.bpmn` is in th...
2026-08-15 00:31:14 [DEBUG] coder_eval.agents.claude_code_agent: [coder] Starting agent query stream...
2026-08-15 00:32:53 [DEBUG] coder_eval.agents.claude_code_agent: [coder] session_id changed: None -> 15fe7e86-357e-4f47-bcc4-ac8fd2b3dcf1
2026-08-15 00:32:53 [DEBUG] coder_eval.agents.claude_code_agent: [coder] Agent query stream ended
2026-08-15 00:32:53 [DEBUG] coder_eval.utils: Resolved @uipath plugin-tools dir=/usr/lib/node_modules/@uipath from `uip` at /usr/lib/node_modules/@uipath/cli/dist/index.js
2026-08-15 00:32:53 [DEBUG] coder_eval.orchestrator: Agent response received (4782 chars)
2026-08-15 00:32:53 [DEBUG] coder_eval.orchestrator: Checking success criteria
2026-08-15 00:32:53 [DEBUG] coder_eval.evaluation.checker: Criterion 'file_exists' score: 1.00
2026-08-15 00:32:53 [DEBUG] coder_eval.evaluation.checker: Criterion 'file_contains' score: 1.00
2026-08-15 00:32:53 [DEBUG] coder_eval.criteria.run_command: Running command for criterion 'Tasks reordered by rewiring flows, payloads preserved, file still structurally sound': python3 $TASK_DIR/check_move_node.py
2026-08-15 00:32:54 [DEBUG] coder_eval.sandbox: Command 'python3 $TASK_DIR/check_move_node.py' exited with code 0
2026-08-15 00:32:54 [DEBUG] coder_eval.sandbox: STDOUT:
---
OK: nodes reordered, flows rewired, payloads preserved
---
2026-08-15 00:32:54 [DEBUG] coder_eval.evaluation.checker: Criterion 'run_command' score: 1.00
2026-08-15 00:32:54 [INFO] coder_eval.orchestrator: Success criteria: 3/3 passed, weighted score: 1.000
2026-08-15 00:32:54 [DEBUG] coder_eval.utils: Resolved @uipath plugin-tools dir=/usr/lib/node_modules/@uipath from `uip` at /usr/lib/node_modules/@uipath/cli/dist/index.js
2026-08-15 00:32:54 [INFO] coder_eval.orchestrator: Running post-run command: find . -maxdepth 5 -type d \( -name node_modules -o -name .npm-prefix -o -name .venv \) -prune -exec rm -rf {} +
2026-08-15 00:32:54 [INFO] coder_eval.orchestrator: Sandbox preserved (in-place): /work/output/artifacts/skill-bpmn-edit-move-node
2026-08-15 00:32:54 [INFO] coder_eval.orchestrator: Task finished: status=SUCCESS duration=110.9s score=1.000 iterations=1


================================================================================
TASK: default/skill-bpmn-edit-remove-node/00
================================================================================

2026-08-15 00:31:10 [DEBUG] coder_eval.utils: Resolved @uipath plugin-tools dir=/usr/lib/node_modules/@uipath from `uip` at /usr/lib/node_modules/@uipath/cli/dist/index.js
2026-08-15 00:31:10 [INFO] coder_eval.orchestrator: API routing: aws_bedrock
2026-08-15 00:31:11 [DEBUG] coder_eval.criteria: Discovered 14 criterion checkers
2026-08-15 00:31:11 [DEBUG] coder_eval.criteria: Validated 14 criterion checkers
2026-08-15 00:31:11 [DEBUG] coder_eval.utils: Resolved @uipath plugin-tools dir=/usr/lib/node_modules/@uipath from `uip` at /usr/lib/node_modules/@uipath/cli/dist/index.js
2026-08-15 00:31:12 [DEBUG] coder_eval.orchestrator: Sending prompt: Load and follow the uipath-maestro-bpmn skill.

A valid Maestro BPMN file `ShipmentReview.bpmn` is i...
2026-08-15 00:31:12 [DEBUG] coder_eval.agents.claude_code_agent: [coder] Starting agent query stream...
2026-08-15 00:33:17 [DEBUG] coder_eval.agents.claude_code_agent: [coder] session_id changed: None -> c5a934b8-7d93-48af-9d23-fddb72249665
2026-08-15 00:33:17 [DEBUG] coder_eval.agents.claude_code_agent: [coder] Agent query stream ended
2026-08-15 00:33:17 [DEBUG] coder_eval.utils: Resolved @uipath plugin-tools dir=/usr/lib/node_modules/@uipath from `uip` at /usr/lib/node_modules/@uipath/cli/dist/index.js
2026-08-15 00:33:17 [DEBUG] coder_eval.orchestrator: Agent response received (4485 chars)
2026-08-15 00:33:17 [DEBUG] coder_eval.orchestrator: Checking success criteria
2026-08-15 00:33:17 [DEBUG] coder_eval.evaluation.checker: Criterion 'file_exists' score: 1.00
2026-08-15 00:33:17 [DEBUG] coder_eval.evaluation.checker: Criterion 'file_contains' score: 1.00
2026-08-15 00:33:17 [DEBUG] coder_eval.criteria.run_command: Running command for criterion 'Task removed, flow healed, DI clean, untouched content preserved, file still structurally sound': python3 $TASK_DIR/check_remove_node.py
2026-08-15 00:33:17 [DEBUG] coder_eval.sandbox: Command 'python3 $TASK_DIR/check_remove_node.py' exited with code 1
2026-08-15 00:33:17 [DEBUG] coder_eval.sandbox: STDERR:
---
FAIL: node 'Task_Fetch' config/payload changed (only its wiring may change)
---
2026-08-15 00:33:17 [DEBUG] coder_eval.evaluation.checker: Criterion 'run_command' score: 0.00
2026-08-15 00:33:17 [INFO] coder_eval.evaluation.checker: Criterion 'run_command' FAILED (score=0.00, threshold=1.00): Command: python3 $TASK_DIR/check_remove_node.py
2026-08-15 00:33:17 [INFO] coder_eval.orchestrator: Success criteria: 2/3 passed, weighted score: 0.333
2026-08-15 00:33:17 [DEBUG] coder_eval.utils: Resolved @uipath plugin-tools dir=/usr/lib/node_modules/@uipath from `uip` at /usr/lib/node_modules/@uipath/cli/dist/index.js
2026-08-15 00:33:17 [INFO] coder_eval.orchestrator: Running post-run command: find . -maxdepth 5 -type d \( -name node_modules -o -name .npm-prefix -o -name .venv \) -prune -exec rm -rf {} +
2026-08-15 00:33:17 [INFO] coder_eval.orchestrator: Sandbox preserved (in-place): /work/output/artifacts/skill-bpmn-edit-remove-node
2026-08-15 00:33:17 [INFO] coder_eval.orchestrator: Task finished: status=FAILURE duration=137.8s score=0.333 iterations=1


================================================================================
TASK: default/skill-bpmn-edit-update-node/00
================================================================================

2026-08-15 00:34:15 [DEBUG] coder_eval.utils: Resolved @uipath plugin-tools dir=/usr/lib/node_modules/@uipath from `uip` at /usr/lib/node_modules/@uipath/cli/dist/index.js
2026-08-15 00:34:15 [INFO] coder_eval.orchestrator: API routing: aws_bedrock
2026-08-15 00:34:15 [DEBUG] coder_eval.criteria: Discovered 14 criterion checkers
2026-08-15 00:34:15 [DEBUG] coder_eval.criteria: Validated 14 criterion checkers
2026-08-15 00:34:15 [DEBUG] coder_eval.utils: Resolved @uipath plugin-tools dir=/usr/lib/node_modules/@uipath from `uip` at /usr/lib/node_modules/@uipath/cli/dist/index.js
2026-08-15 00:34:15 [DEBUG] coder_eval.orchestrator: Sending prompt: Load and follow the uipath-maestro-bpmn skill.

A valid Maestro BPMN file `RiskScoring.bpmn` is in t...
2026-08-15 00:34:16 [DEBUG] coder_eval.agents.claude_code_agent: [coder] Starting agent query stream...
2026-08-15 00:35:33 [DEBUG] coder_eval.agents.claude_code_agent: [coder] session_id changed: None -> 8175e015-d0d5-484e-8694-0eb3869b592f
2026-08-15 00:35:33 [DEBUG] coder_eval.agents.claude_code_agent: [coder] Agent query stream ended
2026-08-15 00:35:33 [DEBUG] coder_eval.utils: Resolved @uipath plugin-tools dir=/usr/lib/node_modules/@uipath from `uip` at /usr/lib/node_modules/@uipath/cli/dist/index.js
2026-08-15 00:35:33 [DEBUG] coder_eval.orchestrator: Agent response received (3435 chars)
2026-08-15 00:35:33 [DEBUG] coder_eval.orchestrator: Checking success criteria
2026-08-15 00:35:33 [DEBUG] coder_eval.evaluation.checker: Criterion 'file_exists' score: 1.00
2026-08-15 00:35:33 [DEBUG] coder_eval.evaluation.checker: Criterion 'file_contains' score: 1.00
2026-08-15 00:35:33 [DEBUG] coder_eval.criteria.run_command: Running command for criterion 'Score threshold updated to 1000, siblings untouched, file still structurally sound': python3 $TASK_DIR/check_update_node.py
2026-08-15 00:35:34 [DEBUG] coder_eval.sandbox: Command 'python3 $TASK_DIR/check_update_node.py' exited with code 1
2026-08-15 00:35:34 [DEBUG] coder_eval.sandbox: STDERR:
---
FAIL: preserved element 'Task_Format' was modified (must round-trip untouched)
---
2026-08-15 00:35:34 [DEBUG] coder_eval.evaluation.checker: Criterion 'run_command' score: 0.00
2026-08-15 00:35:34 [INFO] coder_eval.evaluation.checker: Criterion 'run_command' FAILED (score=0.00, threshold=1.00): Command: python3 $TASK_DIR/check_update_node.py
2026-08-15 00:35:34 [INFO] coder_eval.orchestrator: Success criteria: 2/3 passed, weighted score: 0.333
2026-08-15 00:35:34 [DEBUG] coder_eval.utils: Resolved @uipath plugin-tools dir=/usr/lib/node_modules/@uipath from `uip` at /usr/lib/node_modules/@uipath/cli/dist/index.js
2026-08-15 00:35:34 [INFO] coder_eval.orchestrator: Running post-run command: find . -maxdepth 5 -type d \( -name node_modules -o -name .npm-prefix -o -name .venv \) -prune -exec rm -rf {} +
2026-08-15 00:35:34 [INFO] coder_eval.orchestrator: Sandbox preserved (in-place): /work/output/artifacts/skill-bpmn-edit-update-node
2026-08-15 00:35:34 [INFO] coder_eval.orchestrator: Task finished: status=FAILURE duration=83.0s score=0.333 iterations=1


================================================================================
TASK: default/skill-bpmn-error-boundary-handler/00
================================================================================

2026-08-15 00:34:49 [DEBUG] coder_eval.utils: Resolved @uipath plugin-tools dir=/usr/lib/node_modules/@uipath from `uip` at /usr/lib/node_modules/@uipath/cli/dist/index.js
2026-08-15 00:34:49 [INFO] coder_eval.orchestrator: API routing: aws_bedrock
2026-08-15 00:34:49 [DEBUG] coder_eval.criteria: Discovered 14 criterion checkers
2026-08-15 00:34:49 [DEBUG] coder_eval.criteria: Validated 14 criterion checkers
2026-08-15 00:34:49 [DEBUG] coder_eval.utils: Resolved @uipath plugin-tools dir=/usr/lib/node_modules/@uipath from `uip` at /usr/lib/node_modules/@uipath/cli/dist/index.js
2026-08-15 00:34:49 [DEBUG] coder_eval.orchestrator: Sending prompt: Load and follow the uipath-maestro-bpmn skill.

Author a single Maestro BPMN file `InvoiceServiceRec...
2026-08-15 00:34:50 [DEBUG] coder_eval.agents.claude_code_agent: [coder] Starting agent query stream...
2026-08-15 00:37:39 [DEBUG] coder_eval.agents.claude_code_agent: [coder] session_id changed: None -> fb434816-860a-4c65-bae2-7885d5023ca8
2026-08-15 00:37:40 [DEBUG] coder_eval.agents.claude_code_agent: [coder] Agent query stream ended
2026-08-15 00:37:40 [DEBUG] coder_eval.utils: Resolved @uipath plugin-tools dir=/usr/lib/node_modules/@uipath from `uip` at /usr/lib/node_modules/@uipath/cli/dist/index.js
2026-08-15 00:37:40 [DEBUG] coder_eval.orchestrator: Agent response received (3482 chars)
2026-08-15 00:37:40 [DEBUG] coder_eval.orchestrator: Checking success criteria
2026-08-15 00:37:40 [DEBUG] coder_eval.evaluation.checker: Criterion 'file_exists' score: 1.00
2026-08-15 00:37:40 [DEBUG] coder_eval.evaluation.checker: Criterion 'command_executed' score: 1.00
2026-08-15 00:37:40 [DEBUG] coder_eval.evaluation.checker: Criterion 'file_contains' score: 1.00
2026-08-15 00:37:40 [DEBUG] coder_eval.criteria.run_command: Running command for criterion 'Interrupting error boundary with a configured code on a service-call task routes to recovery, fully shaped': python3 $TASK_DIR/check_error_boundary_handler.py
2026-08-15 00:37:40 [DEBUG] coder_eval.sandbox: Command 'python3 $TASK_DIR/check_error_boundary_handler.py' exited with code 0
2026-08-15 00:37:40 [DEBUG] coder_eval.sandbox: STDOUT:
---
OK: InvoiceServiceRecovery.bpmn has an interrupting error boundary with a configured code on an activity routing to recovery
---
2026-08-15 00:37:40 [DEBUG] coder_eval.evaluation.checker: Criterion 'run_command' score: 1.00
2026-08-15 00:37:40 [INFO] coder_eval.orchestrator: Success criteria: 4/4 passed, weighted score: 1.000
2026-08-15 00:37:40 [DEBUG] coder_eval.utils: Resolved @uipath plugin-tools dir=/usr/lib/node_modules/@uipath from `uip` at /usr/lib/node_modules/@uipath/cli/dist/index.js
2026-08-15 00:37:40 [INFO] coder_eval.orchestrator: Running post-run command: find . -maxdepth 5 -type d \( -name node_modules -o -name .npm-prefix -o -name .venv \) -prune -exec rm -rf {} +
2026-08-15 00:37:40 [INFO] coder_eval.orchestrator: Sandbox preserved (in-place): /work/output/artifacts/skill-bpmn-error-boundary-handler
2026-08-15 00:37:40 [INFO] coder_eval.orchestrator: Task finished: status=SUCCESS duration=177.3s score=1.000 iterations=1


================================================================================
TASK: default/skill-bpmn-error-event-subprocess/00
================================================================================

2026-08-15 00:35:45 [DEBUG] coder_eval.utils: Resolved @uipath plugin-tools dir=/usr/lib/node_modules/@uipath from `uip` at /usr/lib/node_modules/@uipath/cli/dist/index.js
2026-08-15 00:35:45 [INFO] coder_eval.orchestrator: API routing: aws_bedrock
2026-08-15 00:35:45 [DEBUG] coder_eval.criteria: Discovered 14 criterion checkers
2026-08-15 00:35:45 [DEBUG] coder_eval.criteria: Validated 14 criterion checkers
2026-08-15 00:35:45 [DEBUG] coder_eval.utils: Resolved @uipath plugin-tools dir=/usr/lib/node_modules/@uipath from `uip` at /usr/lib/node_modules/@uipath/cli/dist/index.js
2026-08-15 00:35:45 [DEBUG] coder_eval.orchestrator: Sending prompt: Load and follow the uipath-maestro-bpmn skill.

Author a single Maestro BPMN file `PaymentErrorHandl...
2026-08-15 00:35:45 [DEBUG] coder_eval.agents.claude_code_agent: [coder] Starting agent query stream...
2026-08-15 00:38:16 [DEBUG] coder_eval.agents.claude_code_agent: [coder] session_id changed: None -> 6a5ebdcf-e699-4119-8843-288c05931d42
2026-08-15 00:38:16 [DEBUG] coder_eval.agents.claude_code_agent: [coder] Agent query stream ended
2026-08-15 00:38:16 [DEBUG] coder_eval.utils: Resolved @uipath plugin-tools dir=/usr/lib/node_modules/@uipath from `uip` at /usr/lib/node_modules/@uipath/cli/dist/index.js
2026-08-15 00:38:16 [DEBUG] coder_eval.orchestrator: Agent response received (4283 chars)
2026-08-15 00:38:16 [DEBUG] coder_eval.orchestrator: Checking success criteria
2026-08-15 00:38:16 [DEBUG] coder_eval.evaluation.checker: Criterion 'file_exists' score: 1.00
2026-08-15 00:38:16 [DEBUG] coder_eval.evaluation.checker: Criterion 'command_executed' score: 1.00
2026-08-15 00:38:16 [DEBUG] coder_eval.evaluation.checker: Criterion 'file_contains' score: 1.00
2026-08-15 00:38:16 [DEBUG] coder_eval.criteria.run_command: Running command for criterion 'Error end event with a configured code is caught by an interrupting error event subprocess, fully shaped': python3 $TASK_DIR/check_error_event_subprocess.py
2026-08-15 00:38:17 [DEBUG] coder_eval.sandbox: Command 'python3 $TASK_DIR/check_error_event_subprocess.py' exited with code 0
2026-08-15 00:38:17 [DEBUG] coder_eval.sandbox: STDOUT:
---
OK: PaymentErrorHandling.bpmn throws a configured error end event and catches it in an interrupting error event subprocess
---
2026-08-15 00:38:17 [DEBUG] coder_eval.evaluation.checker: Criterion 'run_command' score: 1.00
2026-08-15 00:38:17 [INFO] coder_eval.orchestrator: Success criteria: 4/4 passed, weighted score: 1.000
2026-08-15 00:38:17 [DEBUG] coder_eval.utils: Resolved @uipath plugin-tools dir=/usr/lib/node_modules/@uipath from `uip` at /usr/lib/node_modules/@uipath/cli/dist/index.js
2026-08-15 00:38:17 [INFO] coder_eval.orchestrator: Running post-run command: find . -maxdepth 5 -type d \( -name node_modules -o -name .npm-prefix -o -name .venv \) -prune -exec rm -rf {} +
2026-08-15 00:38:17 [INFO] coder_eval.orchestrator: Sandbox preserved (in-place): /work/output/artifacts/skill-bpmn-error-event-subprocess
2026-08-15 00:38:17 [INFO] coder_eval.orchestrator: Task finished: status=SUCCESS duration=155.8s score=1.000 iterations=1


================================================================================
TASK: default/skill-bpmn-event-based-gateway/00
================================================================================

2026-08-15 00:34:12 [DEBUG] coder_eval.utils: Resolved @uipath plugin-tools dir=/usr/lib/node_modules/@uipath from `uip` at /usr/lib/node_modules/@uipath/cli/dist/index.js
2026-08-15 00:34:12 [INFO] coder_eval.orchestrator: API routing: aws_bedrock
2026-08-15 00:34:12 [DEBUG] coder_eval.criteria: Discovered 14 criterion checkers
2026-08-15 00:34:12 [DEBUG] coder_eval.criteria: Validated 14 criterion checkers
2026-08-15 00:34:12 [DEBUG] coder_eval.utils: Resolved @uipath plugin-tools dir=/usr/lib/node_modules/@uipath from `uip` at /usr/lib/node_modules/@uipath/cli/dist/index.js
2026-08-15 00:34:13 [DEBUG] coder_eval.orchestrator: Sending prompt: Load and follow the uipath-maestro-bpmn skill.

Author a single Maestro BPMN file `PaymentRace.bpmn`...
2026-08-15 00:34:13 [DEBUG] coder_eval.agents.claude_code_agent: [coder] Starting agent query stream...
2026-08-15 00:39:44 [DEBUG] coder_eval.agents.claude_code_agent: [coder] session_id changed: None -> 70b70d9a-ca19-4a23-bed9-e70a67fffb0e
2026-08-15 00:39:44 [DEBUG] coder_eval.agents.claude_code_agent: [coder] Agent query stream ended
2026-08-15 00:39:44 [DEBUG] coder_eval.utils: Resolved @uipath plugin-tools dir=/usr/lib/node_modules/@uipath from `uip` at /usr/lib/node_modules/@uipath/cli/dist/index.js
2026-08-15 00:39:44 [DEBUG] coder_eval.orchestrator: Agent response received (4274 chars)
2026-08-15 00:39:44 [DEBUG] coder_eval.orchestrator: Checking success criteria
2026-08-15 00:39:44 [DEBUG] coder_eval.evaluation.checker: Criterion 'file_exists' score: 1.00
2026-08-15 00:39:44 [DEBUG] coder_eval.evaluation.checker: Criterion 'command_executed' score: 1.00
2026-08-15 00:39:44 [DEBUG] coder_eval.evaluation.checker: Criterion 'file_contains' score: 1.00
2026-08-15 00:39:44 [DEBUG] coder_eval.criteria.run_command: Running command for criterion 'Event-based gateway races a message catch and a timer catch with full DI edges': python3 $TASK_DIR/check_event_based_gateway.py
2026-08-15 00:39:44 [DEBUG] coder_eval.sandbox: Command 'python3 $TASK_DIR/check_event_based_gateway.py' exited with code 0
2026-08-15 00:39:44 [DEBUG] coder_eval.sandbox: STDOUT:
---
OK: PaymentRace.bpmn races a message catch and a timer catch behind an event-based gateway
---
2026-08-15 00:39:44 [DEBUG] coder_eval.evaluation.checker: Criterion 'run_command' score: 1.00
2026-08-15 00:39:44 [INFO] coder_eval.orchestrator: Success criteria: 4/4 passed, weighted score: 1.000
2026-08-15 00:39:44 [DEBUG] coder_eval.utils: Resolved @uipath plugin-tools dir=/usr/lib/node_modules/@uipath from `uip` at /usr/lib/node_modules/@uipath/cli/dist/index.js
2026-08-15 00:39:44 [INFO] coder_eval.orchestrator: Running post-run command: find . -maxdepth 5 -type d \( -name node_modules -o -name .npm-prefix -o -name .venv \) -prune -exec rm -rf {} +
2026-08-15 00:39:44 [INFO] coder_eval.orchestrator: Sandbox preserved (in-place): /work/output/artifacts/skill-bpmn-event-based-gateway
2026-08-15 00:39:44 [INFO] coder_eval.orchestrator: Task finished: status=SUCCESS duration=336.6s score=1.000 iterations=1


================================================================================
TASK: default/skill-bpmn-event-trigger-start/00
================================================================================

2026-08-15 00:31:04 [DEBUG] coder_eval.utils: Resolved @uipath plugin-tools dir=/usr/lib/node_modules/@uipath from `uip` at /usr/lib/node_modules/@uipath/cli/dist/index.js
2026-08-15 00:31:04 [INFO] coder_eval.orchestrator: API routing: aws_bedrock
2026-08-15 00:31:05 [DEBUG] coder_eval.criteria: Discovered 14 criterion checkers
2026-08-15 00:31:05 [DEBUG] coder_eval.criteria: Validated 14 criterion checkers
2026-08-15 00:31:05 [DEBUG] coder_eval.utils: Resolved @uipath plugin-tools dir=/usr/lib/node_modules/@uipath from `uip` at /usr/lib/node_modules/@uipath/cli/dist/index.js
2026-08-15 00:31:06 [DEBUG] coder_eval.orchestrator: Sending prompt: Load and follow the uipath-maestro-bpmn skill.

Create a local BPMN project named "InboxTriggerBpmn"...
2026-08-15 00:31:06 [DEBUG] coder_eval.agents.claude_code_agent: [coder] Starting agent query stream...
2026-08-15 00:35:54 [DEBUG] coder_eval.agents.claude_code_agent: [coder] session_id changed: None -> 631d5eb1-172d-4675-bd5c-d4834b75fe8c
2026-08-15 00:35:54 [DEBUG] coder_eval.agents.claude_code_agent: [coder] Agent query stream ended
2026-08-15 00:35:54 [DEBUG] coder_eval.utils: Resolved @uipath plugin-tools dir=/usr/lib/node_modules/@uipath from `uip` at /usr/lib/node_modules/@uipath/cli/dist/index.js
2026-08-15 00:35:54 [DEBUG] coder_eval.orchestrator: Agent response received (5608 chars)
2026-08-15 00:35:54 [DEBUG] coder_eval.orchestrator: Checking success criteria
2026-08-15 00:35:54 [DEBUG] coder_eval.evaluation.checker: Criterion 'file_exists' score: 1.00
2026-08-15 00:35:54 [DEBUG] coder_eval.evaluation.checker: Criterion 'command_executed' score: 1.00
2026-08-15 00:35:54 [DEBUG] coder_eval.criteria.run_command: Running command for criterion 'Connector event-trigger start is a public-safe draft with valid structure': python3 $TASK_DIR/check_event_trigger_start.py
2026-08-15 00:35:55 [DEBUG] coder_eval.sandbox: Command 'python3 $TASK_DIR/check_event_trigger_start.py' exited with code 0
2026-08-15 00:35:55 [DEBUG] coder_eval.sandbox: STDOUT:
---
OK: InboxTriggerBpmn/InboxTriggerBpmn.bpmn starts on a public-safe connector event-trigger draft
---
2026-08-15 00:35:55 [DEBUG] coder_eval.evaluation.checker: Criterion 'run_command' score: 1.00
2026-08-15 00:35:55 [DEBUG] coder_eval.evaluation.judge_context: judge_context: include_reference=True but reference not set
2026-08-15 00:36:02 [DEBUG] coder_eval.evaluation.checker: Criterion 'llm_judge' score: 1.00
2026-08-15 00:36:02 [INFO] coder_eval.orchestrator: Success criteria: 4/4 passed, weighted score: 1.000
2026-08-15 00:36:02 [DEBUG] coder_eval.utils: Resolved @uipath plugin-tools dir=/usr/lib/node_modules/@uipath from `uip` at /usr/lib/node_modules/@uipath/cli/dist/index.js
2026-08-15 00:36:02 [INFO] coder_eval.orchestrator: Running post-run command: find . -maxdepth 5 -type d \( -name node_modules -o -name .npm-prefix -o -name .venv \) -prune -exec rm -rf {} +
2026-08-15 00:36:02 [INFO] coder_eval.orchestrator: Sandbox preserved (in-place): /work/output/artifacts/skill-bpmn-event-trigger-start
2026-08-15 00:36:02 [INFO] coder_eval.orchestrator: Task finished: status=SUCCESS duration=307.3s score=1.000 iterations=1
2026-08-15 00:36:02 [DEBUG] coder_eval.evaluation.judge_persistence: spilled 1 judge transcript(s) to /work/output


================================================================================
TASK: default/skill-bpmn-expr-computed-js/00
================================================================================

2026-08-15 00:33:35 [DEBUG] coder_eval.utils: Resolved @uipath plugin-tools dir=/usr/lib/node_modules/@uipath from `uip` at /usr/lib/node_modules/@uipath/cli/dist/index.js
2026-08-15 00:33:35 [INFO] coder_eval.orchestrator: API routing: aws_bedrock
2026-08-15 00:33:35 [DEBUG] coder_eval.criteria: Discovered 14 criterion checkers
2026-08-15 00:33:35 [DEBUG] coder_eval.criteria: Validated 14 criterion checkers
2026-08-15 00:33:35 [DEBUG] coder_eval.utils: Resolved @uipath plugin-tools dir=/usr/lib/node_modules/@uipath from `uip` at /usr/lib/node_modules/@uipath/cli/dist/index.js
2026-08-15 00:33:36 [DEBUG] coder_eval.orchestrator: Sending prompt: Load and follow the uipath-maestro-bpmn skill.

Author a local Maestro BPMN project named "ComputedJ...
2026-08-15 00:33:36 [DEBUG] coder_eval.agents.claude_code_agent: [coder] Starting agent query stream...
2026-08-15 00:40:57 [DEBUG] coder_eval.agents.claude_code_agent: [coder] session_id changed: None -> 2ac08f96-aac3-4fef-9e2e-5ca845bd9782
2026-08-15 00:40:57 [DEBUG] coder_eval.agents.claude_code_agent: [coder] Agent query stream ended
2026-08-15 00:40:57 [DEBUG] coder_eval.utils: Resolved @uipath plugin-tools dir=/usr/lib/node_modules/@uipath from `uip` at /usr/lib/node_modules/@uipath/cli/dist/index.js
2026-08-15 00:40:57 [DEBUG] coder_eval.orchestrator: Agent response received (4289 chars)
2026-08-15 00:40:57 [DEBUG] coder_eval.orchestrator: Checking success criteria
2026-08-15 00:40:57 [DEBUG] coder_eval.evaluation.checker: Criterion 'file_exists' score: 1.00
2026-08-15 00:40:57 [DEBUG] coder_eval.evaluation.checker: Criterion 'file_contains' score: 1.00
2026-08-15 00:40:57 [DEBUG] coder_eval.criteria.run_command: Running command for criterion 'Computed =js: expression present and all json-typed bodies parse as JSON': python3 $TASK_DIR/check_computed_js.py
2026-08-15 00:40:58 [DEBUG] coder_eval.sandbox: Command 'python3 $TASK_DIR/check_computed_js.py' exited with code 0
2026-08-15 00:40:58 [DEBUG] coder_eval.sandbox: STDOUT:
---
OK: ComputedJsBpmn/ComputedJsBpmn.bpmn uses a computed =js: expression with valid json-typed bodies
---
2026-08-15 00:40:58 [DEBUG] coder_eval.evaluation.checker: Criterion 'run_command' score: 1.00
2026-08-15 00:40:58 [INFO] coder_eval.orchestrator: Success criteria: 3/3 passed, weighted score: 1.000
2026-08-15 00:40:58 [WARNING] coder_eval.orchestrator: Visible turns (20) exceeded expected_turns (18) at iteration 1 for task skill-bpmn-expr-computed-js. Run continues — max_turns remains the hard cap.
2026-08-15 00:40:58 [DEBUG] coder_eval.utils: Resolved @uipath plugin-tools dir=/usr/lib/node_modules/@uipath from `uip` at /usr/lib/node_modules/@uipath/cli/dist/index.js
2026-08-15 00:40:58 [INFO] coder_eval.orchestrator: Running post-run command: find . -maxdepth 5 -type d \( -name node_modules -o -name .npm-prefix -o -name .venv \) -prune -exec rm -rf {} +
2026-08-15 00:40:58 [INFO] coder_eval.orchestrator: Sandbox preserved (in-place): /work/output/artifacts/skill-bpmn-expr-computed-js
2026-08-15 00:40:58 [INFO] coder_eval.orchestrator: Task finished: status=SUCCESS duration=449.6s score=1.000 iterations=1


================================================================================
TASK: default/skill-bpmn-expr-error-mapping/00
================================================================================

2026-08-15 00:35:53 [DEBUG] coder_eval.utils: Resolved @uipath plugin-tools dir=/usr/lib/node_modules/@uipath from `uip` at /usr/lib/node_modules/@uipath/cli/dist/index.js
2026-08-15 00:35:53 [INFO] coder_eval.orchestrator: API routing: aws_bedrock
2026-08-15 00:35:53 [DEBUG] coder_eval.criteria: Discovered 14 criterion checkers
2026-08-15 00:35:53 [DEBUG] coder_eval.criteria: Validated 14 criterion checkers
2026-08-15 00:35:53 [DEBUG] coder_eval.utils: Resolved @uipath plugin-tools dir=/usr/lib/node_modules/@uipath from `uip` at /usr/lib/node_modules/@uipath/cli/dist/index.js
2026-08-15 00:35:53 [DEBUG] coder_eval.orchestrator: Sending prompt: Load and follow the uipath-maestro-bpmn skill.

Author a local Maestro BPMN project named "ErrorMapp...
2026-08-15 00:35:53 [DEBUG] coder_eval.agents.claude_code_agent: [coder] Starting agent query stream...
2026-08-15 00:40:39 [DEBUG] coder_eval.agents.claude_code_agent: [coder] session_id changed: None -> 5b204d5d-e53e-4314-964f-a437d46262e3
2026-08-15 00:40:39 [DEBUG] coder_eval.agents.claude_code_agent: [coder] Agent query stream ended
2026-08-15 00:40:39 [DEBUG] coder_eval.utils: Resolved @uipath plugin-tools dir=/usr/lib/node_modules/@uipath from `uip` at /usr/lib/node_modules/@uipath/cli/dist/index.js
2026-08-15 00:40:39 [DEBUG] coder_eval.orchestrator: Agent response received (5916 chars)
2026-08-15 00:40:39 [DEBUG] coder_eval.orchestrator: Checking success criteria
2026-08-15 00:40:39 [DEBUG] coder_eval.evaluation.checker: Criterion 'file_exists' score: 1.00
2026-08-15 00:40:39 [DEBUG] coder_eval.evaluation.checker: Criterion 'file_contains' score: 1.00
2026-08-15 00:40:39 [DEBUG] coder_eval.criteria.run_command: Running command for criterion 'errorMapping condition branches on vars.error.code and the graph is sound': python3 $TASK_DIR/check_error_mapping.py
2026-08-15 00:40:39 [DEBUG] coder_eval.sandbox: Command 'python3 $TASK_DIR/check_error_mapping.py' exited with code 0
2026-08-15 00:40:39 [DEBUG] coder_eval.sandbox: STDOUT:
---
OK: ErrorMappingBpmn/ErrorMappingBpmn.bpmn branches on vars.error.code via uipath:errorMapping
---
2026-08-15 00:40:39 [DEBUG] coder_eval.evaluation.checker: Criterion 'run_command' score: 1.00
2026-08-15 00:40:39 [INFO] coder_eval.orchestrator: Success criteria: 3/3 passed, weighted score: 1.000
2026-08-15 00:40:39 [DEBUG] coder_eval.utils: Resolved @uipath plugin-tools dir=/usr/lib/node_modules/@uipath from `uip` at /usr/lib/node_modules/@uipath/cli/dist/index.js
2026-08-15 00:40:39 [INFO] coder_eval.orchestrator: Running post-run command: find . -maxdepth 5 -type d \( -name node_modules -o -name .npm-prefix -o -name .venv \) -prune -exec rm -rf {} +
2026-08-15 00:40:39 [INFO] coder_eval.orchestrator: Sandbox preserved (in-place): /work/output/artifacts/skill-bpmn-expr-error-mapping
2026-08-15 00:40:39 [INFO] coder_eval.orchestrator: Task finished: status=SUCCESS duration=290.5s score=1.000 iterations=1


================================================================================
TASK: default/skill-bpmn-expr-multiinstance-iterator/00
================================================================================

2026-08-15 00:31:16 [DEBUG] coder_eval.utils: Resolved @uipath plugin-tools dir=/usr/lib/node_modules/@uipath from `uip` at /usr/lib/node_modules/@uipath/cli/dist/index.js
2026-08-15 00:31:16 [INFO] coder_eval.orchestrator: API routing: aws_bedrock
2026-08-15 00:31:16 [DEBUG] coder_eval.criteria: Discovered 14 criterion checkers
2026-08-15 00:31:16 [DEBUG] coder_eval.criteria: Validated 14 criterion checkers
2026-08-15 00:31:16 [DEBUG] coder_eval.utils: Resolved @uipath plugin-tools dir=/usr/lib/node_modules/@uipath from `uip` at /usr/lib/node_modules/@uipath/cli/dist/index.js
2026-08-15 00:31:17 [DEBUG] coder_eval.orchestrator: Sending prompt: Load and follow the uipath-maestro-bpmn skill.

Author a local Maestro BPMN project named "MultiInst...
2026-08-15 00:31:18 [DEBUG] coder_eval.agents.claude_code_agent: [coder] Starting agent query stream...
2026-08-15 00:41:01 [DEBUG] coder_eval.agents.claude_code_agent: [coder] session_id changed: None -> 17a1b3c3-ab6c-4ddb-b24c-7bf8bea484df
2026-08-15 00:41:01 [DEBUG] coder_eval.agents.claude_code_agent: [coder] Agent query stream ended
2026-08-15 00:41:01 [DEBUG] coder_eval.utils: Resolved @uipath plugin-tools dir=/usr/lib/node_modules/@uipath from `uip` at /usr/lib/node_modules/@uipath/cli/dist/index.js
2026-08-15 00:41:01 [DEBUG] coder_eval.orchestrator: Agent response received (6319 chars)
2026-08-15 00:41:01 [DEBUG] coder_eval.orchestrator: Checking success criteria
2026-08-15 00:41:01 [DEBUG] coder_eval.evaluation.checker: Criterion 'file_exists' score: 1.00
2026-08-15 00:41:01 [DEBUG] coder_eval.evaluation.checker: Criterion 'file_contains' score: 1.00
2026-08-15 00:41:01 [DEBUG] coder_eval.criteria.run_command: Running command for criterion 'Subprocess body reads iterator[0].item / iterator[0].loopCounter and the graph is sound': python3 $TASK_DIR/check_multiinstance_iterator.py
2026-08-15 00:41:01 [DEBUG] coder_eval.sandbox: Command 'python3 $TASK_DIR/check_multiinstance_iterator.py' exited with code 0
2026-08-15 00:41:01 [DEBUG] coder_eval.sandbox: STDOUT:
---
OK: MultiInstanceIteratorBpmn/MultiInstanceIteratorBpmn.bpmn reads iterator[0].item / iterator[0].loopCounter at subprocess depth
---
2026-08-15 00:41:01 [DEBUG] coder_eval.evaluation.checker: Criterion 'run_command' score: 1.00
2026-08-15 00:41:01 [INFO] coder_eval.orchestrator: Success criteria: 3/3 passed, weighted score: 1.000
2026-08-15 00:41:01 [WARNING] coder_eval.orchestrator: Visible turns (22) exceeded expected_turns (20) at iteration 1 for task skill-bpmn-expr-multiinstance-iterator. Run continues — max_turns remains the hard cap.
2026-08-15 00:41:01 [DEBUG] coder_eval.utils: Resolved @uipath plugin-tools dir=/usr/lib/node_modules/@uipath from `uip` at /usr/lib/node_modules/@uipath/cli/dist/index.js
2026-08-15 00:41:01 [INFO] coder_eval.orchestrator: Running post-run command: find . -maxdepth 5 -type d \( -name node_modules -o -name .npm-prefix -o -name .venv \) -prune -exec rm -rf {} +
2026-08-15 00:41:01 [INFO] coder_eval.orchestrator: Sandbox preserved (in-place): /work/output/artifacts/skill-bpmn-expr-multiinstance-iterator
2026-08-15 00:41:01 [INFO] coder_eval.orchestrator: Task finished: status=SUCCESS duration=595.9s score=1.000 iterations=1


================================================================================
TASK: default/skill-bpmn-feet-inches/00
================================================================================

2026-08-15 00:33:34 [DEBUG] coder_eval.utils: Resolved @uipath plugin-tools dir=/usr/lib/node_modules/@uipath from `uip` at /usr/lib/node_modules/@uipath/cli/dist/index.js
2026-08-15 00:33:34 [INFO] coder_eval.orchestrator: API routing: aws_bedrock
2026-08-15 00:33:34 [DEBUG] coder_eval.criteria: Discovered 14 criterion checkers
2026-08-15 00:33:34 [DEBUG] coder_eval.criteria: Validated 14 criterion checkers
2026-08-15 00:33:34 [DEBUG] coder_eval.utils: Resolved @uipath plugin-tools dir=/usr/lib/node_modules/@uipath from `uip` at /usr/lib/node_modules/@uipath/cli/dist/index.js
2026-08-15 00:33:35 [DEBUG] coder_eval.orchestrator: Sending prompt: Load and follow the uipath-maestro-bpmn skill.

Author a local Maestro BPMN project named "FeetInche...
2026-08-15 00:33:35 [DEBUG] coder_eval.agents.claude_code_agent: [coder] Starting agent query stream...
2026-08-15 00:37:13 [DEBUG] coder_eval.agents.claude_code_agent: [coder] session_id changed: None -> 342b9f8a-55a8-4ba4-9664-93984e46a21e
2026-08-15 00:37:13 [DEBUG] coder_eval.agents.claude_code_agent: [coder] Agent query stream ended
2026-08-15 00:37:13 [DEBUG] coder_eval.utils: Resolved @uipath plugin-tools dir=/usr/lib/node_modules/@uipath from `uip` at /usr/lib/node_modules/@uipath/cli/dist/index.js
2026-08-15 00:37:13 [DEBUG] coder_eval.orchestrator: Agent response received (4333 chars)
2026-08-15 00:37:13 [DEBUG] coder_eval.orchestrator: Checking success criteria
2026-08-15 00:37:13 [DEBUG] coder_eval.evaluation.checker: Criterion 'file_exists' score: 1.00
2026-08-15 00:37:13 [DEBUG] coder_eval.criteria.run_command: Running command for criterion 'BPMN is a linear script-task pipeline with variable passing and valid DI': python3 $TASK_DIR/check_feet_inches.py
2026-08-15 00:37:14 [DEBUG] coder_eval.sandbox: Command 'python3 $TASK_DIR/check_feet_inches.py' exited with code 0
2026-08-15 00:37:14 [DEBUG] coder_eval.sandbox: STDOUT:
---
OK: FeetInchesBpmn/FeetInchesBpmn.bpmn is a sequential script-task pipeline with variable passing between nodes
---
2026-08-15 00:37:14 [DEBUG] coder_eval.evaluation.checker: Criterion 'run_command' score: 1.00
2026-08-15 00:37:14 [INFO] coder_eval.orchestrator: Success criteria: 2/2 passed, weighted score: 1.000
2026-08-15 00:37:14 [DEBUG] coder_eval.utils: Resolved @uipath plugin-tools dir=/usr/lib/node_modules/@uipath from `uip` at /usr/lib/node_modules/@uipath/cli/dist/index.js
2026-08-15 00:37:14 [INFO] coder_eval.orchestrator: Running post-run command: find . -maxdepth 5 -type d \( -name node_modules -o -name .npm-prefix -o -name .venv \) -prune -exec rm -rf {} +
2026-08-15 00:37:14 [INFO] coder_eval.orchestrator: Sandbox preserved (in-place): /work/output/artifacts/skill-bpmn-feet-inches
2026-08-15 00:37:14 [INFO] coder_eval.orchestrator: Task finished: status=SUCCESS duration=225.5s score=1.000 iterations=1


================================================================================
TASK: default/skill-bpmn-gateway-sequence-flows/00
================================================================================

2026-08-15 00:35:29 [DEBUG] coder_eval.utils: Resolved @uipath plugin-tools dir=/usr/lib/node_modules/@uipath from `uip` at /usr/lib/node_modules/@uipath/cli/dist/index.js
2026-08-15 00:35:29 [INFO] coder_eval.orchestrator: API routing: aws_bedrock
2026-08-15 00:35:29 [DEBUG] coder_eval.criteria: Discovered 14 criterion checkers
2026-08-15 00:35:29 [DEBUG] coder_eval.criteria: Validated 14 criterion checkers
2026-08-15 00:35:29 [DEBUG] coder_eval.utils: Resolved @uipath plugin-tools dir=/usr/lib/node_modules/@uipath from `uip` at /usr/lib/node_modules/@uipath/cli/dist/index.js
2026-08-15 00:35:29 [DEBUG] coder_eval.orchestrator: Sending prompt: Create a local BPMN project named "InvoiceTriageBpmn" for this process:
- Manual start with input va...
2026-08-15 00:35:29 [DEBUG] coder_eval.agents.claude_code_agent: [coder] Starting agent query stream...
2026-08-15 00:50:30 [DEBUG] coder_eval.orchestrator: [skill-bpmn-gateway-sequence-flows] Drained partial turn record (attempt 1, iteration 1): 7 commands
2026-08-15 00:50:30 [ERROR] coder_eval.errors.executor: [skill-bpmn-gateway-sequence-flows] Agent communication failed (non-retryable): agent_timeout - Agent turn timed out after 900s (iteration 1)
2026-08-15 00:50:30 [ERROR] coder_eval.orchestrator: Evaluation failed: Agent turn timed out after 900s (iteration 1)
Traceback (most recent call last):
  File "/usr/local/lib/python3.13/site-packages/anyio/streams/memory.py", line 117, in receive
    return self.receive_nowait()
           ~~~~~~~~~~~~~~~~~~~^^
  File "/usr/local/lib/python3.13/site-packages/anyio/streams/memory.py", line 112, in receive_nowait
    raise WouldBlock
anyio.WouldBlock

During handling of the above exception, another exception occurred:

Traceback (most recent call last):
  File "/usr/local/lib/python3.13/site-packages/claude_agent_sdk/_internal/client.py", line 227, in _process_query_inner
    async for data in query.receive_messages():
    ...<2 lines>...
            yield message
  File "/usr/local/lib/python3.13/site-packages/claude_agent_sdk/_internal/query.py", line 847, in receive_messages
    async for message in self._message_receive:
    ...<6 lines>...
        yield message
  File "/usr/local/lib/python3.13/site-packages/anyio/abc/_streams.py", line 35, in __anext__
    return await self.receive()
           ^^^^^^^^^^^^^^^^^^^^
  File "/usr/local/lib/python3.13/site-packages/anyio/streams/memory.py", line 125, in receive
    await receive_event.wait()
  File "/usr/local/lib/python3.13/site-packages/anyio/_backends/_asyncio.py", line 1804, in wait
    await self._event.wait()
  File "/usr/local/lib/python3.13/asyncio/locks.py", line 213, in wait
    await fut
asyncio.exceptions.CancelledError

During handling of the above exception, another exception occurred:

Traceback (most recent call last):
  File "/opt/coder_eval/src/coder_eval/agents/claude_code_agent.py", line 915, in communicate
    await self._pump_messages(state, query_kwargs, deadline, should_stop)
  File "/opt/coder_eval/src/coder_eval/agents/claude_code_agent.py", line 1025, in _pump_messages
    async for message in query(**query_kwargs):
    ...<8 lines>...
            break
  File "/usr/local/lib/python3.13/site-packages/claude_agent_sdk/query.py", line 123, in query
    async for message in client.process_query(
    ...<2 lines>...
        yield message
  File "/usr/local/lib/python3.13/site-packages/claude_agent_sdk/_internal/client.py", line 75, in process_query
    async for msg in inner:
        yield msg
  File "/usr/local/lib/python3.13/site-packages/claude_agent_sdk/_internal/client.py", line 233, in _process_query_inner
    await query.close()
  File "/usr/local/lib/python3.13/site-packages/claude_agent_sdk/_internal/query.py", line 884, in close
    await self._close_impl()
  File "/usr/local/lib/python3.13/site-packages/claude_agent_sdk/_internal/query.py", line 907, in _close_impl
    await self.transport.close()
  File "/usr/local/lib/python3.13/site-packages/claude_agent_sdk/_internal/transport/subprocess_cli.py", line 893, in close
    await self._process.wait()
  File "/usr/local/lib/python3.13/site-packages/anyio/_backends/_asyncio.py", line 1112, in wait
    return await self._process.wait()
           ^^^^^^^^^^^^^^^^^^^^^^^^^^
  File "/usr/local/lib/python3.13/asyncio/subprocess.py", line 137, in wait
    return await self._transport._wait()
           ^^^^^^^^^^^^^^^^^^^^^^^^^^^^^
  File "/usr/local/lib/python3.13/asyncio/base_subprocess.py", line 255, in _wait
    return await waiter
           ^^^^^^^^^^^^
asyncio.exceptions.CancelledError

During handling of the above exception, another exception occurred:

Traceback (most recent call last):
  File "/opt/coder_eval/src/coder_eval/orchestrator.py", line 475, in run
    success = await self._evaluation_loop()
              ^^^^^^^^^^^^^^^^^^^^^^^^^^^^^
  File "/opt/coder_eval/src/coder_eval/orchestrator.py", line 1387, in _evaluation_loop
    turn_record = await self._communicate_with_retry(
                  ^^^^^^^^^^^^^^^^^^^^^^^^^^^^^^^^^^^
    ...<3 lines>...
    )
    ^
  File "/opt/coder_eval/src/coder_eval/orchestrator.py", line 1263, in _communicate_with_retry
    turn_record = await execute_with_retry(
                  ^^^^^^^^^^^^^^^^^^^^^^^^^
    ...<8 lines>...
    )
    ^
  File "/opt/coder_eval/src/coder_eval/errors/executor.py", line 71, in execute_with_retry
    return await operation()
           ^^^^^^^^^^^^^^^^^
  File "/opt/coder_eval/src/coder_eval/orchestrator.py", line 1245, in _communicate_attempt
    return await asyncio.wait_for(coro, timeout=outer_timeout)
           ^^^^^^^^^^^^^^^^^^^^^^^^^^^^^^^^^^^^^^^^^^^^^^^^^^^
  File "/usr/local/lib/python3.13/asyncio/tasks.py", line 507, in wait_for
    return await fut
           ^^^^^^^^^
  File "/opt/coder_eval/src/coder_eval/agents/claude_code_agent.py", line 927, in communicate
    self._finalize_and_raise_timeout(state.finalize, timeout)
    ~~~~~~~~~~~~~~~~~~~~~~~~~~~~~~~~^^^^^^^^^^^^^^^^^^^^^^^^^
  File "/opt/coder_eval/src/coder_eval/agent.py", line 130, in _finalize_and_raise_timeout
    raise TurnTimeoutError(timeout, iteration=self._iteration)
coder_eval.errors.timeout.TurnTimeoutError: Agent turn timed out after 900s (iteration 1)
2026-08-15 00:50:30 [DEBUG] coder_eval.utils: Resolved @uipath plugin-tools dir=/usr/lib/node_modules/@uipath from `uip` at /usr/lib/node_modules/@uipath/cli/dist/index.js
2026-08-15 00:50:30 [INFO] coder_eval.orchestrator: Running post-run command: find . -maxdepth 5 -type d \( -name node_modules -o -name .npm-prefix -o -name .venv \) -prune -exec rm -rf {} +
2026-08-15 00:50:30 [INFO] coder_eval.orchestrator: Sandbox preserved (in-place): /work/output/artifacts/skill-bpmn-gateway-sequence-flows
2026-08-15 00:50:30 [INFO] coder_eval.orchestrator: Task finished: status=ERROR duration=903.4s score=0.000 iterations=1


================================================================================
TASK: default/skill-bpmn-hitl-boolean-decision/00
================================================================================

2026-08-15 00:31:14 [DEBUG] coder_eval.utils: Resolved @uipath plugin-tools dir=/usr/lib/node_modules/@uipath from `uip` at /usr/lib/node_modules/@uipath/cli/dist/index.js
2026-08-15 00:31:14 [INFO] coder_eval.orchestrator: API routing: aws_bedrock
2026-08-15 00:31:15 [DEBUG] coder_eval.criteria: Discovered 14 criterion checkers
2026-08-15 00:31:15 [DEBUG] coder_eval.criteria: Validated 14 criterion checkers
2026-08-15 00:31:15 [DEBUG] coder_eval.utils: Resolved @uipath plugin-tools dir=/usr/lib/node_modules/@uipath from `uip` at /usr/lib/node_modules/@uipath/cli/dist/index.js
2026-08-15 00:31:16 [DEBUG] coder_eval.orchestrator: Sending prompt: Create a local BPMN project named "VendorApprovalBpmn" for vendor onboarding:

1. Manual start.
2. A...
2026-08-15 00:31:16 [DEBUG] coder_eval.agents.claude_code_agent: [coder] Starting agent query stream...
2026-08-15 00:44:13 [DEBUG] coder_eval.agents.claude_code_agent: [coder] session_id changed: None -> 513e2e0b-10c7-4a13-aea5-64da9111b811
2026-08-15 00:44:13 [DEBUG] coder_eval.agents.claude_code_agent: [coder] Agent query stream ended
2026-08-15 00:44:13 [DEBUG] coder_eval.utils: Resolved @uipath plugin-tools dir=/usr/lib/node_modules/@uipath from `uip` at /usr/lib/node_modules/@uipath/cli/dist/index.js
2026-08-15 00:44:13 [DEBUG] coder_eval.orchestrator: Agent response received (6142 chars)
2026-08-15 00:44:13 [DEBUG] coder_eval.orchestrator: Checking success criteria
2026-08-15 00:44:13 [DEBUG] coder_eval.evaluation.checker: Criterion 'file_exists' score: 1.00
2026-08-15 00:44:13 [DEBUG] coder_eval.evaluation.checker: Criterion 'file_contains' score: 1.00
2026-08-15 00:44:13 [DEBUG] coder_eval.criteria.run_command: Running command for criterion 'Boolean approval is typed boolean and routed as a boolean (not stringly-typed)': python3 $TASK_DIR/check_quality_boolean_decision.py
2026-08-15 00:44:13 [DEBUG] coder_eval.sandbox: Command 'python3 $TASK_DIR/check_quality_boolean_decision.py' exited with code 0
2026-08-15 00:44:13 [DEBUG] coder_eval.sandbox: STDOUT:
---
OK: VendorApprovalBpmn/VendorApprovalBpmn.bpmn models the approval as a boolean and routes on it as a boolean
---
2026-08-15 00:44:13 [DEBUG] coder_eval.evaluation.checker: Criterion 'run_command' score: 1.00
2026-08-15 00:44:13 [INFO] coder_eval.orchestrator: Success criteria: 3/3 passed, weighted score: 1.000
2026-08-15 00:44:13 [DEBUG] coder_eval.utils: Resolved @uipath plugin-tools dir=/usr/lib/node_modules/@uipath from `uip` at /usr/lib/node_modules/@uipath/cli/dist/index.js
2026-08-15 00:44:13 [INFO] coder_eval.orchestrator: Running post-run command: find . -maxdepth 5 -type d \( -name node_modules -o -name .npm-prefix -o -name .venv \) -prune -exec rm -rf {} +
2026-08-15 00:44:13 [INFO] coder_eval.orchestrator: Sandbox preserved (in-place): /work/output/artifacts/skill-bpmn-hitl-boolean-decision
2026-08-15 00:44:13 [INFO] coder_eval.orchestrator: Task finished: status=SUCCESS duration=788.3s score=1.000 iterations=1


================================================================================
TASK: default/skill-bpmn-hitl-brownfield-insert/00
================================================================================

2026-08-15 00:31:09 [DEBUG] coder_eval.utils: Resolved @uipath plugin-tools dir=/usr/lib/node_modules/@uipath from `uip` at /usr/lib/node_modules/@uipath/cli/dist/index.js
2026-08-15 00:31:09 [INFO] coder_eval.orchestrator: API routing: aws_bedrock
2026-08-15 00:31:09 [DEBUG] coder_eval.criteria: Discovered 14 criterion checkers
2026-08-15 00:31:09 [DEBUG] coder_eval.criteria: Validated 14 criterion checkers
2026-08-15 00:31:09 [DEBUG] coder_eval.utils: Resolved @uipath plugin-tools dir=/usr/lib/node_modules/@uipath from `uip` at /usr/lib/node_modules/@uipath/cli/dist/index.js
2026-08-15 00:31:11 [DEBUG] coder_eval.orchestrator: Sending prompt: An existing UiPath Maestro BPMN project is at `OrderFulfillmentBpmn/` in the
current directory. Its ...
2026-08-15 00:31:11 [DEBUG] coder_eval.agents.claude_code_agent: [coder] Starting agent query stream...
2026-08-15 00:34:50 [DEBUG] coder_eval.agents.claude_code_agent: [coder] session_id changed: None -> 3c798aa6-7990-4e2e-b6d8-905792d98736
2026-08-15 00:34:50 [DEBUG] coder_eval.agents.claude_code_agent: [coder] Agent query stream ended
2026-08-15 00:34:50 [DEBUG] coder_eval.utils: Resolved @uipath plugin-tools dir=/usr/lib/node_modules/@uipath from `uip` at /usr/lib/node_modules/@uipath/cli/dist/index.js
2026-08-15 00:34:50 [DEBUG] coder_eval.orchestrator: Agent response received (5720 chars)
2026-08-15 00:34:50 [DEBUG] coder_eval.orchestrator: Checking success criteria
2026-08-15 00:34:50 [DEBUG] coder_eval.evaluation.checker: Criterion 'file_exists' score: 1.00
2026-08-15 00:34:50 [DEBUG] coder_eval.evaluation.checker: Criterion 'file_contains' score: 1.00
2026-08-15 00:34:50 [DEBUG] coder_eval.criteria.run_command: Running command for criterion 'HITL spliced in surgically: original IDs/scripts preserved, only the target edge re-routed': python3 $TASK_DIR/check_quality_brownfield_insert.py
2026-08-15 00:34:51 [DEBUG] coder_eval.sandbox: Command 'python3 $TASK_DIR/check_quality_brownfield_insert.py' exited with code 0
2026-08-15 00:34:51 [DEBUG] coder_eval.sandbox: STDOUT:
---
OK: OrderFulfillmentBpmn/OrderFulfillmentBpmn.bpmn spliced the HITL gate in surgically, preserving original structure
---
2026-08-15 00:34:51 [DEBUG] coder_eval.evaluation.checker: Criterion 'run_command' score: 1.00
2026-08-15 00:34:51 [INFO] coder_eval.orchestrator: Success criteria: 3/3 passed, weighted score: 1.000
2026-08-15 00:34:51 [DEBUG] coder_eval.utils: Resolved @uipath plugin-tools dir=/usr/lib/node_modules/@uipath from `uip` at /usr/lib/node_modules/@uipath/cli/dist/index.js
2026-08-15 00:34:51 [INFO] coder_eval.orchestrator: Running post-run command: find . -maxdepth 5 -type d \( -name node_modules -o -name .npm-prefix -o -name .venv \) -prune -exec rm -rf {} +
2026-08-15 00:34:51 [INFO] coder_eval.orchestrator: Sandbox preserved (in-place): /work/output/artifacts/skill-bpmn-hitl-brownfield-insert
2026-08-15 00:34:51 [INFO] coder_eval.orchestrator: Task finished: status=SUCCESS duration=231.7s score=1.000 iterations=1


================================================================================
TASK: default/skill-bpmn-hitl-completed-wired/00
================================================================================

2026-08-15 00:31:18 [DEBUG] coder_eval.utils: Resolved @uipath plugin-tools dir=/usr/lib/node_modules/@uipath from `uip` at /usr/lib/node_modules/@uipath/cli/dist/index.js
2026-08-15 00:31:18 [INFO] coder_eval.orchestrator: API routing: aws_bedrock
2026-08-15 00:31:19 [DEBUG] coder_eval.criteria: Discovered 14 criterion checkers
2026-08-15 00:31:19 [DEBUG] coder_eval.criteria: Validated 14 criterion checkers
2026-08-15 00:31:19 [DEBUG] coder_eval.utils: Resolved @uipath plugin-tools dir=/usr/lib/node_modules/@uipath from `uip` at /usr/lib/node_modules/@uipath/cli/dist/index.js
2026-08-15 00:31:20 [DEBUG] coder_eval.orchestrator: Sending prompt: Create a local BPMN project named "PurchaseApprovalBpmn" with this process:
manual start -> HITL app...
2026-08-15 00:31:20 [DEBUG] coder_eval.agents.claude_code_agent: [coder] Starting agent query stream...
2026-08-15 00:35:06 [DEBUG] coder_eval.agents.claude_code_agent: [coder] session_id changed: None -> e4e65d24-fd06-461b-9334-595203d6d789
2026-08-15 00:35:06 [DEBUG] coder_eval.agents.claude_code_agent: [coder] Agent query stream ended
2026-08-15 00:35:06 [DEBUG] coder_eval.utils: Resolved @uipath plugin-tools dir=/usr/lib/node_modules/@uipath from `uip` at /usr/lib/node_modules/@uipath/cli/dist/index.js
2026-08-15 00:35:06 [DEBUG] coder_eval.orchestrator: Agent response received (5110 chars)
2026-08-15 00:35:06 [DEBUG] coder_eval.orchestrator: Checking success criteria
2026-08-15 00:35:06 [DEBUG] coder_eval.evaluation.checker: Criterion 'file_exists' score: 1.00
2026-08-15 00:35:06 [DEBUG] coder_eval.evaluation.checker: Criterion 'file_contains' score: 1.00
2026-08-15 00:35:06 [DEBUG] coder_eval.criteria.run_command: Running command for criterion 'HITL completion is wired to a downstream step that reaches an end event': python3 $TASK_DIR/check_smoke_completed_wired.py
2026-08-15 00:35:06 [DEBUG] coder_eval.sandbox: Command 'python3 $TASK_DIR/check_smoke_completed_wired.py' exited with code 0
2026-08-15 00:35:06 [DEBUG] coder_eval.sandbox: STDOUT:
---
OK: PurchaseApprovalBpmn/PurchaseApprovalBpmn.bpmn wires HITL completion to a downstream step that reaches an end event
---
2026-08-15 00:35:06 [DEBUG] coder_eval.evaluation.checker: Criterion 'run_command' score: 1.00
2026-08-15 00:35:06 [INFO] coder_eval.orchestrator: Success criteria: 3/3 passed, weighted score: 1.000
2026-08-15 00:35:06 [DEBUG] coder_eval.utils: Resolved @uipath plugin-tools dir=/usr/lib/node_modules/@uipath from `uip` at /usr/lib/node_modules/@uipath/cli/dist/index.js
2026-08-15 00:35:06 [INFO] coder_eval.orchestrator: Running post-run command: find . -maxdepth 5 -type d \( -name node_modules -o -name .npm-prefix -o -name .venv \) -prune -exec rm -rf {} +
2026-08-15 00:35:06 [INFO] coder_eval.orchestrator: Sandbox preserved (in-place): /work/output/artifacts/skill-bpmn-hitl-completed-wired
2026-08-15 00:35:06 [INFO] coder_eval.orchestrator: Task finished: status=SUCCESS duration=238.8s score=1.000 iterations=1


================================================================================
TASK: default/skill-bpmn-hitl-multi-outcome-routing/00
================================================================================

2026-08-15 00:31:10 [DEBUG] coder_eval.utils: Resolved @uipath plugin-tools dir=/usr/lib/node_modules/@uipath from `uip` at /usr/lib/node_modules/@uipath/cli/dist/index.js
2026-08-15 00:31:10 [INFO] coder_eval.orchestrator: API routing: aws_bedrock
2026-08-15 00:31:10 [DEBUG] coder_eval.criteria: Discovered 14 criterion checkers
2026-08-15 00:31:10 [DEBUG] coder_eval.criteria: Validated 14 criterion checkers
2026-08-15 00:31:10 [DEBUG] coder_eval.utils: Resolved @uipath plugin-tools dir=/usr/lib/node_modules/@uipath from `uip` at /usr/lib/node_modules/@uipath/cli/dist/index.js
2026-08-15 00:31:11 [DEBUG] coder_eval.orchestrator: Sending prompt: Create a local BPMN project named "LeaveRequestBpmn" with this process:

1. Manual start.
2. HITL us...
2026-08-15 00:31:11 [DEBUG] coder_eval.agents.claude_code_agent: [coder] Starting agent query stream...
2026-08-15 00:39:11 [DEBUG] coder_eval.agents.claude_code_agent: [coder] session_id changed: None -> 589ebee6-8184-44ca-af7f-17ce852bcca9
2026-08-15 00:39:11 [DEBUG] coder_eval.agents.claude_code_agent: [coder] Agent query stream ended
2026-08-15 00:39:11 [DEBUG] coder_eval.utils: Resolved @uipath plugin-tools dir=/usr/lib/node_modules/@uipath from `uip` at /usr/lib/node_modules/@uipath/cli/dist/index.js
2026-08-15 00:39:11 [DEBUG] coder_eval.orchestrator: Agent response received (5975 chars)
2026-08-15 00:39:11 [DEBUG] coder_eval.orchestrator: Checking success criteria
2026-08-15 00:39:11 [DEBUG] coder_eval.evaluation.checker: Criterion 'file_exists' score: 1.00
2026-08-15 00:39:11 [DEBUG] coder_eval.evaluation.checker: Criterion 'file_contains' score: 1.00
2026-08-15 00:39:11 [DEBUG] coder_eval.criteria.run_command: Running command for criterion 'HITL outcome routed through an exclusive gateway into three distinct paths': python3 $TASK_DIR/check_smoke_multi_outcome_routing.py
2026-08-15 00:39:11 [DEBUG] coder_eval.sandbox: Command 'python3 $TASK_DIR/check_smoke_multi_outcome_routing.py' exited with code 0
2026-08-15 00:39:11 [DEBUG] coder_eval.sandbox: STDOUT:
---
OK: LeaveRequestBpmn/LeaveRequestBpmn.bpmn routes the HITL outcome into three distinct gateway branches
---
2026-08-15 00:39:11 [DEBUG] coder_eval.evaluation.checker: Criterion 'run_command' score: 1.00
2026-08-15 00:39:11 [INFO] coder_eval.orchestrator: Success criteria: 3/3 passed, weighted score: 1.000
2026-08-15 00:39:11 [WARNING] coder_eval.orchestrator: Visible turns (25) exceeded expected_turns (24) at iteration 1 for task skill-bpmn-hitl-multi-outcome-routing. Run continues — max_turns remains the hard cap.
2026-08-15 00:39:11 [DEBUG] coder_eval.utils: Resolved @uipath plugin-tools dir=/usr/lib/node_modules/@uipath from `uip` at /usr/lib/node_modules/@uipath/cli/dist/index.js
2026-08-15 00:39:11 [INFO] coder_eval.orchestrator: Running post-run command: find . -maxdepth 5 -type d \( -name node_modules -o -name .npm-prefix -o -name .venv \) -prune -exec rm -rf {} +
2026-08-15 00:39:11 [INFO] coder_eval.orchestrator: Sandbox preserved (in-place): /work/output/artifacts/skill-bpmn-hitl-multi-outcome-routing
2026-08-15 00:39:11 [INFO] coder_eval.orchestrator: Task finished: status=SUCCESS duration=491.0s score=1.000 iterations=1


================================================================================
TASK: default/skill-bpmn-hitl-result-downstream/00
================================================================================

2026-08-15 00:35:52 [DEBUG] coder_eval.utils: Resolved @uipath plugin-tools dir=/usr/lib/node_modules/@uipath from `uip` at /usr/lib/node_modules/@uipath/cli/dist/index.js
2026-08-15 00:35:52 [INFO] coder_eval.orchestrator: API routing: aws_bedrock
2026-08-15 00:35:52 [DEBUG] coder_eval.criteria: Discovered 14 criterion checkers
2026-08-15 00:35:52 [DEBUG] coder_eval.criteria: Validated 14 criterion checkers
2026-08-15 00:35:52 [DEBUG] coder_eval.utils: Resolved @uipath plugin-tools dir=/usr/lib/node_modules/@uipath from `uip` at /usr/lib/node_modules/@uipath/cli/dist/index.js
2026-08-15 00:35:52 [DEBUG] coder_eval.orchestrator: Sending prompt: Create a local BPMN project named "ExpenseApprovalBpmn" with this process:

1. Manual start.
2. HITL...
2026-08-15 00:35:52 [DEBUG] coder_eval.agents.claude_code_agent: [coder] Starting agent query stream...
2026-08-15 00:40:28 [DEBUG] coder_eval.agents.claude_code_agent: [coder] session_id changed: None -> d236c5a2-9f50-439f-95bb-80494c934221
2026-08-15 00:40:28 [DEBUG] coder_eval.agents.claude_code_agent: [coder] Agent query stream ended
2026-08-15 00:40:28 [DEBUG] coder_eval.utils: Resolved @uipath plugin-tools dir=/usr/lib/node_modules/@uipath from `uip` at /usr/lib/node_modules/@uipath/cli/dist/index.js
2026-08-15 00:40:28 [DEBUG] coder_eval.orchestrator: Agent response received (5657 chars)
2026-08-15 00:40:28 [DEBUG] coder_eval.orchestrator: Checking success criteria
2026-08-15 00:40:28 [DEBUG] coder_eval.evaluation.checker: Criterion 'file_exists' score: 1.00
2026-08-15 00:40:28 [DEBUG] coder_eval.evaluation.checker: Criterion 'file_contains' score: 1.00
2026-08-15 00:40:28 [DEBUG] coder_eval.criteria.run_command: Running command for criterion 'A downstream gateway condition references the HITL output variable': python3 $TASK_DIR/check_quality_result_downstream.py
2026-08-15 00:40:29 [DEBUG] coder_eval.sandbox: Command 'python3 $TASK_DIR/check_quality_result_downstream.py' exited with code 0
2026-08-15 00:40:29 [DEBUG] coder_eval.sandbox: STDOUT:
---
OK: ExpenseApprovalBpmn/ExpenseApprovalBpmn.bpmn routes downstream on the HITL decision variable(s) ['Var_ApprovalDecision']
---
2026-08-15 00:40:29 [DEBUG] coder_eval.evaluation.checker: Criterion 'run_command' score: 1.00
2026-08-15 00:40:29 [INFO] coder_eval.orchestrator: Success criteria: 3/3 passed, weighted score: 1.000
2026-08-15 00:40:29 [DEBUG] coder_eval.utils: Resolved @uipath plugin-tools dir=/usr/lib/node_modules/@uipath from `uip` at /usr/lib/node_modules/@uipath/cli/dist/index.js
2026-08-15 00:40:29 [INFO] coder_eval.orchestrator: Running post-run command: find . -maxdepth 5 -type d \( -name node_modules -o -name .npm-prefix -o -name .venv \) -prune -exec rm -rf {} +
2026-08-15 00:40:29 [INFO] coder_eval.orchestrator: Sandbox preserved (in-place): /work/output/artifacts/skill-bpmn-hitl-result-downstream
2026-08-15 00:40:29 [INFO] coder_eval.orchestrator: Task finished: status=SUCCESS duration=280.0s score=1.000 iterations=1


================================================================================
TASK: default/skill-bpmn-hitl-rpa-wrappers/00
================================================================================

2026-08-15 00:31:06 [DEBUG] coder_eval.utils: Resolved @uipath plugin-tools dir=/usr/lib/node_modules/@uipath from `uip` at /usr/lib/node_modules/@uipath/cli/dist/index.js
2026-08-15 00:31:06 [INFO] coder_eval.orchestrator: API routing: aws_bedrock
2026-08-15 00:31:06 [DEBUG] coder_eval.criteria: Discovered 14 criterion checkers
2026-08-15 00:31:06 [DEBUG] coder_eval.criteria: Validated 14 criterion checkers
2026-08-15 00:31:06 [DEBUG] coder_eval.utils: Resolved @uipath plugin-tools dir=/usr/lib/node_modules/@uipath from `uip` at /usr/lib/node_modules/@uipath/cli/dist/index.js
2026-08-15 00:31:07 [DEBUG] coder_eval.orchestrator: Sending prompt: Create a local BPMN project named "EmployeeAccessBpmn" with this flow:
manual start -> HITL approval...
2026-08-15 00:31:07 [DEBUG] coder_eval.agents.claude_code_agent: [coder] Starting agent query stream...
2026-08-15 00:35:09 [DEBUG] coder_eval.agents.claude_code_agent: [coder] session_id changed: None -> 165fa2aa-d67a-47d1-8995-13bd100c99f0
2026-08-15 00:35:09 [DEBUG] coder_eval.agents.claude_code_agent: [coder] Agent query stream ended
2026-08-15 00:35:09 [DEBUG] coder_eval.utils: Resolved @uipath plugin-tools dir=/usr/lib/node_modules/@uipath from `uip` at /usr/lib/node_modules/@uipath/cli/dist/index.js
2026-08-15 00:35:09 [DEBUG] coder_eval.orchestrator: Agent response received (4633 chars)
2026-08-15 00:35:09 [DEBUG] coder_eval.orchestrator: Checking success criteria
2026-08-15 00:35:09 [DEBUG] coder_eval.evaluation.checker: Criterion 'file_exists' score: 1.00
2026-08-15 00:35:09 [DEBUG] coder_eval.criteria.run_command: Running command for criterion 'HITL and RPA wrappers use the documented BPMN element types': python3 $TASK_DIR/check_hitl_rpa_wrappers.py
2026-08-15 00:35:09 [DEBUG] coder_eval.sandbox: Command 'python3 $TASK_DIR/check_hitl_rpa_wrappers.py' exited with code 0
2026-08-15 00:35:09 [DEBUG] coder_eval.sandbox: STDOUT:
---
OK: EmployeeAccessBpmn/EmployeeAccessBpmn.bpmn contains documented HITL and RPA wrappers
---
2026-08-15 00:35:09 [DEBUG] coder_eval.evaluation.checker: Criterion 'run_command' score: 1.00
2026-08-15 00:35:09 [INFO] coder_eval.orchestrator: Success criteria: 2/2 passed, weighted score: 1.000
2026-08-15 00:35:09 [DEBUG] coder_eval.utils: Resolved @uipath plugin-tools dir=/usr/lib/node_modules/@uipath from `uip` at /usr/lib/node_modules/@uipath/cli/dist/index.js
2026-08-15 00:35:09 [INFO] coder_eval.orchestrator: Running post-run command: find . -maxdepth 5 -type d \( -name node_modules -o -name .npm-prefix -o -name .venv \) -prune -exec rm -rf {} +
2026-08-15 00:35:09 [INFO] coder_eval.orchestrator: Sandbox preserved (in-place): /work/output/artifacts/skill-bpmn-hitl-rpa-wrappers
2026-08-15 00:35:09 [INFO] coder_eval.orchestrator: Task finished: status=SUCCESS duration=253.7s score=1.000 iterations=1


================================================================================
TASK: default/skill-bpmn-hitl-schema-design/00
================================================================================

2026-08-15 00:31:08 [DEBUG] coder_eval.utils: Resolved @uipath plugin-tools dir=/usr/lib/node_modules/@uipath from `uip` at /usr/lib/node_modules/@uipath/cli/dist/index.js
2026-08-15 00:31:08 [INFO] coder_eval.orchestrator: API routing: aws_bedrock
2026-08-15 00:31:08 [DEBUG] coder_eval.criteria: Discovered 14 criterion checkers
2026-08-15 00:31:08 [DEBUG] coder_eval.criteria: Validated 14 criterion checkers
2026-08-15 00:31:08 [DEBUG] coder_eval.utils: Resolved @uipath plugin-tools dir=/usr/lib/node_modules/@uipath from `uip` at /usr/lib/node_modules/@uipath/cli/dist/index.js
2026-08-15 00:31:09 [DEBUG] coder_eval.orchestrator: Sending prompt: Create a local BPMN project named "VendorPOReviewBpmn" for purchase-order
review:

- Manual start.
-...
2026-08-15 00:31:09 [DEBUG] coder_eval.agents.claude_code_agent: [coder] Starting agent query stream...
2026-08-15 00:40:25 [DEBUG] coder_eval.agents.claude_code_agent: [coder] session_id changed: None -> 7b86a500-af56-46cb-8e71-873e9ef8d411
2026-08-15 00:40:25 [DEBUG] coder_eval.agents.claude_code_agent: [coder] Agent query stream ended
2026-08-15 00:40:25 [DEBUG] coder_eval.utils: Resolved @uipath plugin-tools dir=/usr/lib/node_modules/@uipath from `uip` at /usr/lib/node_modules/@uipath/cli/dist/index.js
2026-08-15 00:40:25 [DEBUG] coder_eval.orchestrator: Agent response received (6450 chars)
2026-08-15 00:40:25 [DEBUG] coder_eval.orchestrator: Checking success criteria
2026-08-15 00:40:25 [DEBUG] coder_eval.evaluation.checker: Criterion 'file_exists' score: 1.00
2026-08-15 00:40:25 [DEBUG] coder_eval.evaluation.checker: Criterion 'file_contains' score: 1.00
2026-08-15 00:40:25 [DEBUG] coder_eval.criteria.run_command: Running command for criterion 'HITL has context inputs and typed, declared output mappings': python3 $TASK_DIR/check_quality_schema_design.py
2026-08-15 00:40:25 [DEBUG] coder_eval.sandbox: Command 'python3 $TASK_DIR/check_quality_schema_design.py' exited with code 0
2026-08-15 00:40:25 [DEBUG] coder_eval.sandbox: STDOUT:
---
OK: VendorPOReviewBpmn/VendorPOReviewBpmn.bpmn HITL presents context and captures typed, declared reviewer outputs
---
2026-08-15 00:40:25 [DEBUG] coder_eval.evaluation.checker: Criterion 'run_command' score: 1.00
2026-08-15 00:40:25 [INFO] coder_eval.orchestrator: Success criteria: 3/3 passed, weighted score: 1.000
2026-08-15 00:40:25 [WARNING] coder_eval.orchestrator: Visible turns (23) exceeded expected_turns (22) at iteration 1 for task skill-bpmn-hitl-schema-design. Run continues — max_turns remains the hard cap.
2026-08-15 00:40:25 [DEBUG] coder_eval.utils: Resolved @uipath plugin-tools dir=/usr/lib/node_modules/@uipath from `uip` at /usr/lib/node_modules/@uipath/cli/dist/index.js
2026-08-15 00:40:25 [INFO] coder_eval.orchestrator: Running post-run command: find . -maxdepth 5 -type d \( -name node_modules -o -name .npm-prefix -o -name .venv \) -prune -exec rm -rf {} +
2026-08-15 00:40:25 [INFO] coder_eval.orchestrator: Sandbox preserved (in-place): /work/output/artifacts/skill-bpmn-hitl-schema-design
2026-08-15 00:40:25 [INFO] coder_eval.orchestrator: Task finished: status=SUCCESS duration=567.8s score=1.000 iterations=1


================================================================================
TASK: default/skill-bpmn-http-weather/00
================================================================================

2026-08-15 00:31:13 [DEBUG] coder_eval.utils: Resolved @uipath plugin-tools dir=/usr/lib/node_modules/@uipath from `uip` at /usr/lib/node_modules/@uipath/cli/dist/index.js
2026-08-15 00:31:13 [INFO] coder_eval.orchestrator: API routing: aws_bedrock
2026-08-15 00:31:14 [DEBUG] coder_eval.criteria: Discovered 14 criterion checkers
2026-08-15 00:31:14 [DEBUG] coder_eval.criteria: Validated 14 criterion checkers
2026-08-15 00:31:14 [DEBUG] coder_eval.utils: Resolved @uipath plugin-tools dir=/usr/lib/node_modules/@uipath from `uip` at /usr/lib/node_modules/@uipath/cli/dist/index.js
2026-08-15 00:31:15 [DEBUG] coder_eval.orchestrator: Sending prompt: Load and follow the uipath-maestro-bpmn skill.

Create a local BPMN project named "OpenMeteoWeatherH...
2026-08-15 00:31:15 [DEBUG] coder_eval.agents.claude_code_agent: [coder] Starting agent query stream...
2026-08-15 00:35:25 [DEBUG] coder_eval.agents.claude_code_agent: [coder] session_id changed: None -> 401fad98-57c4-4e67-9b39-195dd1b2a714
2026-08-15 00:35:25 [DEBUG] coder_eval.agents.claude_code_agent: [coder] Agent query stream ended
2026-08-15 00:35:25 [DEBUG] coder_eval.utils: Resolved @uipath plugin-tools dir=/usr/lib/node_modules/@uipath from `uip` at /usr/lib/node_modules/@uipath/cli/dist/index.js
2026-08-15 00:35:25 [DEBUG] coder_eval.orchestrator: Agent response received (3818 chars)
2026-08-15 00:35:25 [DEBUG] coder_eval.orchestrator: Checking success criteria
2026-08-15 00:35:25 [DEBUG] coder_eval.evaluation.checker: Criterion 'file_exists' score: 1.00
2026-08-15 00:35:25 [DEBUG] coder_eval.evaluation.checker: Criterion 'file_contains' score: 1.00
2026-08-15 00:35:25 [DEBUG] coder_eval.evaluation.checker: Criterion 'command_executed' score: 1.00
2026-08-15 00:35:25 [DEBUG] coder_eval.criteria.run_command: Running command for criterion 'HTTP sendTask is connectionless manual GET to Open-Meteo with a bound output variable': python3 $TASK_DIR/check_http_weather.py
2026-08-15 00:35:25 [DEBUG] coder_eval.sandbox: Command 'python3 $TASK_DIR/check_http_weather.py' exited with code 0
2026-08-15 00:35:25 [DEBUG] coder_eval.sandbox: STDOUT:
---
OK: OpenMeteoWeatherHttp/OpenMeteoWeatherHttp.bpmn is a connectionless manual GET to Open-Meteo with a bound output
---
2026-08-15 00:35:25 [DEBUG] coder_eval.evaluation.checker: Criterion 'run_command' score: 1.00
2026-08-15 00:35:25 [INFO] coder_eval.orchestrator: Success criteria: 4/4 passed, weighted score: 1.000
2026-08-15 00:35:25 [DEBUG] coder_eval.utils: Resolved @uipath plugin-tools dir=/usr/lib/node_modules/@uipath from `uip` at /usr/lib/node_modules/@uipath/cli/dist/index.js
2026-08-15 00:35:25 [INFO] coder_eval.orchestrator: Running post-run command: find . -maxdepth 5 -type d \( -name node_modules -o -name .npm-prefix -o -name .venv \) -prune -exec rm -rf {} +
2026-08-15 00:35:25 [INFO] coder_eval.orchestrator: Sandbox preserved (in-place): /work/output/artifacts/skill-bpmn-http-weather
2026-08-15 00:35:25 [INFO] coder_eval.orchestrator: Task finished: status=SUCCESS duration=262.6s score=1.000 iterations=1


================================================================================
TASK: default/skill-bpmn-inclusive-gateway-forkjoin/00
================================================================================

2026-08-15 00:31:16 [DEBUG] coder_eval.utils: Resolved @uipath plugin-tools dir=/usr/lib/node_modules/@uipath from `uip` at /usr/lib/node_modules/@uipath/cli/dist/index.js
2026-08-15 00:31:16 [INFO] coder_eval.orchestrator: API routing: aws_bedrock
2026-08-15 00:31:16 [DEBUG] coder_eval.criteria: Discovered 14 criterion checkers
2026-08-15 00:31:16 [DEBUG] coder_eval.criteria: Validated 14 criterion checkers
2026-08-15 00:31:16 [DEBUG] coder_eval.utils: Resolved @uipath plugin-tools dir=/usr/lib/node_modules/@uipath from `uip` at /usr/lib/node_modules/@uipath/cli/dist/index.js
2026-08-15 00:31:17 [DEBUG] coder_eval.orchestrator: Sending prompt: Load and follow the uipath-maestro-bpmn skill.

Author a single Maestro BPMN file `NotificationFanou...
2026-08-15 00:31:17 [DEBUG] coder_eval.agents.claude_code_agent: [coder] Starting agent query stream...
2026-08-15 00:34:28 [DEBUG] coder_eval.agents.claude_code_agent: [coder] session_id changed: None -> dbf2ac5b-dca0-40ac-abcc-7d7f6a0175aa
2026-08-15 00:34:28 [DEBUG] coder_eval.agents.claude_code_agent: [coder] Agent query stream ended
2026-08-15 00:34:28 [DEBUG] coder_eval.utils: Resolved @uipath plugin-tools dir=/usr/lib/node_modules/@uipath from `uip` at /usr/lib/node_modules/@uipath/cli/dist/index.js
2026-08-15 00:34:28 [DEBUG] coder_eval.orchestrator: Agent response received (3985 chars)
2026-08-15 00:34:28 [DEBUG] coder_eval.orchestrator: Checking success criteria
2026-08-15 00:34:28 [DEBUG] coder_eval.evaluation.checker: Criterion 'file_exists' score: 1.00
2026-08-15 00:34:28 [DEBUG] coder_eval.evaluation.checker: Criterion 'command_executed' score: 1.00
2026-08-15 00:34:28 [DEBUG] coder_eval.evaluation.checker: Criterion 'file_contains' score: 1.00
2026-08-15 00:34:28 [DEBUG] coder_eval.criteria.run_command: Running command for criterion 'Conditioned inclusive split rejoins at a real inclusive join (no fake/superfluous gateway), fully shaped': python3 $TASK_DIR/check_inclusive_gateway_forkjoin.py
2026-08-15 00:34:28 [DEBUG] coder_eval.sandbox: Command 'python3 $TASK_DIR/check_inclusive_gateway_forkjoin.py' exited with code 0
2026-08-15 00:34:28 [DEBUG] coder_eval.sandbox: STDOUT:
---
OK: NotificationFanout.bpmn forks on a conditioned inclusive split and rejoins at a real inclusive join
---
2026-08-15 00:34:28 [DEBUG] coder_eval.evaluation.checker: Criterion 'run_command' score: 1.00
2026-08-15 00:34:28 [INFO] coder_eval.orchestrator: Success criteria: 4/4 passed, weighted score: 1.000
2026-08-15 00:34:28 [DEBUG] coder_eval.utils: Resolved @uipath plugin-tools dir=/usr/lib/node_modules/@uipath from `uip` at /usr/lib/node_modules/@uipath/cli/dist/index.js
2026-08-15 00:34:28 [INFO] coder_eval.orchestrator: Running post-run command: find . -maxdepth 5 -type d \( -name node_modules -o -name .npm-prefix -o -name .venv \) -prune -exec rm -rf {} +
2026-08-15 00:34:28 [INFO] coder_eval.orchestrator: Sandbox preserved (in-place): /work/output/artifacts/skill-bpmn-inclusive-gateway-forkjoin
2026-08-15 00:34:28 [INFO] coder_eval.orchestrator: Task finished: status=SUCCESS duration=202.3s score=1.000 iterations=1


================================================================================
TASK: default/skill-bpmn-integration-service-boundary/00
================================================================================

2026-08-15 00:31:10 [DEBUG] coder_eval.utils: Resolved @uipath plugin-tools dir=/usr/lib/node_modules/@uipath from `uip` at /usr/lib/node_modules/@uipath/cli/dist/index.js
2026-08-15 00:31:10 [INFO] coder_eval.orchestrator: API routing: aws_bedrock
2026-08-15 00:31:10 [DEBUG] coder_eval.criteria: Discovered 14 criterion checkers
2026-08-15 00:31:10 [DEBUG] coder_eval.criteria: Validated 14 criterion checkers
2026-08-15 00:31:10 [DEBUG] coder_eval.utils: Resolved @uipath plugin-tools dir=/usr/lib/node_modules/@uipath from `uip` at /usr/lib/node_modules/@uipath/cli/dist/index.js
2026-08-15 00:31:11 [DEBUG] coder_eval.orchestrator: Sending prompt: Create a local BPMN draft project named "SlackDigestBoundaryBpmn".
The intended process is:
manual s...
2026-08-15 00:31:11 [DEBUG] coder_eval.agents.claude_code_agent: [coder] Starting agent query stream...
2026-08-15 00:38:21 [DEBUG] coder_eval.agents.claude_code_agent: [coder] session_id changed: None -> c5b9d9ee-37c5-4f49-907d-068cdd65b095
2026-08-15 00:38:21 [DEBUG] coder_eval.agents.claude_code_agent: [coder] Agent query stream ended
2026-08-15 00:38:21 [DEBUG] coder_eval.utils: Resolved @uipath plugin-tools dir=/usr/lib/node_modules/@uipath from `uip` at /usr/lib/node_modules/@uipath/cli/dist/index.js
2026-08-15 00:38:21 [DEBUG] coder_eval.orchestrator: Agent response received (5892 chars)
2026-08-15 00:38:21 [DEBUG] coder_eval.orchestrator: Checking success criteria
2026-08-15 00:38:21 [DEBUG] coder_eval.evaluation.checker: Criterion 'file_exists' score: 1.00
2026-08-15 00:38:21 [DEBUG] coder_eval.criteria.run_command: Running command for criterion 'Integration Service draft stays inside the CLI-owned boundary': python3 $TASK_DIR/check_integration_service_boundary.py
2026-08-15 00:38:21 [DEBUG] coder_eval.sandbox: Command 'python3 $TASK_DIR/check_integration_service_boundary.py' exited with code 0
2026-08-15 00:38:21 [DEBUG] coder_eval.sandbox: STDOUT:
---
OK: SlackDigestBoundaryBpmn/SlackDigestBoundaryBpmn.bpmn keeps Integration Service details in the CLI-owned boundary
---
2026-08-15 00:38:21 [DEBUG] coder_eval.evaluation.checker: Criterion 'run_command' score: 1.00
2026-08-15 00:38:21 [INFO] coder_eval.orchestrator: Success criteria: 2/2 passed, weighted score: 1.000
2026-08-15 00:38:21 [WARNING] coder_eval.orchestrator: Visible turns (28) exceeded expected_turns (19) at iteration 1 for task skill-bpmn-integration-service-boundary. Run continues — max_turns remains the hard cap.
2026-08-15 00:38:21 [DEBUG] coder_eval.utils: Resolved @uipath plugin-tools dir=/usr/lib/node_modules/@uipath from `uip` at /usr/lib/node_modules/@uipath/cli/dist/index.js
2026-08-15 00:38:21 [INFO] coder_eval.orchestrator: Running post-run command: find . -maxdepth 5 -type d \( -name node_modules -o -name .npm-prefix -o -name .venv \) -prune -exec rm -rf {} +
2026-08-15 00:38:21 [INFO] coder_eval.orchestrator: Sandbox preserved (in-place): /work/output/artifacts/skill-bpmn-integration-service-boundary
2026-08-15 00:38:21 [INFO] coder_eval.orchestrator: Task finished: status=SUCCESS duration=441.8s score=1.000 iterations=1


================================================================================
TASK: default/skill-bpmn-loop-multiply/00
================================================================================

2026-08-15 00:34:47 [DEBUG] coder_eval.utils: Resolved @uipath plugin-tools dir=/usr/lib/node_modules/@uipath from `uip` at /usr/lib/node_modules/@uipath/cli/dist/index.js
2026-08-15 00:34:47 [INFO] coder_eval.orchestrator: API routing: aws_bedrock
2026-08-15 00:34:47 [DEBUG] coder_eval.criteria: Discovered 14 criterion checkers
2026-08-15 00:34:47 [DEBUG] coder_eval.criteria: Validated 14 criterion checkers
2026-08-15 00:34:47 [DEBUG] coder_eval.utils: Resolved @uipath plugin-tools dir=/usr/lib/node_modules/@uipath from `uip` at /usr/lib/node_modules/@uipath/cli/dist/index.js
2026-08-15 00:34:47 [DEBUG] coder_eval.orchestrator: Sending prompt: Load and follow the uipath-maestro-bpmn skill.

Author a local Maestro BPMN project named "LoopMulti...
2026-08-15 00:34:47 [DEBUG] coder_eval.agents.claude_code_agent: [coder] Starting agent query stream...
2026-08-15 00:41:32 [DEBUG] coder_eval.agents.claude_code_agent: [coder] session_id changed: None -> bc794c36-4d1b-495c-b105-183006977c80
2026-08-15 00:41:32 [DEBUG] coder_eval.agents.claude_code_agent: [coder] Agent query stream ended
2026-08-15 00:41:32 [DEBUG] coder_eval.utils: Resolved @uipath plugin-tools dir=/usr/lib/node_modules/@uipath from `uip` at /usr/lib/node_modules/@uipath/cli/dist/index.js
2026-08-15 00:41:32 [DEBUG] coder_eval.orchestrator: Agent response received (4409 chars)
2026-08-15 00:41:32 [DEBUG] coder_eval.orchestrator: Checking success criteria
2026-08-15 00:41:32 [DEBUG] coder_eval.evaluation.checker: Criterion 'file_exists' score: 1.00
2026-08-15 00:41:32 [DEBUG] coder_eval.evaluation.checker: Criterion 'file_contains' score: 1.00
2026-08-15 00:41:32 [DEBUG] coder_eval.criteria.run_command: Running command for criterion 'BPMN has a sequential multi-instance marker with a bound collection and valid DI': python3 $TASK_DIR/check_loop_multiply.py
2026-08-15 00:41:32 [DEBUG] coder_eval.sandbox: Command 'python3 $TASK_DIR/check_loop_multiply.py' exited with code 0
2026-08-15 00:41:32 [DEBUG] coder_eval.sandbox: STDOUT:
---
OK: LoopMultiplyBpmn/LoopMultiplyBpmn.bpmn multiplies a collection through a sequential multi-instance marker
---
2026-08-15 00:41:32 [DEBUG] coder_eval.evaluation.checker: Criterion 'run_command' score: 1.00
2026-08-15 00:41:32 [INFO] coder_eval.orchestrator: Success criteria: 3/3 passed, weighted score: 1.000
2026-08-15 00:41:32 [DEBUG] coder_eval.utils: Resolved @uipath plugin-tools dir=/usr/lib/node_modules/@uipath from `uip` at /usr/lib/node_modules/@uipath/cli/dist/index.js
2026-08-15 00:41:32 [INFO] coder_eval.orchestrator: Running post-run command: find . -maxdepth 5 -type d \( -name node_modules -o -name .npm-prefix -o -name .venv \) -prune -exec rm -rf {} +
2026-08-15 00:41:32 [INFO] coder_eval.orchestrator: Sandbox preserved (in-place): /work/output/artifacts/skill-bpmn-loop-multiply
2026-08-15 00:41:32 [INFO] coder_eval.orchestrator: Task finished: status=SUCCESS duration=410.3s score=1.000 iterations=1


================================================================================
TASK: default/skill-bpmn-message-catch/00
================================================================================

2026-08-15 00:31:04 [DEBUG] coder_eval.utils: Resolved @uipath plugin-tools dir=/usr/lib/node_modules/@uipath from `uip` at /usr/lib/node_modules/@uipath/cli/dist/index.js
2026-08-15 00:31:04 [INFO] coder_eval.orchestrator: API routing: aws_bedrock
2026-08-15 00:31:04 [DEBUG] coder_eval.criteria: Discovered 14 criterion checkers
2026-08-15 00:31:04 [DEBUG] coder_eval.criteria: Validated 14 criterion checkers
2026-08-15 00:31:04 [DEBUG] coder_eval.utils: Resolved @uipath plugin-tools dir=/usr/lib/node_modules/@uipath from `uip` at /usr/lib/node_modules/@uipath/cli/dist/index.js
2026-08-15 00:31:05 [DEBUG] coder_eval.orchestrator: Sending prompt: Load and follow the uipath-maestro-bpmn skill.

Create a local BPMN project named "AwaitApprovalMess...
2026-08-15 00:31:05 [DEBUG] coder_eval.agents.claude_code_agent: [coder] Starting agent query stream...
2026-08-15 00:33:53 [DEBUG] coder_eval.agents.claude_code_agent: [coder] session_id changed: None -> c01a0f09-f0b9-4533-b3a5-1fc2580b076c
2026-08-15 00:33:54 [DEBUG] coder_eval.agents.claude_code_agent: [coder] Agent query stream ended
2026-08-15 00:33:54 [DEBUG] coder_eval.utils: Resolved @uipath plugin-tools dir=/usr/lib/node_modules/@uipath from `uip` at /usr/lib/node_modules/@uipath/cli/dist/index.js
2026-08-15 00:33:54 [DEBUG] coder_eval.orchestrator: Agent response received (5452 chars)
2026-08-15 00:33:54 [DEBUG] coder_eval.orchestrator: Checking success criteria
2026-08-15 00:33:54 [DEBUG] coder_eval.evaluation.checker: Criterion 'file_exists' score: 1.00
2026-08-15 00:33:54 [DEBUG] coder_eval.evaluation.checker: Criterion 'command_executed' score: 1.00
2026-08-15 00:33:54 [DEBUG] coder_eval.criteria.run_command: Running command for criterion 'Receive-message wait is a mid-flow intermediate catch event with the start preserved': python3 $TASK_DIR/check_message_catch.py
2026-08-15 00:33:54 [DEBUG] coder_eval.sandbox: Command 'python3 $TASK_DIR/check_message_catch.py' exited with code 0
2026-08-15 00:33:54 [DEBUG] coder_eval.sandbox: STDOUT:
---
OK: AwaitApprovalMessage/AwaitApprovalMessage.bpmn waits mid-flow on a receive-message catch event with the start preserved
---
2026-08-15 00:33:54 [DEBUG] coder_eval.evaluation.checker: Criterion 'run_command' score: 1.00
2026-08-15 00:33:54 [INFO] coder_eval.orchestrator: Success criteria: 3/3 passed, weighted score: 1.000
2026-08-15 00:33:54 [DEBUG] coder_eval.utils: Resolved @uipath plugin-tools dir=/usr/lib/node_modules/@uipath from `uip` at /usr/lib/node_modules/@uipath/cli/dist/index.js
2026-08-15 00:33:54 [INFO] coder_eval.orchestrator: Running post-run command: find . -maxdepth 5 -type d \( -name node_modules -o -name .npm-prefix -o -name .venv \) -prune -exec rm -rf {} +
2026-08-15 00:33:54 [INFO] coder_eval.orchestrator: Sandbox preserved (in-place): /work/output/artifacts/skill-bpmn-message-catch
2026-08-15 00:33:54 [INFO] coder_eval.orchestrator: Task finished: status=SUCCESS duration=179.1s score=1.000 iterations=1


================================================================================
TASK: default/skill-bpmn-message-send-receive-pair/00
================================================================================

2026-08-15 00:34:59 [DEBUG] coder_eval.utils: Resolved @uipath plugin-tools dir=/usr/lib/node_modules/@uipath from `uip` at /usr/lib/node_modules/@uipath/cli/dist/index.js
2026-08-15 00:34:59 [INFO] coder_eval.orchestrator: API routing: aws_bedrock
2026-08-15 00:34:59 [DEBUG] coder_eval.criteria: Discovered 14 criterion checkers
2026-08-15 00:34:59 [DEBUG] coder_eval.criteria: Validated 14 criterion checkers
2026-08-15 00:34:59 [DEBUG] coder_eval.utils: Resolved @uipath plugin-tools dir=/usr/lib/node_modules/@uipath from `uip` at /usr/lib/node_modules/@uipath/cli/dist/index.js
2026-08-15 00:34:59 [DEBUG] coder_eval.orchestrator: Sending prompt: Load and follow the uipath-maestro-bpmn skill.

Author a single Maestro BPMN file `OrderCoordination...
2026-08-15 00:34:59 [DEBUG] coder_eval.agents.claude_code_agent: [coder] Starting agent query stream...
2026-08-15 00:48:58 [DEBUG] coder_eval.agents.claude_code_agent: [coder] is_error ResultMessage; not advancing session_id (kept None)
2026-08-15 00:48:58 [DEBUG] coder_eval.agents.claude_code_agent: [coder] Generic Exception is error_max_turns; treating as clean turn
2026-08-15 00:48:58 [WARNING] coder_eval.agents.claude_code_agent: [coder] Agent exhausted max_turns (80); turn ended without completing
2026-08-15 00:48:58 [DEBUG] coder_eval.utils: Resolved @uipath plugin-tools dir=/usr/lib/node_modules/@uipath from `uip` at /usr/lib/node_modules/@uipath/cli/dist/index.js
2026-08-15 00:48:58 [DEBUG] coder_eval.orchestrator: Agent response received (2394 chars)
2026-08-15 00:48:58 [DEBUG] coder_eval.orchestrator: Checking success criteria
2026-08-15 00:48:58 [DEBUG] coder_eval.evaluation.checker: Criterion 'file_exists' score: 1.00
2026-08-15 00:48:58 [DEBUG] coder_eval.evaluation.checker: Criterion 'command_executed' score: 1.00
2026-08-15 00:48:58 [DEBUG] coder_eval.evaluation.checker: Criterion 'file_contains' score: 1.00
2026-08-15 00:48:58 [DEBUG] coder_eval.criteria.run_command: Running command for criterion 'Send/receive wrappers on the right host events share a consistent message reference, fully shaped': python3 $TASK_DIR/check_message_send_receive_pair.py
2026-08-15 00:48:58 [DEBUG] coder_eval.sandbox: Command 'python3 $TASK_DIR/check_message_send_receive_pair.py' exited with code 0
2026-08-15 00:48:58 [DEBUG] coder_eval.sandbox: STDOUT:
---
OK: OrderCoordination.bpmn pairs a Maestro send and receive message event on a consistent reference 'OrderReady'
---
2026-08-15 00:48:58 [DEBUG] coder_eval.evaluation.checker: Criterion 'run_command' score: 1.00
2026-08-15 00:48:58 [INFO] coder_eval.orchestrator: Success criteria: 4/4 passed, weighted score: 1.000
2026-08-15 00:48:58 [WARNING] coder_eval.orchestrator: Agent exhausted max_turns (80) without passing criteria.
2026-08-15 00:48:58 [WARNING] coder_eval.orchestrator: Visible turns (81) exceeded expected_turns (20) at iteration 1 for task skill-bpmn-message-send-receive-pair. Run continues — max_turns remains the hard cap.
2026-08-15 00:48:58 [DEBUG] coder_eval.utils: Resolved @uipath plugin-tools dir=/usr/lib/node_modules/@uipath from `uip` at /usr/lib/node_modules/@uipath/cli/dist/index.js
2026-08-15 00:48:58 [INFO] coder_eval.orchestrator: Running post-run command: find . -maxdepth 5 -type d \( -name node_modules -o -name .npm-prefix -o -name .venv \) -prune -exec rm -rf {} +
2026-08-15 00:48:58 [INFO] coder_eval.orchestrator: Sandbox preserved (in-place): /work/output/artifacts/skill-bpmn-message-send-receive-pair
2026-08-15 00:48:58 [INFO] coder_eval.orchestrator: Task finished: status=SUCCESS duration=845.0s score=1.000 iterations=1


================================================================================
TASK: default/skill-bpmn-multi-city-weather/00
================================================================================

2026-08-15 00:34:45 [DEBUG] coder_eval.utils: Resolved @uipath plugin-tools dir=/usr/lib/node_modules/@uipath from `uip` at /usr/lib/node_modules/@uipath/cli/dist/index.js
2026-08-15 00:34:45 [INFO] coder_eval.orchestrator: API routing: aws_bedrock
2026-08-15 00:34:45 [DEBUG] coder_eval.criteria: Discovered 14 criterion checkers
2026-08-15 00:34:45 [DEBUG] coder_eval.criteria: Validated 14 criterion checkers
2026-08-15 00:34:45 [DEBUG] coder_eval.utils: Resolved @uipath plugin-tools dir=/usr/lib/node_modules/@uipath from `uip` at /usr/lib/node_modules/@uipath/cli/dist/index.js
2026-08-15 00:34:45 [DEBUG] coder_eval.orchestrator: Sending prompt: Load and follow the uipath-maestro-bpmn skill.

Author a local Maestro BPMN project named "MultiCity...
2026-08-15 00:34:45 [DEBUG] coder_eval.agents.claude_code_agent: [coder] Starting agent query stream...
2026-08-15 00:44:09 [DEBUG] coder_eval.agents.claude_code_agent: [coder] session_id changed: None -> 01c22522-5310-4dff-866f-fd6ce04ef8b4
2026-08-15 00:44:09 [DEBUG] coder_eval.agents.claude_code_agent: [coder] Agent query stream ended
2026-08-15 00:44:09 [DEBUG] coder_eval.utils: Resolved @uipath plugin-tools dir=/usr/lib/node_modules/@uipath from `uip` at /usr/lib/node_modules/@uipath/cli/dist/index.js
2026-08-15 00:44:09 [DEBUG] coder_eval.orchestrator: Agent response received (6192 chars)
2026-08-15 00:44:09 [DEBUG] coder_eval.orchestrator: Checking success criteria
2026-08-15 00:44:09 [DEBUG] coder_eval.evaluation.checker: Criterion 'file_exists' score: 1.00
2026-08-15 00:44:09 [DEBUG] coder_eval.evaluation.checker: Criterion 'file_contains' score: 1.00
2026-08-15 00:44:09 [DEBUG] coder_eval.criteria.run_command: Running command for criterion 'BPMN has a parallel multi-instance marker with a bound cities collection and valid DI': python3 $TASK_DIR/check_multi_city_weather.py
2026-08-15 00:44:09 [DEBUG] coder_eval.sandbox: Command 'python3 $TASK_DIR/check_multi_city_weather.py' exited with code 0
2026-08-15 00:44:09 [DEBUG] coder_eval.sandbox: STDOUT:
---
OK: MultiCityWeatherBpmn/MultiCityWeatherBpmn.bpmn classifies cities through a parallel multi-instance script task
---
2026-08-15 00:44:09 [DEBUG] coder_eval.evaluation.checker: Criterion 'run_command' score: 1.00
2026-08-15 00:44:09 [INFO] coder_eval.orchestrator: Success criteria: 3/3 passed, weighted score: 1.000
2026-08-15 00:44:09 [WARNING] coder_eval.orchestrator: Visible turns (25) exceeded expected_turns (22) at iteration 1 for task skill-bpmn-multi-city-weather. Run continues — max_turns remains the hard cap.
2026-08-15 00:44:09 [DEBUG] coder_eval.utils: Resolved @uipath plugin-tools dir=/usr/lib/node_modules/@uipath from `uip` at /usr/lib/node_modules/@uipath/cli/dist/index.js
2026-08-15 00:44:09 [INFO] coder_eval.orchestrator: Running post-run command: find . -maxdepth 5 -type d \( -name node_modules -o -name .npm-prefix -o -name .venv \) -prune -exec rm -rf {} +
2026-08-15 00:44:09 [INFO] coder_eval.orchestrator: Sandbox preserved (in-place): /work/output/artifacts/skill-bpmn-multi-city-weather
2026-08-15 00:44:09 [INFO] coder_eval.orchestrator: Task finished: status=SUCCESS duration=568.3s score=1.000 iterations=1


================================================================================
TASK: default/skill-bpmn-operate-diagnose-minimal-fault-triage/00
================================================================================

2026-08-15 00:32:27 [DEBUG] coder_eval.utils: Resolved @uipath plugin-tools dir=/usr/lib/node_modules/@uipath from `uip` at /usr/lib/node_modules/@uipath/cli/dist/index.js
2026-08-15 00:32:27 [INFO] coder_eval.orchestrator: API routing: aws_bedrock
2026-08-15 00:32:27 [DEBUG] coder_eval.criteria: Discovered 14 criterion checkers
2026-08-15 00:32:27 [DEBUG] coder_eval.criteria: Validated 14 criterion checkers
2026-08-15 00:32:27 [DEBUG] coder_eval.utils: Resolved @uipath plugin-tools dir=/usr/lib/node_modules/@uipath from `uip` at /usr/lib/node_modules/@uipath/cli/dist/index.js
2026-08-15 00:32:28 [DEBUG] coder_eval.orchestrator: Sending prompt: A UiPath Maestro BPMN process run failed. Diagnose it using the mocked `uip`
CLI responses already a...
2026-08-15 00:32:28 [DEBUG] coder_eval.agents.claude_code_agent: [coder] Starting agent query stream...
2026-08-15 00:33:51 [DEBUG] coder_eval.agents.claude_code_agent: [coder] session_id changed: None -> fceebdb1-7ed3-4be7-be95-f7022e7d4bf1
2026-08-15 00:33:51 [DEBUG] coder_eval.agents.claude_code_agent: [coder] Agent query stream ended
2026-08-15 00:33:51 [DEBUG] coder_eval.utils: `uip` at /work/output/artifacts/skill-bpmn-operate-diagnose-minimal-fault-triage/mocks/uip is not inside a recognizable node_modules/@uipath tree
2026-08-15 00:33:51 [DEBUG] coder_eval.orchestrator: Agent response received (3508 chars)
2026-08-15 00:33:51 [DEBUG] coder_eval.orchestrator: Checking success criteria
2026-08-15 00:33:51 [DEBUG] coder_eval.evaluation.checker: Criterion 'command_executed' score: 1.00
2026-08-15 00:33:51 [DEBUG] coder_eval.evaluation.checker: Criterion 'command_executed' score: 1.00
2026-08-15 00:33:51 [DEBUG] coder_eval.evaluation.checker: Criterion 'command_executed' score: 1.00
2026-08-15 00:33:51 [DEBUG] coder_eval.evaluation.checker: Criterion 'command_executed' score: 1.00
2026-08-15 00:33:51 [DEBUG] coder_eval.evaluation.checker: Criterion 'file_contains' score: 1.00
2026-08-15 00:33:51 [DEBUG] coder_eval.evaluation.judge_context: judge_context: include_reference=True but reference not set
2026-08-15 00:33:58 [DEBUG] coder_eval.evaluation.checker: Criterion 'llm_judge' score: 1.00
2026-08-15 00:33:58 [INFO] coder_eval.orchestrator: Success criteria: 6/6 passed, weighted score: 1.000
2026-08-15 00:33:58 [WARNING] coder_eval.orchestrator: Visible turns (17) exceeded expected_turns (16) at iteration 1 for task skill-bpmn-operate-diagnose-minimal-fault-triage. Run continues — max_turns remains the hard cap.
2026-08-15 00:33:58 [DEBUG] coder_eval.utils: `uip` at /work/output/artifacts/skill-bpmn-operate-diagnose-minimal-fault-triage/mocks/uip is not inside a recognizable node_modules/@uipath tree
2026-08-15 00:33:59 [INFO] coder_eval.orchestrator: Running post-run command: find . -maxdepth 5 -type d \( -name node_modules -o -name .npm-prefix -o -name .venv \) -prune -exec rm -rf {} +
2026-08-15 00:33:59 [INFO] coder_eval.orchestrator: Sandbox preserved (in-place): /work/output/artifacts/skill-bpmn-operate-diagnose-minimal-fault-triage
2026-08-15 00:33:59 [INFO] coder_eval.orchestrator: Task finished: status=SUCCESS duration=98.0s score=1.000 iterations=1
2026-08-15 00:33:59 [DEBUG] coder_eval.evaluation.judge_persistence: spilled 1 judge transcript(s) to /work/output


================================================================================
TASK: default/skill-bpmn-parallel-fork-join/00
================================================================================

2026-08-15 00:34:12 [DEBUG] coder_eval.utils: Resolved @uipath plugin-tools dir=/usr/lib/node_modules/@uipath from `uip` at /usr/lib/node_modules/@uipath/cli/dist/index.js
2026-08-15 00:34:12 [INFO] coder_eval.orchestrator: API routing: aws_bedrock
2026-08-15 00:34:12 [DEBUG] coder_eval.criteria: Discovered 14 criterion checkers
2026-08-15 00:34:12 [DEBUG] coder_eval.criteria: Validated 14 criterion checkers
2026-08-15 00:34:12 [DEBUG] coder_eval.utils: Resolved @uipath plugin-tools dir=/usr/lib/node_modules/@uipath from `uip` at /usr/lib/node_modules/@uipath/cli/dist/index.js
2026-08-15 00:34:12 [DEBUG] coder_eval.orchestrator: Sending prompt: Load and follow the uipath-maestro-bpmn skill.

Author a single Maestro BPMN file `ParallelSync.bpmn...
2026-08-15 00:34:12 [DEBUG] coder_eval.agents.claude_code_agent: [coder] Starting agent query stream...
2026-08-15 00:35:17 [DEBUG] coder_eval.agents.claude_code_agent: [coder] session_id changed: None -> d8c81ffd-15e9-4263-a5fc-98f70f5b328a
2026-08-15 00:35:17 [DEBUG] coder_eval.agents.claude_code_agent: [coder] Agent query stream ended
2026-08-15 00:35:17 [DEBUG] coder_eval.utils: Resolved @uipath plugin-tools dir=/usr/lib/node_modules/@uipath from `uip` at /usr/lib/node_modules/@uipath/cli/dist/index.js
2026-08-15 00:35:17 [DEBUG] coder_eval.orchestrator: Agent response received (3075 chars)
2026-08-15 00:35:17 [DEBUG] coder_eval.orchestrator: Checking success criteria
2026-08-15 00:35:17 [DEBUG] coder_eval.evaluation.checker: Criterion 'file_exists' score: 1.00
2026-08-15 00:35:17 [DEBUG] coder_eval.evaluation.checker: Criterion 'file_contains' score: 1.00
2026-08-15 00:35:17 [DEBUG] coder_eval.criteria.run_command: Running command for criterion 'BPMN forks into >=2 distinct parallel branches and synchronizes them at a join gateway, with full DI': python3 $TASK_DIR/check_fork_join.py
2026-08-15 00:35:17 [DEBUG] coder_eval.sandbox: Command 'python3 $TASK_DIR/check_fork_join.py' exited with code 0
2026-08-15 00:35:17 [DEBUG] coder_eval.sandbox: STDOUT:
---
OK: ParallelSync.bpmn forks into parallel branches and synchronizes them at a join gateway
---
2026-08-15 00:35:17 [DEBUG] coder_eval.evaluation.checker: Criterion 'run_command' score: 1.00
2026-08-15 00:35:17 [INFO] coder_eval.orchestrator: Success criteria: 3/3 passed, weighted score: 1.000
2026-08-15 00:35:17 [DEBUG] coder_eval.utils: Resolved @uipath plugin-tools dir=/usr/lib/node_modules/@uipath from `uip` at /usr/lib/node_modules/@uipath/cli/dist/index.js
2026-08-15 00:35:17 [INFO] coder_eval.orchestrator: Running post-run command: find . -maxdepth 5 -type d \( -name node_modules -o -name .npm-prefix -o -name .venv \) -prune -exec rm -rf {} +
2026-08-15 00:35:17 [INFO] coder_eval.orchestrator: Sandbox preserved (in-place): /work/output/artifacts/skill-bpmn-parallel-fork-join
2026-08-15 00:35:17 [INFO] coder_eval.orchestrator: Task finished: status=SUCCESS duration=69.8s score=1.000 iterations=1


================================================================================
TASK: default/skill-bpmn-queue-create-and-wait/00
================================================================================

2026-08-15 00:35:13 [DEBUG] coder_eval.utils: Resolved @uipath plugin-tools dir=/usr/lib/node_modules/@uipath from `uip` at /usr/lib/node_modules/@uipath/cli/dist/index.js
2026-08-15 00:35:13 [INFO] coder_eval.orchestrator: API routing: aws_bedrock
2026-08-15 00:35:14 [DEBUG] coder_eval.criteria: Discovered 14 criterion checkers
2026-08-15 00:35:14 [DEBUG] coder_eval.criteria: Validated 14 criterion checkers
2026-08-15 00:35:14 [DEBUG] coder_eval.utils: Resolved @uipath plugin-tools dir=/usr/lib/node_modules/@uipath from `uip` at /usr/lib/node_modules/@uipath/cli/dist/index.js
2026-08-15 00:35:14 [DEBUG] coder_eval.orchestrator: Sending prompt: Load and follow the uipath-maestro-bpmn skill.

Author a local Maestro BPMN project named "QueueCrea...
2026-08-15 00:35:14 [DEBUG] coder_eval.agents.claude_code_agent: [coder] Starting agent query stream...
2026-08-15 00:37:03 [DEBUG] coder_eval.agents.claude_code_agent: [coder] session_id changed: None -> 3c987465-821a-4284-80a1-b08966a0740f
2026-08-15 00:37:03 [DEBUG] coder_eval.agents.claude_code_agent: [coder] Agent query stream ended
2026-08-15 00:37:03 [DEBUG] coder_eval.utils: Resolved @uipath plugin-tools dir=/usr/lib/node_modules/@uipath from `uip` at /usr/lib/node_modules/@uipath/cli/dist/index.js
2026-08-15 00:37:03 [DEBUG] coder_eval.orchestrator: Agent response received (6455 chars)
2026-08-15 00:37:03 [DEBUG] coder_eval.orchestrator: Checking success criteria
2026-08-15 00:37:03 [DEBUG] coder_eval.evaluation.checker: Criterion 'file_exists' score: 1.00
2026-08-15 00:37:03 [DEBUG] coder_eval.evaluation.checker: Criterion 'command_executed' score: 1.00
2026-08-15 00:37:03 [DEBUG] coder_eval.criteria.run_command: Running command for criterion 'CreateAndWaitForQueueItem hosted on a serviceTask with bound input + captured output': python3 $TASK_DIR/check_queue_create_and_wait.py
2026-08-15 00:37:03 [DEBUG] coder_eval.sandbox: Command 'python3 $TASK_DIR/check_queue_create_and_wait.py' exited with code 0
2026-08-15 00:37:03 [DEBUG] coder_eval.sandbox: STDOUT:
---
OK: QueueCreateAndWaitBpmn/QueueCreateAndWaitBpmn.bpmn hosts Orchestrator.CreateAndWaitForQueueItem on a serviceTask with bound input and captured output
---
2026-08-15 00:37:03 [DEBUG] coder_eval.evaluation.checker: Criterion 'run_command' score: 1.00
2026-08-15 00:37:03 [INFO] coder_eval.orchestrator: Success criteria: 3/3 passed, weighted score: 1.000
2026-08-15 00:37:03 [DEBUG] coder_eval.utils: Resolved @uipath plugin-tools dir=/usr/lib/node_modules/@uipath from `uip` at /usr/lib/node_modules/@uipath/cli/dist/index.js
2026-08-15 00:37:03 [INFO] coder_eval.orchestrator: Running post-run command: find . -maxdepth 5 -type d \( -name node_modules -o -name .npm-prefix -o -name .venv \) -prune -exec rm -rf {} +
2026-08-15 00:37:03 [INFO] coder_eval.orchestrator: Sandbox preserved (in-place): /work/output/artifacts/skill-bpmn-queue-create-and-wait
2026-08-15 00:37:03 [INFO] coder_eval.orchestrator: Task finished: status=SUCCESS duration=116.8s score=1.000 iterations=1


================================================================================
TASK: default/skill-bpmn-reading-list/00
================================================================================

2026-08-15 00:35:04 [DEBUG] coder_eval.utils: Resolved @uipath plugin-tools dir=/usr/lib/node_modules/@uipath from `uip` at /usr/lib/node_modules/@uipath/cli/dist/index.js
2026-08-15 00:35:04 [INFO] coder_eval.orchestrator: API routing: aws_bedrock
2026-08-15 00:35:04 [DEBUG] coder_eval.criteria: Discovered 14 criterion checkers
2026-08-15 00:35:04 [DEBUG] coder_eval.criteria: Validated 14 criterion checkers
2026-08-15 00:35:04 [DEBUG] coder_eval.utils: Resolved @uipath plugin-tools dir=/usr/lib/node_modules/@uipath from `uip` at /usr/lib/node_modules/@uipath/cli/dist/index.js
2026-08-15 00:35:04 [DEBUG] coder_eval.orchestrator: Sending prompt: Load and follow the uipath-maestro-bpmn skill.

Author a local Maestro BPMN project named "ReadingLi...
2026-08-15 00:35:04 [DEBUG] coder_eval.agents.claude_code_agent: [coder] Starting agent query stream...
2026-08-15 00:42:33 [DEBUG] coder_eval.agents.claude_code_agent: [coder] session_id changed: None -> 2ec6aa97-ccd6-4bc3-aaa1-ef17082372bc
2026-08-15 00:42:33 [DEBUG] coder_eval.agents.claude_code_agent: [coder] Agent query stream ended
2026-08-15 00:42:33 [DEBUG] coder_eval.utils: Resolved @uipath plugin-tools dir=/usr/lib/node_modules/@uipath from `uip` at /usr/lib/node_modules/@uipath/cli/dist/index.js
2026-08-15 00:42:33 [DEBUG] coder_eval.orchestrator: Agent response received (4950 chars)
2026-08-15 00:42:33 [DEBUG] coder_eval.orchestrator: Checking success criteria
2026-08-15 00:42:33 [DEBUG] coder_eval.evaluation.checker: Criterion 'file_exists' score: 1.00
2026-08-15 00:42:33 [DEBUG] coder_eval.criteria.run_command: Running command for criterion 'BPMN has distinct filter and map script tasks over the catalog and valid DI': python3 $TASK_DIR/check_reading_list.py
2026-08-15 00:42:33 [DEBUG] coder_eval.sandbox: Command 'python3 $TASK_DIR/check_reading_list.py' exited with code 0
2026-08-15 00:42:33 [DEBUG] coder_eval.sandbox: STDOUT:
---
OK: ReadingListBpmn/ReadingListBpmn.bpmn curates the catalog through distinct filter and map script tasks
---
2026-08-15 00:42:33 [DEBUG] coder_eval.evaluation.checker: Criterion 'run_command' score: 1.00
2026-08-15 00:42:33 [INFO] coder_eval.orchestrator: Success criteria: 2/2 passed, weighted score: 1.000
2026-08-15 00:42:33 [WARNING] coder_eval.orchestrator: Visible turns (27) exceeded expected_turns (22) at iteration 1 for task skill-bpmn-reading-list. Run continues — max_turns remains the hard cap.
2026-08-15 00:42:33 [DEBUG] coder_eval.utils: Resolved @uipath plugin-tools dir=/usr/lib/node_modules/@uipath from `uip` at /usr/lib/node_modules/@uipath/cli/dist/index.js
2026-08-15 00:42:33 [INFO] coder_eval.orchestrator: Running post-run command: find . -maxdepth 5 -type d \( -name node_modules -o -name .npm-prefix -o -name .venv \) -prune -exec rm -rf {} +
2026-08-15 00:42:33 [INFO] coder_eval.orchestrator: Sandbox preserved (in-place): /work/output/artifacts/skill-bpmn-reading-list
2026-08-15 00:42:33 [INFO] coder_eval.orchestrator: Task finished: status=SUCCESS duration=452.6s score=1.000 iterations=1


================================================================================
TASK: default/skill-bpmn-registry-discovery/00
================================================================================

2026-08-15 00:32:43 [DEBUG] coder_eval.utils: Resolved @uipath plugin-tools dir=/usr/lib/node_modules/@uipath from `uip` at /usr/lib/node_modules/@uipath/cli/dist/index.js
2026-08-15 00:32:43 [INFO] coder_eval.orchestrator: API routing: aws_bedrock
2026-08-15 00:32:43 [DEBUG] coder_eval.criteria: Discovered 14 criterion checkers
2026-08-15 00:32:43 [DEBUG] coder_eval.criteria: Validated 14 criterion checkers
2026-08-15 00:32:43 [DEBUG] coder_eval.utils: Resolved @uipath plugin-tools dir=/usr/lib/node_modules/@uipath from `uip` at /usr/lib/node_modules/@uipath/cli/dist/index.js
2026-08-15 00:32:43 [DEBUG] coder_eval.orchestrator: Sending prompt: Use the installed `uip` CLI's Maestro BPMN registry surface to discover the
documented wrapper surfa...
2026-08-15 00:32:43 [DEBUG] coder_eval.agents.claude_code_agent: [coder] Starting agent query stream...
2026-08-15 00:34:27 [DEBUG] coder_eval.agents.claude_code_agent: [coder] session_id changed: None -> 19a57a0a-9e28-466f-a2b5-906e1dacce05
2026-08-15 00:34:28 [DEBUG] coder_eval.agents.claude_code_agent: [coder] Agent query stream ended
2026-08-15 00:34:28 [DEBUG] coder_eval.utils: Resolved @uipath plugin-tools dir=/usr/lib/node_modules/@uipath from `uip` at /usr/lib/node_modules/@uipath/cli/dist/index.js
2026-08-15 00:34:28 [DEBUG] coder_eval.orchestrator: Agent response received (4989 chars)
2026-08-15 00:34:28 [DEBUG] coder_eval.orchestrator: Checking success criteria
2026-08-15 00:34:28 [DEBUG] coder_eval.evaluation.checker: Criterion 'file_exists' score: 1.00
2026-08-15 00:34:28 [DEBUG] coder_eval.evaluation.checker: Criterion 'command_executed' score: 1.00
2026-08-15 00:34:28 [DEBUG] coder_eval.evaluation.checker: Criterion 'command_executed' score: 1.00
2026-08-15 00:34:28 [DEBUG] coder_eval.evaluation.checker: Criterion 'command_executed' score: 1.00
2026-08-15 00:34:28 [DEBUG] coder_eval.criteria.run_command: Running command for criterion 'Registry evidence covers documented agent, queue, and connector wrapper types': python3 $TASK_DIR/check_registry_discovery.py
2026-08-15 00:34:28 [DEBUG] coder_eval.sandbox: Command 'python3 $TASK_DIR/check_registry_discovery.py' exited with code 0
2026-08-15 00:34:28 [DEBUG] coder_eval.sandbox: STDOUT:
---
OK: registry-evidence covers agent/queue/connector wrappers across 7 files
---
2026-08-15 00:34:28 [DEBUG] coder_eval.evaluation.checker: Criterion 'run_command' score: 1.00
2026-08-15 00:34:28 [INFO] coder_eval.orchestrator: Success criteria: 5/5 passed, weighted score: 1.000
2026-08-15 00:34:28 [DEBUG] coder_eval.utils: Resolved @uipath plugin-tools dir=/usr/lib/node_modules/@uipath from `uip` at /usr/lib/node_modules/@uipath/cli/dist/index.js
2026-08-15 00:34:28 [INFO] coder_eval.orchestrator: Running post-run command: find . -maxdepth 5 -type d \( -name node_modules -o -name .npm-prefix -o -name .venv \) -prune -exec rm -rf {} +
2026-08-15 00:34:28 [INFO] coder_eval.orchestrator: Sandbox preserved (in-place): /work/output/artifacts/skill-bpmn-registry-discovery
2026-08-15 00:34:28 [INFO] coder_eval.orchestrator: Task finished: status=SUCCESS duration=111.3s score=1.000 iterations=1


================================================================================
TASK: default/skill-bpmn-rpa-job/00
================================================================================

2026-08-15 00:35:13 [DEBUG] coder_eval.utils: Resolved @uipath plugin-tools dir=/usr/lib/node_modules/@uipath from `uip` at /usr/lib/node_modules/@uipath/cli/dist/index.js
2026-08-15 00:35:13 [INFO] coder_eval.orchestrator: API routing: aws_bedrock
2026-08-15 00:35:13 [DEBUG] coder_eval.criteria: Discovered 14 criterion checkers
2026-08-15 00:35:13 [DEBUG] coder_eval.criteria: Validated 14 criterion checkers
2026-08-15 00:35:13 [DEBUG] coder_eval.utils: Resolved @uipath plugin-tools dir=/usr/lib/node_modules/@uipath from `uip` at /usr/lib/node_modules/@uipath/cli/dist/index.js
2026-08-15 00:35:14 [DEBUG] coder_eval.orchestrator: Sending prompt: Load and follow the uipath-maestro-bpmn skill.

Create a local BPMN project named "InvoiceExtraction...
2026-08-15 00:35:14 [DEBUG] coder_eval.agents.claude_code_agent: [coder] Starting agent query stream...
2026-08-15 00:39:44 [DEBUG] coder_eval.agents.claude_code_agent: [coder] session_id changed: None -> a683d88b-edf8-4d51-ab6e-0548b304be52
2026-08-15 00:39:45 [DEBUG] coder_eval.agents.claude_code_agent: [coder] Agent query stream ended
2026-08-15 00:39:45 [DEBUG] coder_eval.utils: Resolved @uipath plugin-tools dir=/usr/lib/node_modules/@uipath from `uip` at /usr/lib/node_modules/@uipath/cli/dist/index.js
2026-08-15 00:39:45 [DEBUG] coder_eval.orchestrator: Agent response received (5639 chars)
2026-08-15 00:39:45 [DEBUG] coder_eval.orchestrator: Checking success criteria
2026-08-15 00:39:45 [DEBUG] coder_eval.evaluation.checker: Criterion 'file_exists' score: 1.00
2026-08-15 00:39:45 [DEBUG] coder_eval.evaluation.checker: Criterion 'command_executed' score: 1.00
2026-08-15 00:39:45 [DEBUG] coder_eval.criteria.run_command: Running command for criterion 'RPA job serviceTask uses Orchestrator.StartJob with input and a declared output variable': python3 $TASK_DIR/check_rpa_job.py
2026-08-15 00:39:45 [DEBUG] coder_eval.sandbox: Command 'python3 $TASK_DIR/check_rpa_job.py' exited with code 0
2026-08-15 00:39:45 [DEBUG] coder_eval.sandbox: STDOUT:
---
OK: InvoiceExtractionRpa/InvoiceExtractionRpa.bpmn wires Orchestrator.StartJob with bound input and output variable
---
2026-08-15 00:39:45 [DEBUG] coder_eval.evaluation.checker: Criterion 'run_command' score: 1.00
2026-08-15 00:39:45 [INFO] coder_eval.orchestrator: Success criteria: 3/3 passed, weighted score: 1.000
2026-08-15 00:39:45 [WARNING] coder_eval.orchestrator: Visible turns (20) exceeded expected_turns (16) at iteration 1 for task skill-bpmn-rpa-job. Run continues — max_turns remains the hard cap.
2026-08-15 00:39:45 [DEBUG] coder_eval.utils: Resolved @uipath plugin-tools dir=/usr/lib/node_modules/@uipath from `uip` at /usr/lib/node_modules/@uipath/cli/dist/index.js
2026-08-15 00:39:45 [INFO] coder_eval.orchestrator: Running post-run command: find . -maxdepth 5 -type d \( -name node_modules -o -name .npm-prefix -o -name .venv \) -prune -exec rm -rf {} +
2026-08-15 00:39:45 [INFO] coder_eval.orchestrator: Sandbox preserved (in-place): /work/output/artifacts/skill-bpmn-rpa-job
2026-08-15 00:39:45 [INFO] coder_eval.orchestrator: Task finished: status=SUCCESS duration=276.2s score=1.000 iterations=1


================================================================================
TASK: default/skill-bpmn-safety-sanitize/00
================================================================================

2026-08-15 00:33:34 [DEBUG] coder_eval.utils: Resolved @uipath plugin-tools dir=/usr/lib/node_modules/@uipath from `uip` at /usr/lib/node_modules/@uipath/cli/dist/index.js
2026-08-15 00:33:34 [INFO] coder_eval.orchestrator: API routing: aws_bedrock
2026-08-15 00:33:35 [DEBUG] coder_eval.criteria: Discovered 14 criterion checkers
2026-08-15 00:33:35 [DEBUG] coder_eval.criteria: Validated 14 criterion checkers
2026-08-15 00:33:35 [DEBUG] coder_eval.utils: Resolved @uipath plugin-tools dir=/usr/lib/node_modules/@uipath from `uip` at /usr/lib/node_modules/@uipath/cli/dist/index.js
2026-08-15 00:33:35 [DEBUG] coder_eval.orchestrator: Sending prompt: Load and follow the uipath-maestro-bpmn skill, and apply its public-safety
rules (references/public-...
2026-08-15 00:33:35 [DEBUG] coder_eval.agents.claude_code_agent: [coder] Starting agent query stream...
2026-08-15 00:34:24 [DEBUG] coder_eval.agents.claude_code_agent: [coder] session_id changed: None -> 9134551c-428e-4b3e-baac-4a0d230e881f
2026-08-15 00:34:24 [DEBUG] coder_eval.agents.claude_code_agent: [coder] Agent query stream ended
2026-08-15 00:34:24 [DEBUG] coder_eval.utils: Resolved @uipath plugin-tools dir=/usr/lib/node_modules/@uipath from `uip` at /usr/lib/node_modules/@uipath/cli/dist/index.js
2026-08-15 00:34:24 [DEBUG] coder_eval.orchestrator: Agent response received (3610 chars)
2026-08-15 00:34:24 [DEBUG] coder_eval.orchestrator: Checking success criteria
2026-08-15 00:34:24 [DEBUG] coder_eval.evaluation.checker: Criterion 'file_exists' score: 1.00
2026-08-15 00:34:24 [DEBUG] coder_eval.evaluation.checker: Criterion 'file_contains' score: 1.00
2026-08-15 00:34:24 [DEBUG] coder_eval.evaluation.checker: Criterion 'file_contains' score: 1.00
2026-08-15 00:34:24 [DEBUG] coder_eval.criteria.run_command: Running command for criterion 'No seeded private data remains, no real tenant host, placeholders adopted, graph intact': python3 $TASK_DIR/check_sanitize.py
2026-08-15 00:34:25 [DEBUG] coder_eval.sandbox: Command 'python3 $TASK_DIR/check_sanitize.py' exited with code 0
2026-08-15 00:34:25 [DEBUG] coder_eval.sandbox: STDOUT:
---
OK: CustomerExport.bpmn sanitized — no seeded private data remains and the graph is intact
---
2026-08-15 00:34:25 [DEBUG] coder_eval.evaluation.checker: Criterion 'run_command' score: 1.00
2026-08-15 00:34:25 [INFO] coder_eval.orchestrator: Success criteria: 4/4 passed, weighted score: 1.000
2026-08-15 00:34:25 [DEBUG] coder_eval.utils: Resolved @uipath plugin-tools dir=/usr/lib/node_modules/@uipath from `uip` at /usr/lib/node_modules/@uipath/cli/dist/index.js
2026-08-15 00:34:25 [INFO] coder_eval.orchestrator: Running post-run command: find . -maxdepth 5 -type d \( -name node_modules -o -name .npm-prefix -o -name .venv \) -prune -exec rm -rf {} +
2026-08-15 00:34:25 [INFO] coder_eval.orchestrator: Sandbox preserved (in-place): /work/output/artifacts/skill-bpmn-safety-sanitize
2026-08-15 00:34:25 [INFO] coder_eval.orchestrator: Task finished: status=SUCCESS duration=56.6s score=1.000 iterations=1


================================================================================
TASK: default/skill-bpmn-script-jint-guidance/00
================================================================================

2026-08-15 00:31:14 [DEBUG] coder_eval.utils: Resolved @uipath plugin-tools dir=/usr/lib/node_modules/@uipath from `uip` at /usr/lib/node_modules/@uipath/cli/dist/index.js
2026-08-15 00:31:14 [INFO] coder_eval.orchestrator: API routing: aws_bedrock
2026-08-15 00:31:14 [DEBUG] coder_eval.criteria: Discovered 14 criterion checkers
2026-08-15 00:31:14 [DEBUG] coder_eval.criteria: Validated 14 criterion checkers
2026-08-15 00:31:15 [DEBUG] coder_eval.utils: Resolved @uipath plugin-tools dir=/usr/lib/node_modules/@uipath from `uip` at /usr/lib/node_modules/@uipath/cli/dist/index.js
2026-08-15 00:31:16 [DEBUG] coder_eval.orchestrator: Sending prompt: Create a local BPMN project named "RiskScoreScriptBpmn".
The process should manually start with `amo...
2026-08-15 00:31:16 [DEBUG] coder_eval.agents.claude_code_agent: [coder] Starting agent query stream...
2026-08-15 00:36:01 [DEBUG] coder_eval.agents.claude_code_agent: [coder] session_id changed: None -> 43c0b8d7-5e0e-4757-bc23-8a36712bb813
2026-08-15 00:36:01 [DEBUG] coder_eval.agents.claude_code_agent: [coder] Agent query stream ended
2026-08-15 00:36:01 [DEBUG] coder_eval.utils: Resolved @uipath plugin-tools dir=/usr/lib/node_modules/@uipath from `uip` at /usr/lib/node_modules/@uipath/cli/dist/index.js
2026-08-15 00:36:01 [DEBUG] coder_eval.orchestrator: Agent response received (7484 chars)
2026-08-15 00:36:01 [DEBUG] coder_eval.orchestrator: Checking success criteria
2026-08-15 00:36:01 [DEBUG] coder_eval.criteria.run_command: Running command for criterion 'BPMN source was created': find . -type f -name '*.bpmn' -path '*RiskScoreScriptBpmn*' | grep -q .
2026-08-15 00:36:01 [DEBUG] coder_eval.sandbox: Command 'find . -type f -name '*.bpmn' -path '*RiskScoreScriptBpmn*' | grep -q .' exited with code 0
2026-08-15 00:36:01 [DEBUG] coder_eval.evaluation.checker: Criterion 'run_command' score: 1.00
2026-08-15 00:36:01 [DEBUG] coder_eval.criteria.run_command: Running command for criterion 'Script task follows Jint-compatible BPMN guidance': python3 $TASK_DIR/check_script_jint_guidance.py
2026-08-15 00:36:02 [DEBUG] coder_eval.sandbox: Command 'python3 $TASK_DIR/check_script_jint_guidance.py' exited with code 0
2026-08-15 00:36:02 [DEBUG] coder_eval.sandbox: STDOUT:
---
OK: RiskScoreScriptBpmn/RiskScoreScriptBpmn.bpmn contains a Jint-compatible BPMN script task
---
2026-08-15 00:36:02 [DEBUG] coder_eval.evaluation.checker: Criterion 'run_command' score: 1.00
2026-08-15 00:36:02 [INFO] coder_eval.orchestrator: Success criteria: 2/2 passed, weighted score: 1.000
2026-08-15 00:36:02 [DEBUG] coder_eval.utils: Resolved @uipath plugin-tools dir=/usr/lib/node_modules/@uipath from `uip` at /usr/lib/node_modules/@uipath/cli/dist/index.js
2026-08-15 00:36:02 [INFO] coder_eval.orchestrator: Running post-run command: find . -maxdepth 5 -type d \( -name node_modules -o -name .npm-prefix -o -name .venv \) -prune -exec rm -rf {} +
2026-08-15 00:36:02 [INFO] coder_eval.orchestrator: Sandbox preserved (in-place): /work/output/artifacts/skill-bpmn-script-jint-guidance
2026-08-15 00:36:02 [INFO] coder_eval.orchestrator: Task finished: status=SUCCESS duration=297.5s score=1.000 iterations=1


================================================================================
TASK: default/skill-bpmn-script-jint-lifecycle/00
================================================================================

2026-08-15 00:31:09 [DEBUG] coder_eval.utils: Resolved @uipath plugin-tools dir=/usr/lib/node_modules/@uipath from `uip` at /usr/lib/node_modules/@uipath/cli/dist/index.js
2026-08-15 00:31:09 [INFO] coder_eval.orchestrator: API routing: aws_bedrock
2026-08-15 00:31:09 [DEBUG] coder_eval.criteria: Discovered 14 criterion checkers
2026-08-15 00:31:09 [DEBUG] coder_eval.criteria: Validated 14 criterion checkers
2026-08-15 00:31:09 [DEBUG] coder_eval.utils: Resolved @uipath plugin-tools dir=/usr/lib/node_modules/@uipath from `uip` at /usr/lib/node_modules/@uipath/cli/dist/index.js
2026-08-15 00:31:10 [DEBUG] coder_eval.orchestrator: Sending prompt: Create a UiPath Maestro BPMN Process Orchestration project at:
  ScriptNormalizer/ScriptNormalizer

...
2026-08-15 00:31:10 [DEBUG] coder_eval.agents.claude_code_agent: [coder] Starting agent query stream...
2026-08-15 00:34:45 [DEBUG] coder_eval.agents.claude_code_agent: [coder] session_id changed: None -> d1da1d39-64ac-44f7-b14f-fe27f3163192
2026-08-15 00:34:45 [DEBUG] coder_eval.agents.claude_code_agent: [coder] Agent query stream ended
2026-08-15 00:34:45 [DEBUG] coder_eval.utils: Resolved @uipath plugin-tools dir=/usr/lib/node_modules/@uipath from `uip` at /usr/lib/node_modules/@uipath/cli/dist/index.js
2026-08-15 00:34:45 [DEBUG] coder_eval.orchestrator: Agent response received (4133 chars)
2026-08-15 00:34:45 [DEBUG] coder_eval.orchestrator: Checking success criteria
2026-08-15 00:34:45 [DEBUG] coder_eval.evaluation.checker: Criterion 'file_exists' score: 1.00
2026-08-15 00:34:45 [DEBUG] coder_eval.criteria.run_command: Running command for criterion 'Script task uses JavaScript/v3 Jint-safe source and package lifecycle files': python3 $TASK_DIR/check_script_jint_lifecycle.py
2026-08-15 00:34:45 [DEBUG] coder_eval.sandbox: Command 'python3 $TASK_DIR/check_script_jint_lifecycle.py' exited with code 0
2026-08-15 00:34:45 [DEBUG] coder_eval.sandbox: STDOUT:
---
OK: scriptTask uses JavaScript/v3 Jint-safe source and package lifecycle files
---
2026-08-15 00:34:45 [DEBUG] coder_eval.evaluation.checker: Criterion 'run_command' score: 1.00
2026-08-15 00:34:45 [INFO] coder_eval.orchestrator: Success criteria: 2/2 passed, weighted score: 1.000
2026-08-15 00:34:45 [DEBUG] coder_eval.utils: Resolved @uipath plugin-tools dir=/usr/lib/node_modules/@uipath from `uip` at /usr/lib/node_modules/@uipath/cli/dist/index.js
2026-08-15 00:34:45 [INFO] coder_eval.orchestrator: Running post-run command: find . -maxdepth 5 -type d \( -name node_modules -o -name .npm-prefix -o -name .venv \) -prune -exec rm -rf {} +
2026-08-15 00:34:45 [INFO] coder_eval.orchestrator: Sandbox preserved (in-place): /work/output/artifacts/skill-bpmn-script-jint-lifecycle
2026-08-15 00:34:45 [INFO] coder_eval.orchestrator: Task finished: status=SUCCESS duration=226.3s score=1.000 iterations=1


================================================================================
TASK: default/skill-bpmn-script-task-filter/00
================================================================================

2026-08-15 00:33:35 [DEBUG] coder_eval.utils: Resolved @uipath plugin-tools dir=/usr/lib/node_modules/@uipath from `uip` at /usr/lib/node_modules/@uipath/cli/dist/index.js
2026-08-15 00:33:35 [INFO] coder_eval.orchestrator: API routing: aws_bedrock
2026-08-15 00:33:35 [DEBUG] coder_eval.criteria: Discovered 14 criterion checkers
2026-08-15 00:33:35 [DEBUG] coder_eval.criteria: Validated 14 criterion checkers
2026-08-15 00:33:35 [DEBUG] coder_eval.utils: Resolved @uipath plugin-tools dir=/usr/lib/node_modules/@uipath from `uip` at /usr/lib/node_modules/@uipath/cli/dist/index.js
2026-08-15 00:33:35 [DEBUG] coder_eval.orchestrator: Sending prompt: Load and follow the uipath-maestro-bpmn skill.

Author a single Maestro BPMN file `ScriptTaskFilterD...
2026-08-15 00:33:36 [DEBUG] coder_eval.agents.claude_code_agent: [coder] Starting agent query stream...
2026-08-15 00:36:25 [DEBUG] coder_eval.agents.claude_code_agent: [coder] session_id changed: None -> 6c83f8c6-c8ef-47c7-ac6d-d06c56b711ea
2026-08-15 00:36:25 [DEBUG] coder_eval.agents.claude_code_agent: [coder] Agent query stream ended
2026-08-15 00:36:25 [DEBUG] coder_eval.utils: Resolved @uipath plugin-tools dir=/usr/lib/node_modules/@uipath from `uip` at /usr/lib/node_modules/@uipath/cli/dist/index.js
2026-08-15 00:36:25 [DEBUG] coder_eval.orchestrator: Agent response received (2995 chars)
2026-08-15 00:36:25 [DEBUG] coder_eval.orchestrator: Checking success criteria
2026-08-15 00:36:25 [DEBUG] coder_eval.evaluation.checker: Criterion 'file_exists' score: 1.00
2026-08-15 00:36:25 [DEBUG] coder_eval.evaluation.checker: Criterion 'file_contains' score: 1.00
2026-08-15 00:36:25 [DEBUG] coder_eval.criteria.run_command: Running command for criterion 'BPMN has a Jint-safe scriptTask (v3, mapped I/O) implementing a filter operation, with full DI': python3 $TASK_DIR/check_script_task_filter.py
2026-08-15 00:36:25 [DEBUG] coder_eval.sandbox: Command 'python3 $TASK_DIR/check_script_task_filter.py' exited with code 0
2026-08-15 00:36:25 [DEBUG] coder_eval.sandbox: STDOUT:
---
OK: ScriptTaskFilterDemo.bpmn has a Jint-safe scriptTask performing a filter operation
---
2026-08-15 00:36:25 [DEBUG] coder_eval.evaluation.checker: Criterion 'run_command' score: 1.00
2026-08-15 00:36:25 [INFO] coder_eval.orchestrator: Success criteria: 3/3 passed, weighted score: 1.000
2026-08-15 00:36:26 [DEBUG] coder_eval.utils: Resolved @uipath plugin-tools dir=/usr/lib/node_modules/@uipath from `uip` at /usr/lib/node_modules/@uipath/cli/dist/index.js
2026-08-15 00:36:26 [INFO] coder_eval.orchestrator: Running post-run command: find . -maxdepth 5 -type d \( -name node_modules -o -name .npm-prefix -o -name .venv \) -prune -exec rm -rf {} +
2026-08-15 00:36:26 [INFO] coder_eval.orchestrator: Sandbox preserved (in-place): /work/output/artifacts/skill-bpmn-script-task-filter
2026-08-15 00:36:26 [INFO] coder_eval.orchestrator: Task finished: status=SUCCESS duration=173.4s score=1.000 iterations=1


================================================================================
TASK: default/skill-bpmn-script-task-group-by/00
================================================================================

2026-08-15 00:32:50 [DEBUG] coder_eval.utils: Resolved @uipath plugin-tools dir=/usr/lib/node_modules/@uipath from `uip` at /usr/lib/node_modules/@uipath/cli/dist/index.js
2026-08-15 00:32:50 [INFO] coder_eval.orchestrator: API routing: aws_bedrock
2026-08-15 00:32:50 [DEBUG] coder_eval.criteria: Discovered 14 criterion checkers
2026-08-15 00:32:50 [DEBUG] coder_eval.criteria: Validated 14 criterion checkers
2026-08-15 00:32:50 [DEBUG] coder_eval.utils: Resolved @uipath plugin-tools dir=/usr/lib/node_modules/@uipath from `uip` at /usr/lib/node_modules/@uipath/cli/dist/index.js
2026-08-15 00:32:51 [DEBUG] coder_eval.orchestrator: Sending prompt: Load and follow the uipath-maestro-bpmn skill.

Author a single Maestro BPMN file `ScriptTaskGroupBy...
2026-08-15 00:32:51 [DEBUG] coder_eval.agents.claude_code_agent: [coder] Starting agent query stream...
2026-08-15 00:34:54 [DEBUG] coder_eval.agents.claude_code_agent: [coder] session_id changed: None -> 7b20c084-31a6-4b67-886d-66c2cd364ef3
2026-08-15 00:34:54 [DEBUG] coder_eval.agents.claude_code_agent: [coder] Agent query stream ended
2026-08-15 00:34:54 [DEBUG] coder_eval.utils: Resolved @uipath plugin-tools dir=/usr/lib/node_modules/@uipath from `uip` at /usr/lib/node_modules/@uipath/cli/dist/index.js
2026-08-15 00:34:54 [DEBUG] coder_eval.orchestrator: Agent response received (3554 chars)
2026-08-15 00:34:54 [DEBUG] coder_eval.orchestrator: Checking success criteria
2026-08-15 00:34:54 [DEBUG] coder_eval.evaluation.checker: Criterion 'file_exists' score: 1.00
2026-08-15 00:34:54 [DEBUG] coder_eval.evaluation.checker: Criterion 'file_contains' score: 1.00
2026-08-15 00:34:54 [DEBUG] coder_eval.criteria.run_command: Running command for criterion 'BPMN has a Jint-safe scriptTask (v3, mapped I/O) implementing a group-by with aggregation, with full DI': python3 $TASK_DIR/check_script_task_group_by.py
2026-08-15 00:34:54 [DEBUG] coder_eval.sandbox: Command 'python3 $TASK_DIR/check_script_task_group_by.py' exited with code 0
2026-08-15 00:34:54 [DEBUG] coder_eval.sandbox: STDOUT:
---
OK: ScriptTaskGroupByDemo.bpmn has a Jint-safe scriptTask performing a group-by operation
---
2026-08-15 00:34:54 [DEBUG] coder_eval.evaluation.checker: Criterion 'run_command' score: 1.00
2026-08-15 00:34:54 [INFO] coder_eval.orchestrator: Success criteria: 3/3 passed, weighted score: 1.000
2026-08-15 00:34:54 [DEBUG] coder_eval.utils: Resolved @uipath plugin-tools dir=/usr/lib/node_modules/@uipath from `uip` at /usr/lib/node_modules/@uipath/cli/dist/index.js
2026-08-15 00:34:54 [INFO] coder_eval.orchestrator: Running post-run command: find . -maxdepth 5 -type d \( -name node_modules -o -name .npm-prefix -o -name .venv \) -prune -exec rm -rf {} +
2026-08-15 00:34:54 [INFO] coder_eval.orchestrator: Sandbox preserved (in-place): /work/output/artifacts/skill-bpmn-script-task-group-by
2026-08-15 00:34:54 [INFO] coder_eval.orchestrator: Task finished: status=SUCCESS duration=130.9s score=1.000 iterations=1


================================================================================
TASK: default/skill-bpmn-script-task-map/00
================================================================================

2026-08-15 00:32:43 [DEBUG] coder_eval.utils: Resolved @uipath plugin-tools dir=/usr/lib/node_modules/@uipath from `uip` at /usr/lib/node_modules/@uipath/cli/dist/index.js
2026-08-15 00:32:43 [INFO] coder_eval.orchestrator: API routing: aws_bedrock
2026-08-15 00:32:43 [DEBUG] coder_eval.criteria: Discovered 14 criterion checkers
2026-08-15 00:32:43 [DEBUG] coder_eval.criteria: Validated 14 criterion checkers
2026-08-15 00:32:43 [DEBUG] coder_eval.utils: Resolved @uipath plugin-tools dir=/usr/lib/node_modules/@uipath from `uip` at /usr/lib/node_modules/@uipath/cli/dist/index.js
2026-08-15 00:32:44 [DEBUG] coder_eval.orchestrator: Sending prompt: Load and follow the uipath-maestro-bpmn skill.

Author a single Maestro BPMN file `ScriptTaskMapDemo...
2026-08-15 00:32:44 [DEBUG] coder_eval.agents.claude_code_agent: [coder] Starting agent query stream...
2026-08-15 00:35:06 [DEBUG] coder_eval.agents.claude_code_agent: [coder] session_id changed: None -> e0cec2b4-6bf3-4804-bfa4-f42eecd8329f
2026-08-15 00:35:06 [DEBUG] coder_eval.agents.claude_code_agent: [coder] Agent query stream ended
2026-08-15 00:35:06 [DEBUG] coder_eval.utils: Resolved @uipath plugin-tools dir=/usr/lib/node_modules/@uipath from `uip` at /usr/lib/node_modules/@uipath/cli/dist/index.js
2026-08-15 00:35:06 [DEBUG] coder_eval.orchestrator: Agent response received (2638 chars)
2026-08-15 00:35:06 [DEBUG] coder_eval.orchestrator: Checking success criteria
2026-08-15 00:35:06 [DEBUG] coder_eval.evaluation.checker: Criterion 'file_exists' score: 1.00
2026-08-15 00:35:06 [DEBUG] coder_eval.evaluation.checker: Criterion 'file_contains' score: 1.00
2026-08-15 00:35:06 [DEBUG] coder_eval.criteria.run_command: Running command for criterion 'BPMN has a Jint-safe scriptTask (v3, mapped I/O) implementing a map/uppercase operation, with full DI': python3 $TASK_DIR/check_script_task_map.py
2026-08-15 00:35:06 [DEBUG] coder_eval.sandbox: Command 'python3 $TASK_DIR/check_script_task_map.py' exited with code 0
2026-08-15 00:35:06 [DEBUG] coder_eval.sandbox: STDOUT:
---
OK: ScriptTaskMapDemo.bpmn has a Jint-safe scriptTask performing a map/uppercase operation
---
2026-08-15 00:35:06 [DEBUG] coder_eval.evaluation.checker: Criterion 'run_command' score: 1.00
2026-08-15 00:35:06 [INFO] coder_eval.orchestrator: Success criteria: 3/3 passed, weighted score: 1.000
2026-08-15 00:35:06 [DEBUG] coder_eval.utils: Resolved @uipath plugin-tools dir=/usr/lib/node_modules/@uipath from `uip` at /usr/lib/node_modules/@uipath/cli/dist/index.js
2026-08-15 00:35:06 [INFO] coder_eval.orchestrator: Running post-run command: find . -maxdepth 5 -type d \( -name node_modules -o -name .npm-prefix -o -name .venv \) -prune -exec rm -rf {} +
2026-08-15 00:35:06 [INFO] coder_eval.orchestrator: Sandbox preserved (in-place): /work/output/artifacts/skill-bpmn-script-task-map
2026-08-15 00:35:06 [INFO] coder_eval.orchestrator: Task finished: status=SUCCESS duration=148.2s score=1.000 iterations=1


================================================================================
TASK: default/skill-bpmn-simple-approval-bpmn/00
================================================================================

2026-08-15 00:31:11 [DEBUG] coder_eval.utils: Resolved @uipath plugin-tools dir=/usr/lib/node_modules/@uipath from `uip` at /usr/lib/node_modules/@uipath/cli/dist/index.js
2026-08-15 00:31:11 [INFO] coder_eval.orchestrator: API routing: aws_bedrock
2026-08-15 00:31:11 [DEBUG] coder_eval.criteria: Discovered 14 criterion checkers
2026-08-15 00:31:11 [DEBUG] coder_eval.criteria: Validated 14 criterion checkers
2026-08-15 00:31:12 [DEBUG] coder_eval.utils: Resolved @uipath plugin-tools dir=/usr/lib/node_modules/@uipath from `uip` at /usr/lib/node_modules/@uipath/cli/dist/index.js
2026-08-15 00:31:12 [DEBUG] coder_eval.orchestrator: Sending prompt: Create a local BPMN project named "ExpenseApprovalBpmn" for this process:
- Manual start with input ...
2026-08-15 00:31:13 [DEBUG] coder_eval.agents.claude_code_agent: [coder] Starting agent query stream...
2026-08-15 00:46:13 [DEBUG] coder_eval.orchestrator: [skill-bpmn-simple-approval-bpmn] Drained partial turn record (attempt 1, iteration 1): 16 commands
2026-08-15 00:46:13 [ERROR] coder_eval.errors.executor: [skill-bpmn-simple-approval-bpmn] Agent communication failed (non-retryable): agent_timeout - Agent turn timed out after 900s (iteration 1)
2026-08-15 00:46:13 [ERROR] coder_eval.orchestrator: Evaluation failed: Agent turn timed out after 900s (iteration 1)
Traceback (most recent call last):
  File "/usr/local/lib/python3.13/site-packages/anyio/streams/memory.py", line 117, in receive
    return self.receive_nowait()
           ~~~~~~~~~~~~~~~~~~~^^
  File "/usr/local/lib/python3.13/site-packages/anyio/streams/memory.py", line 112, in receive_nowait
    raise WouldBlock
anyio.WouldBlock

During handling of the above exception, another exception occurred:

Traceback (most recent call last):
  File "/opt/coder_eval/src/coder_eval/agents/claude_code_agent.py", line 915, in communicate
    await self._pump_messages(state, query_kwargs, deadline, should_stop)
  File "/opt/coder_eval/src/coder_eval/agents/claude_code_agent.py", line 1025, in _pump_messages
    async for message in query(**query_kwargs):
    ...<8 lines>...
            break
  File "/usr/local/lib/python3.13/site-packages/claude_agent_sdk/query.py", line 123, in query
    async for message in client.process_query(
    ...<2 lines>...
        yield message
  File "/usr/local/lib/python3.13/site-packages/claude_agent_sdk/_internal/client.py", line 75, in process_query
    async for msg in inner:
        yield msg
  File "/usr/local/lib/python3.13/site-packages/claude_agent_sdk/_internal/client.py", line 227, in _process_query_inner
    async for data in query.receive_messages():
    ...<2 lines>...
            yield message
  File "/usr/local/lib/python3.13/site-packages/claude_agent_sdk/_internal/query.py", line 847, in receive_messages
    async for message in self._message_receive:
    ...<6 lines>...
        yield message
  File "/usr/local/lib/python3.13/site-packages/anyio/abc/_streams.py", line 35, in __anext__
    return await self.receive()
           ^^^^^^^^^^^^^^^^^^^^
  File "/usr/local/lib/python3.13/site-packages/anyio/streams/memory.py", line 125, in receive
    await receive_event.wait()
  File "/usr/local/lib/python3.13/site-packages/anyio/_backends/_asyncio.py", line 1804, in wait
    await self._event.wait()
  File "/usr/local/lib/python3.13/asyncio/locks.py", line 213, in wait
    await fut
asyncio.exceptions.CancelledError

During handling of the above exception, another exception occurred:

Traceback (most recent call last):
  File "/opt/coder_eval/src/coder_eval/orchestrator.py", line 475, in run
    success = await self._evaluation_loop()
              ^^^^^^^^^^^^^^^^^^^^^^^^^^^^^
  File "/opt/coder_eval/src/coder_eval/orchestrator.py", line 1387, in _evaluation_loop
    turn_record = await self._communicate_with_retry(
                  ^^^^^^^^^^^^^^^^^^^^^^^^^^^^^^^^^^^
    ...<3 lines>...
    )
    ^
  File "/opt/coder_eval/src/coder_eval/orchestrator.py", line 1263, in _communicate_with_retry
    turn_record = await execute_with_retry(
                  ^^^^^^^^^^^^^^^^^^^^^^^^^
    ...<8 lines>...
    )
    ^
  File "/opt/coder_eval/src/coder_eval/errors/executor.py", line 71, in execute_with_retry
    return await operation()
           ^^^^^^^^^^^^^^^^^
  File "/opt/coder_eval/src/coder_eval/orchestrator.py", line 1245, in _communicate_attempt
    return await asyncio.wait_for(coro, timeout=outer_timeout)
           ^^^^^^^^^^^^^^^^^^^^^^^^^^^^^^^^^^^^^^^^^^^^^^^^^^^
  File "/usr/local/lib/python3.13/asyncio/tasks.py", line 507, in wait_for
    return await fut
           ^^^^^^^^^
  File "/opt/coder_eval/src/coder_eval/agents/claude_code_agent.py", line 927, in communicate
    self._finalize_and_raise_timeout(state.finalize, timeout)
    ~~~~~~~~~~~~~~~~~~~~~~~~~~~~~~~~^^^^^^^^^^^^^^^^^^^^^^^^^
  File "/opt/coder_eval/src/coder_eval/agent.py", line 130, in _finalize_and_raise_timeout
    raise TurnTimeoutError(timeout, iteration=self._iteration)
coder_eval.errors.timeout.TurnTimeoutError: Agent turn timed out after 900s (iteration 1)
2026-08-15 00:46:13 [DEBUG] coder_eval.utils: Resolved @uipath plugin-tools dir=/usr/lib/node_modules/@uipath from `uip` at /usr/lib/node_modules/@uipath/cli/dist/index.js
2026-08-15 00:46:13 [INFO] coder_eval.orchestrator: Running post-run command: find . -maxdepth 5 -type d \( -name node_modules -o -name .npm-prefix -o -name .venv \) -prune -exec rm -rf {} +
2026-08-15 00:46:13 [INFO] coder_eval.orchestrator: Sandbox preserved (in-place): /work/output/artifacts/skill-bpmn-simple-approval-bpmn
2026-08-15 00:46:13 [INFO] coder_eval.orchestrator: Task finished: status=ERROR duration=911.3s score=0.000 iterations=1


================================================================================
TASK: default/skill-bpmn-smoke-registry-discovery/00
================================================================================

2026-08-15 00:35:31 [DEBUG] coder_eval.utils: Resolved @uipath plugin-tools dir=/usr/lib/node_modules/@uipath from `uip` at /usr/lib/node_modules/@uipath/cli/dist/index.js
2026-08-15 00:35:31 [INFO] coder_eval.orchestrator: API routing: aws_bedrock
2026-08-15 00:35:31 [DEBUG] coder_eval.criteria: Discovered 14 criterion checkers
2026-08-15 00:35:31 [DEBUG] coder_eval.criteria: Validated 14 criterion checkers
2026-08-15 00:35:31 [DEBUG] coder_eval.utils: Resolved @uipath plugin-tools dir=/usr/lib/node_modules/@uipath from `uip` at /usr/lib/node_modules/@uipath/cli/dist/index.js
2026-08-15 00:35:31 [DEBUG] coder_eval.orchestrator: Sending prompt: I want to author a UiPath Maestro BPMN process that starts an RPA job and
waits for an internal mess...
2026-08-15 00:35:31 [DEBUG] coder_eval.agents.claude_code_agent: [coder] Starting agent query stream...
2026-08-15 00:37:18 [DEBUG] coder_eval.agents.claude_code_agent: [coder] session_id changed: None -> d3117295-3958-4f50-a5ef-d15ba6bdab3c
2026-08-15 00:37:18 [DEBUG] coder_eval.agents.claude_code_agent: [coder] Agent query stream ended
2026-08-15 00:37:18 [DEBUG] coder_eval.utils: Resolved @uipath plugin-tools dir=/usr/lib/node_modules/@uipath from `uip` at /usr/lib/node_modules/@uipath/cli/dist/index.js
2026-08-15 00:37:18 [DEBUG] coder_eval.orchestrator: Agent response received (4574 chars)
2026-08-15 00:37:18 [DEBUG] coder_eval.orchestrator: Checking success criteria
2026-08-15 00:37:18 [DEBUG] coder_eval.evaluation.checker: Criterion 'command_executed' score: 1.00
2026-08-15 00:37:18 [DEBUG] coder_eval.evaluation.checker: Criterion 'command_executed' score: 1.00
2026-08-15 00:37:18 [DEBUG] coder_eval.evaluation.checker: Criterion 'command_executed' score: 1.00
2026-08-15 00:37:18 [DEBUG] coder_eval.criteria.run_command: Running command for criterion 'Raw registry evidence covers the RPA-job and receive-message types': python3 $TASK_DIR/check_registry_discovery.py
2026-08-15 00:37:18 [DEBUG] coder_eval.sandbox: Command 'python3 $TASK_DIR/check_registry_discovery.py' exited with code 0
2026-08-15 00:37:18 [DEBUG] coder_eval.sandbox: STDOUT:
---
OK: registry-evidence covers Orchestrator.StartJob, Maestro.ReceiveMessageEvent across 4 raw output files
---
2026-08-15 00:37:18 [DEBUG] coder_eval.evaluation.checker: Criterion 'run_command' score: 1.00
2026-08-15 00:37:19 [INFO] coder_eval.orchestrator: Success criteria: 4/4 passed, weighted score: 1.000
2026-08-15 00:37:19 [DEBUG] coder_eval.utils: Resolved @uipath plugin-tools dir=/usr/lib/node_modules/@uipath from `uip` at /usr/lib/node_modules/@uipath/cli/dist/index.js
2026-08-15 00:37:19 [INFO] coder_eval.orchestrator: Running post-run command: find . -maxdepth 5 -type d \( -name node_modules -o -name .npm-prefix -o -name .venv \) -prune -exec rm -rf {} +
2026-08-15 00:37:19 [INFO] coder_eval.orchestrator: Sandbox preserved (in-place): /work/output/artifacts/skill-bpmn-smoke-registry-discovery
2026-08-15 00:37:19 [INFO] coder_eval.orchestrator: Task finished: status=SUCCESS duration=111.4s score=1.000 iterations=1


================================================================================
TASK: default/skill-bpmn-subprocess/00
================================================================================

2026-08-15 00:34:32 [DEBUG] coder_eval.utils: Resolved @uipath plugin-tools dir=/usr/lib/node_modules/@uipath from `uip` at /usr/lib/node_modules/@uipath/cli/dist/index.js
2026-08-15 00:34:32 [INFO] coder_eval.orchestrator: API routing: aws_bedrock
2026-08-15 00:34:32 [DEBUG] coder_eval.criteria: Discovered 14 criterion checkers
2026-08-15 00:34:32 [DEBUG] coder_eval.criteria: Validated 14 criterion checkers
2026-08-15 00:34:32 [DEBUG] coder_eval.utils: Resolved @uipath plugin-tools dir=/usr/lib/node_modules/@uipath from `uip` at /usr/lib/node_modules/@uipath/cli/dist/index.js
2026-08-15 00:34:32 [DEBUG] coder_eval.orchestrator: Sending prompt: Load and follow the uipath-maestro-bpmn skill.

Author a single Maestro BPMN file `SubflowDemo.bpmn`...
2026-08-15 00:34:32 [DEBUG] coder_eval.agents.claude_code_agent: [coder] Starting agent query stream...
2026-08-15 00:36:36 [DEBUG] coder_eval.agents.claude_code_agent: [coder] session_id changed: None -> 83179f99-7d6a-4d62-b981-230fb720493a
2026-08-15 00:36:37 [DEBUG] coder_eval.agents.claude_code_agent: [coder] Agent query stream ended
2026-08-15 00:36:37 [DEBUG] coder_eval.utils: Resolved @uipath plugin-tools dir=/usr/lib/node_modules/@uipath from `uip` at /usr/lib/node_modules/@uipath/cli/dist/index.js
2026-08-15 00:36:37 [DEBUG] coder_eval.orchestrator: Agent response received (2990 chars)
2026-08-15 00:36:37 [DEBUG] coder_eval.orchestrator: Checking success criteria
2026-08-15 00:36:37 [DEBUG] coder_eval.evaluation.checker: Criterion 'file_exists' score: 1.00
2026-08-15 00:36:37 [DEBUG] coder_eval.evaluation.checker: Criterion 'file_contains' score: 1.00
2026-08-15 00:36:37 [DEBUG] coder_eval.criteria.run_command: Running command for criterion 'BPMN encapsulates logic in a subProcess (nested start/activity/end) or callActivity, with a shape and resolvable flows': python3 $TASK_DIR/check_subprocess.py
2026-08-15 00:36:37 [DEBUG] coder_eval.sandbox: Command 'python3 $TASK_DIR/check_subprocess.py' exited with code 0
2026-08-15 00:36:37 [DEBUG] coder_eval.sandbox: STDOUT:
---
OK: SubflowDemo.bpmn encapsulates logic in a subProcess with a diagram shape
---
2026-08-15 00:36:37 [DEBUG] coder_eval.evaluation.checker: Criterion 'run_command' score: 1.00
2026-08-15 00:36:37 [DEBUG] coder_eval.evaluation.judge_context: judge_context: include_reference=True but reference not set
2026-08-15 00:36:40 [DEBUG] coder_eval.evaluation.checker: Criterion 'llm_judge' score: 1.00
2026-08-15 00:36:40 [INFO] coder_eval.orchestrator: Success criteria: 4/4 passed, weighted score: 1.000
2026-08-15 00:36:40 [DEBUG] coder_eval.utils: Resolved @uipath plugin-tools dir=/usr/lib/node_modules/@uipath from `uip` at /usr/lib/node_modules/@uipath/cli/dist/index.js
2026-08-15 00:36:40 [INFO] coder_eval.orchestrator: Running post-run command: find . -maxdepth 5 -type d \( -name node_modules -o -name .npm-prefix -o -name .venv \) -prune -exec rm -rf {} +
2026-08-15 00:36:40 [INFO] coder_eval.orchestrator: Sandbox preserved (in-place): /work/output/artifacts/skill-bpmn-subprocess
2026-08-15 00:36:40 [INFO] coder_eval.orchestrator: Task finished: status=SUCCESS duration=133.7s score=1.000 iterations=1
2026-08-15 00:36:40 [DEBUG] coder_eval.evaluation.judge_persistence: spilled 1 judge transcript(s) to /work/output


================================================================================
TASK: default/skill-bpmn-switch/00
================================================================================

2026-08-15 00:32:58 [DEBUG] coder_eval.utils: Resolved @uipath plugin-tools dir=/usr/lib/node_modules/@uipath from `uip` at /usr/lib/node_modules/@uipath/cli/dist/index.js
2026-08-15 00:32:58 [INFO] coder_eval.orchestrator: API routing: aws_bedrock
2026-08-15 00:32:58 [DEBUG] coder_eval.criteria: Discovered 14 criterion checkers
2026-08-15 00:32:58 [DEBUG] coder_eval.criteria: Validated 14 criterion checkers
2026-08-15 00:32:58 [DEBUG] coder_eval.utils: Resolved @uipath plugin-tools dir=/usr/lib/node_modules/@uipath from `uip` at /usr/lib/node_modules/@uipath/cli/dist/index.js
2026-08-15 00:32:59 [DEBUG] coder_eval.orchestrator: Sending prompt: Load and follow the uipath-maestro-bpmn skill.

Author a single Maestro BPMN file `SeasonLookup.bpmn...
2026-08-15 00:32:59 [DEBUG] coder_eval.agents.claude_code_agent: [coder] Starting agent query stream...
2026-08-15 00:34:34 [DEBUG] coder_eval.agents.claude_code_agent: [coder] session_id changed: None -> 83360347-d8c1-402f-8f49-d8903c065792
2026-08-15 00:34:34 [DEBUG] coder_eval.agents.claude_code_agent: [coder] Agent query stream ended
2026-08-15 00:34:34 [DEBUG] coder_eval.utils: Resolved @uipath plugin-tools dir=/usr/lib/node_modules/@uipath from `uip` at /usr/lib/node_modules/@uipath/cli/dist/index.js
2026-08-15 00:34:34 [DEBUG] coder_eval.orchestrator: Agent response received (2837 chars)
2026-08-15 00:34:34 [DEBUG] coder_eval.orchestrator: Checking success criteria
2026-08-15 00:34:34 [DEBUG] coder_eval.evaluation.checker: Criterion 'file_exists' score: 1.00
2026-08-15 00:34:34 [DEBUG] coder_eval.evaluation.checker: Criterion 'file_contains' score: 1.00
2026-08-15 00:34:34 [DEBUG] coder_eval.criteria.run_command: Running command for criterion 'BPMN has a multi-way exclusive gateway (3+ conditioned branches + default), full DI, resolvable flows': python3 $TASK_DIR/check_switch.py
2026-08-15 00:34:34 [DEBUG] coder_eval.sandbox: Command 'python3 $TASK_DIR/check_switch.py' exited with code 0
2026-08-15 00:34:34 [DEBUG] coder_eval.sandbox: STDOUT:
---
OK: SeasonLookup.bpmn has a multi-way exclusive gateway (3 conditioned + 1 default)
---
2026-08-15 00:34:34 [DEBUG] coder_eval.evaluation.checker: Criterion 'run_command' score: 1.00
2026-08-15 00:34:34 [DEBUG] coder_eval.evaluation.judge_context: judge_context: include_reference=True but reference not set
2026-08-15 00:34:39 [DEBUG] coder_eval.evaluation.checker: Criterion 'llm_judge' score: 1.00
2026-08-15 00:34:39 [INFO] coder_eval.orchestrator: Success criteria: 4/4 passed, weighted score: 1.000
2026-08-15 00:34:39 [DEBUG] coder_eval.utils: Resolved @uipath plugin-tools dir=/usr/lib/node_modules/@uipath from `uip` at /usr/lib/node_modules/@uipath/cli/dist/index.js
2026-08-15 00:34:39 [INFO] coder_eval.orchestrator: Running post-run command: find . -maxdepth 5 -type d \( -name node_modules -o -name .npm-prefix -o -name .venv \) -prune -exec rm -rf {} +
2026-08-15 00:34:39 [INFO] coder_eval.orchestrator: Sandbox preserved (in-place): /work/output/artifacts/skill-bpmn-switch
2026-08-15 00:34:39 [INFO] coder_eval.orchestrator: Task finished: status=SUCCESS duration=107.7s score=1.000 iterations=1
2026-08-15 00:34:39 [DEBUG] coder_eval.evaluation.judge_persistence: spilled 1 judge transcript(s) to /work/output


================================================================================
TASK: default/skill-bpmn-terminate/00
================================================================================

2026-08-15 00:31:09 [DEBUG] coder_eval.utils: Resolved @uipath plugin-tools dir=/usr/lib/node_modules/@uipath from `uip` at /usr/lib/node_modules/@uipath/cli/dist/index.js
2026-08-15 00:31:09 [INFO] coder_eval.orchestrator: API routing: aws_bedrock
2026-08-15 00:31:10 [DEBUG] coder_eval.criteria: Discovered 14 criterion checkers
2026-08-15 00:31:10 [DEBUG] coder_eval.criteria: Validated 14 criterion checkers
2026-08-15 00:31:10 [DEBUG] coder_eval.utils: Resolved @uipath plugin-tools dir=/usr/lib/node_modules/@uipath from `uip` at /usr/lib/node_modules/@uipath/cli/dist/index.js
2026-08-15 00:31:11 [DEBUG] coder_eval.orchestrator: Sending prompt: Load and follow the uipath-maestro-bpmn skill.

Author a single Maestro BPMN file `TerminateParallel...
2026-08-15 00:31:11 [DEBUG] coder_eval.agents.claude_code_agent: [coder] Starting agent query stream...
2026-08-15 00:33:09 [DEBUG] coder_eval.agents.claude_code_agent: [coder] session_id changed: None -> 9eefb874-a222-480f-b35f-a66f1b9bdf17
2026-08-15 00:33:09 [DEBUG] coder_eval.agents.claude_code_agent: [coder] Agent query stream ended
2026-08-15 00:33:09 [DEBUG] coder_eval.utils: Resolved @uipath plugin-tools dir=/usr/lib/node_modules/@uipath from `uip` at /usr/lib/node_modules/@uipath/cli/dist/index.js
2026-08-15 00:33:09 [DEBUG] coder_eval.orchestrator: Agent response received (3576 chars)
2026-08-15 00:33:09 [DEBUG] coder_eval.orchestrator: Checking success criteria
2026-08-15 00:33:09 [DEBUG] coder_eval.evaluation.checker: Criterion 'file_exists' score: 1.00
2026-08-15 00:33:09 [DEBUG] coder_eval.evaluation.checker: Criterion 'file_contains' score: 1.00
2026-08-15 00:33:09 [DEBUG] coder_eval.criteria.run_command: Running command for criterion 'BPMN has a terminate end event on one branch, a normal end on another, a fork, full DI, resolvable flows': python3 $TASK_DIR/check_terminate.py
2026-08-15 00:33:09 [DEBUG] coder_eval.sandbox: Command 'python3 $TASK_DIR/check_terminate.py' exited with code 0
2026-08-15 00:33:09 [DEBUG] coder_eval.sandbox: STDOUT:
---
OK: TerminateParallel.bpmn has a terminate end event on one branch and a normal end on another
---
2026-08-15 00:33:09 [DEBUG] coder_eval.evaluation.checker: Criterion 'run_command' score: 1.00
2026-08-15 00:33:09 [DEBUG] coder_eval.evaluation.judge_context: judge_context: include_reference=True but reference not set
2026-08-15 00:33:14 [DEBUG] coder_eval.evaluation.checker: Criterion 'llm_judge' score: 1.00
2026-08-15 00:33:14 [INFO] coder_eval.orchestrator: Success criteria: 4/4 passed, weighted score: 1.000
2026-08-15 00:33:14 [DEBUG] coder_eval.utils: Resolved @uipath plugin-tools dir=/usr/lib/node_modules/@uipath from `uip` at /usr/lib/node_modules/@uipath/cli/dist/index.js
2026-08-15 00:33:14 [INFO] coder_eval.orchestrator: Running post-run command: find . -maxdepth 5 -type d \( -name node_modules -o -name .npm-prefix -o -name .venv \) -prune -exec rm -rf {} +
2026-08-15 00:33:14 [INFO] coder_eval.orchestrator: Sandbox preserved (in-place): /work/output/artifacts/skill-bpmn-terminate
2026-08-15 00:33:14 [INFO] coder_eval.orchestrator: Task finished: status=SUCCESS duration=135.5s score=1.000 iterations=1
2026-08-15 00:33:14 [DEBUG] coder_eval.evaluation.judge_persistence: spilled 1 judge transcript(s) to /work/output


================================================================================
TASK: default/skill-bpmn-timer/00
================================================================================

2026-08-15 00:35:52 [DEBUG] coder_eval.utils: Resolved @uipath plugin-tools dir=/usr/lib/node_modules/@uipath from `uip` at /usr/lib/node_modules/@uipath/cli/dist/index.js
2026-08-15 00:35:52 [INFO] coder_eval.orchestrator: API routing: aws_bedrock
2026-08-15 00:35:52 [DEBUG] coder_eval.criteria: Discovered 14 criterion checkers
2026-08-15 00:35:52 [DEBUG] coder_eval.criteria: Validated 14 criterion checkers
2026-08-15 00:35:52 [DEBUG] coder_eval.utils: Resolved @uipath plugin-tools dir=/usr/lib/node_modules/@uipath from `uip` at /usr/lib/node_modules/@uipath/cli/dist/index.js
2026-08-15 00:35:52 [DEBUG] coder_eval.orchestrator: Sending prompt: Load and follow the uipath-maestro-bpmn skill.

Author a single Maestro BPMN file `TimerWait.bpmn` i...
2026-08-15 00:35:52 [DEBUG] coder_eval.agents.claude_code_agent: [coder] Starting agent query stream...
2026-08-15 00:37:03 [DEBUG] coder_eval.agents.claude_code_agent: [coder] session_id changed: None -> 22ff5c4c-bdd9-41d2-b01e-b01694c61afc
2026-08-15 00:37:03 [DEBUG] coder_eval.agents.claude_code_agent: [coder] Agent query stream ended
2026-08-15 00:37:03 [DEBUG] coder_eval.utils: Resolved @uipath plugin-tools dir=/usr/lib/node_modules/@uipath from `uip` at /usr/lib/node_modules/@uipath/cli/dist/index.js
2026-08-15 00:37:03 [DEBUG] coder_eval.orchestrator: Agent response received (2890 chars)
2026-08-15 00:37:03 [DEBUG] coder_eval.orchestrator: Checking success criteria
2026-08-15 00:37:03 [DEBUG] coder_eval.evaluation.checker: Criterion 'file_exists' score: 1.00
2026-08-15 00:37:03 [DEBUG] coder_eval.evaluation.checker: Criterion 'file_contains' score: 1.00
2026-08-15 00:37:03 [DEBUG] coder_eval.criteria.run_command: Running command for criterion 'BPMN has a wired intermediate timer catch event with a valid ISO-8601 definition, full DI, resolvable flows': python3 $TASK_DIR/check_timer.py
2026-08-15 00:37:03 [DEBUG] coder_eval.sandbox: Command 'python3 $TASK_DIR/check_timer.py' exited with code 0
2026-08-15 00:37:03 [DEBUG] coder_eval.sandbox: STDOUT:
---
OK: TimerWait.bpmn has a wired intermediate timer catch event with a valid definition
---
2026-08-15 00:37:03 [DEBUG] coder_eval.evaluation.checker: Criterion 'run_command' score: 1.00
2026-08-15 00:37:03 [INFO] coder_eval.orchestrator: Success criteria: 3/3 passed, weighted score: 1.000
2026-08-15 00:37:03 [DEBUG] coder_eval.utils: Resolved @uipath plugin-tools dir=/usr/lib/node_modules/@uipath from `uip` at /usr/lib/node_modules/@uipath/cli/dist/index.js
2026-08-15 00:37:03 [INFO] coder_eval.orchestrator: Running post-run command: find . -maxdepth 5 -type d \( -name node_modules -o -name .npm-prefix -o -name .venv \) -prune -exec rm -rf {} +
2026-08-15 00:37:04 [INFO] coder_eval.orchestrator: Sandbox preserved (in-place): /work/output/artifacts/skill-bpmn-timer
2026-08-15 00:37:04 [INFO] coder_eval.orchestrator: Task finished: status=SUCCESS duration=75.3s score=1.000 iterations=1


================================================================================
TASK: default/skill-bpmn-timer-boundary-noninterrupting/00
================================================================================

2026-08-15 00:31:08 [DEBUG] coder_eval.utils: Resolved @uipath plugin-tools dir=/usr/lib/node_modules/@uipath from `uip` at /usr/lib/node_modules/@uipath/cli/dist/index.js
2026-08-15 00:31:08 [INFO] coder_eval.orchestrator: API routing: aws_bedrock
2026-08-15 00:31:08 [DEBUG] coder_eval.criteria: Discovered 14 criterion checkers
2026-08-15 00:31:08 [DEBUG] coder_eval.criteria: Validated 14 criterion checkers
2026-08-15 00:31:08 [DEBUG] coder_eval.utils: Resolved @uipath plugin-tools dir=/usr/lib/node_modules/@uipath from `uip` at /usr/lib/node_modules/@uipath/cli/dist/index.js
2026-08-15 00:31:09 [DEBUG] coder_eval.orchestrator: Sending prompt: Load and follow the uipath-maestro-bpmn skill.

Author a single Maestro BPMN file `ApprovalReminder....
2026-08-15 00:31:10 [DEBUG] coder_eval.agents.claude_code_agent: [coder] Starting agent query stream...
2026-08-15 00:35:34 [DEBUG] coder_eval.agents.claude_code_agent: [coder] session_id changed: None -> 1a3d1406-1983-4180-ade5-2b7c2e0cb7df
2026-08-15 00:35:34 [DEBUG] coder_eval.agents.claude_code_agent: [coder] Agent query stream ended
2026-08-15 00:35:34 [DEBUG] coder_eval.utils: Resolved @uipath plugin-tools dir=/usr/lib/node_modules/@uipath from `uip` at /usr/lib/node_modules/@uipath/cli/dist/index.js
2026-08-15 00:35:34 [DEBUG] coder_eval.orchestrator: Agent response received (5273 chars)
2026-08-15 00:35:34 [DEBUG] coder_eval.orchestrator: Checking success criteria
2026-08-15 00:35:34 [DEBUG] coder_eval.evaluation.checker: Criterion 'file_exists' score: 1.00
2026-08-15 00:35:34 [DEBUG] coder_eval.evaluation.checker: Criterion 'command_executed' score: 1.00
2026-08-15 00:35:34 [DEBUG] coder_eval.evaluation.checker: Criterion 'file_contains' score: 1.00
2026-08-15 00:35:34 [DEBUG] coder_eval.criteria.run_command: Running command for criterion 'Non-interrupting timer boundary on a userTask does not cancel it, fully shaped': python3 $TASK_DIR/check_timer_boundary_noninterrupting.py
2026-08-15 00:35:34 [DEBUG] coder_eval.sandbox: Command 'python3 $TASK_DIR/check_timer_boundary_noninterrupting.py' exited with code 0
2026-08-15 00:35:34 [DEBUG] coder_eval.sandbox: STDOUT:
---
OK: ApprovalReminder.bpmn has a non-interrupting timer boundary on a userTask that does not cancel it
---
2026-08-15 00:35:34 [DEBUG] coder_eval.evaluation.checker: Criterion 'run_command' score: 1.00
2026-08-15 00:35:34 [INFO] coder_eval.orchestrator: Success criteria: 4/4 passed, weighted score: 1.000
2026-08-15 00:35:34 [DEBUG] coder_eval.utils: Resolved @uipath plugin-tools dir=/usr/lib/node_modules/@uipath from `uip` at /usr/lib/node_modules/@uipath/cli/dist/index.js
2026-08-15 00:35:34 [INFO] coder_eval.orchestrator: Running post-run command: find . -maxdepth 5 -type d \( -name node_modules -o -name .npm-prefix -o -name .venv \) -prune -exec rm -rf {} +
2026-08-15 00:35:34 [INFO] coder_eval.orchestrator: Sandbox preserved (in-place): /work/output/artifacts/skill-bpmn-timer-boundary-noninterrupting
2026-08-15 00:35:34 [INFO] coder_eval.orchestrator: Task finished: status=SUCCESS duration=275.6s score=1.000 iterations=1


================================================================================
TASK: default/skill-bpmn-timer-start/00
================================================================================

2026-08-15 00:34:14 [DEBUG] coder_eval.utils: Resolved @uipath plugin-tools dir=/usr/lib/node_modules/@uipath from `uip` at /usr/lib/node_modules/@uipath/cli/dist/index.js
2026-08-15 00:34:14 [INFO] coder_eval.orchestrator: API routing: aws_bedrock
2026-08-15 00:34:14 [DEBUG] coder_eval.criteria: Discovered 14 criterion checkers
2026-08-15 00:34:14 [DEBUG] coder_eval.criteria: Validated 14 criterion checkers
2026-08-15 00:34:14 [DEBUG] coder_eval.utils: Resolved @uipath plugin-tools dir=/usr/lib/node_modules/@uipath from `uip` at /usr/lib/node_modules/@uipath/cli/dist/index.js
2026-08-15 00:34:14 [DEBUG] coder_eval.orchestrator: Sending prompt: Load and follow the uipath-maestro-bpmn skill.

Create a local BPMN project named "ScheduledReportBp...
2026-08-15 00:34:15 [DEBUG] coder_eval.agents.claude_code_agent: [coder] Starting agent query stream...
2026-08-15 00:37:09 [DEBUG] coder_eval.agents.claude_code_agent: [coder] session_id changed: None -> 98dd4881-ffc3-4936-9ab0-8066283ebe68
2026-08-15 00:37:09 [DEBUG] coder_eval.agents.claude_code_agent: [coder] Agent query stream ended
2026-08-15 00:37:09 [DEBUG] coder_eval.utils: Resolved @uipath plugin-tools dir=/usr/lib/node_modules/@uipath from `uip` at /usr/lib/node_modules/@uipath/cli/dist/index.js
2026-08-15 00:37:09 [DEBUG] coder_eval.orchestrator: Agent response received (3881 chars)
2026-08-15 00:37:09 [DEBUG] coder_eval.orchestrator: Checking success criteria
2026-08-15 00:37:09 [DEBUG] coder_eval.evaluation.checker: Criterion 'file_exists' score: 1.00
2026-08-15 00:37:09 [DEBUG] coder_eval.evaluation.checker: Criterion 'file_contains' score: 1.00
2026-08-15 00:37:09 [DEBUG] coder_eval.evaluation.checker: Criterion 'command_executed' score: 1.00
2026-08-15 00:37:09 [DEBUG] coder_eval.criteria.run_command: Running command for criterion 'Timer start event is a recurring scheduled start with valid structure': python3 $TASK_DIR/check_timer_start.py
2026-08-15 00:37:09 [DEBUG] coder_eval.sandbox: Command 'python3 $TASK_DIR/check_timer_start.py' exited with code 0
2026-08-15 00:37:09 [DEBUG] coder_eval.sandbox: STDOUT:
---
OK: ScheduledReportBpmn/ScheduledReportBpmn.bpmn starts on a recurring timer schedule (R/PT1H)
---
2026-08-15 00:37:09 [DEBUG] coder_eval.evaluation.checker: Criterion 'run_command' score: 1.00
2026-08-15 00:37:09 [INFO] coder_eval.orchestrator: Success criteria: 4/4 passed, weighted score: 1.000
2026-08-15 00:37:09 [DEBUG] coder_eval.utils: Resolved @uipath plugin-tools dir=/usr/lib/node_modules/@uipath from `uip` at /usr/lib/node_modules/@uipath/cli/dist/index.js
2026-08-15 00:37:09 [INFO] coder_eval.orchestrator: Running post-run command: find . -maxdepth 5 -type d \( -name node_modules -o -name .npm-prefix -o -name .venv \) -prune -exec rm -rf {} +
2026-08-15 00:37:09 [INFO] coder_eval.orchestrator: Sandbox preserved (in-place): /work/output/artifacts/skill-bpmn-timer-start
2026-08-15 00:37:09 [INFO] coder_eval.orchestrator: Task finished: status=SUCCESS duration=179.5s score=1.000 iterations=1

