# Run Log: maestro-bpmn-baseline-sonnet-5
# Aggregated from 70 task(s)
# Generated: 2026-08-14 22:35:26

================================================================================


================================================================================
TASK: default/skill-bpmn-agent-job/00
================================================================================

2026-08-14 21:55:03 [DEBUG] coder_eval.utils: Resolved @uipath plugin-tools dir=/usr/lib/node_modules/@uipath from `uip` at /usr/lib/node_modules/@uipath/cli/dist/index.js
2026-08-14 21:55:03 [INFO] coder_eval.orchestrator: API routing: aws_bedrock
2026-08-14 21:55:03 [DEBUG] coder_eval.criteria: Discovered 14 criterion checkers
2026-08-14 21:55:03 [DEBUG] coder_eval.criteria: Validated 14 criterion checkers
2026-08-14 21:55:03 [DEBUG] coder_eval.utils: Resolved @uipath plugin-tools dir=/usr/lib/node_modules/@uipath from `uip` at /usr/lib/node_modules/@uipath/cli/dist/index.js
2026-08-14 21:55:04 [DEBUG] coder_eval.orchestrator: Sending prompt: Load and follow the uipath-maestro-bpmn skill.

Create a local BPMN project named "ApproverCountAgen...
2026-08-14 21:55:04 [DEBUG] coder_eval.agents.claude_code_agent: [coder] Starting agent query stream...
2026-08-14 22:06:49 [DEBUG] coder_eval.agents.claude_code_agent: [coder] session_id changed: None -> d3cb865f-5240-4121-a4a3-4062e55b008c
2026-08-14 22:06:49 [DEBUG] coder_eval.agents.claude_code_agent: [coder] Agent query stream ended
2026-08-14 22:06:49 [DEBUG] coder_eval.utils: Resolved @uipath plugin-tools dir=/usr/lib/node_modules/@uipath from `uip` at /usr/lib/node_modules/@uipath/cli/dist/index.js
2026-08-14 22:06:49 [DEBUG] coder_eval.orchestrator: Agent response received (5752 chars)
2026-08-14 22:06:49 [DEBUG] coder_eval.orchestrator: Checking success criteria
2026-08-14 22:06:49 [DEBUG] coder_eval.evaluation.checker: Criterion 'file_exists' score: 1.00
2026-08-14 22:06:49 [DEBUG] coder_eval.evaluation.checker: Criterion 'command_executed' score: 1.00
2026-08-14 22:06:49 [DEBUG] coder_eval.criteria.run_command: Running command for criterion 'Agent invocation uses Orchestrator.StartAgentJob with input and a declared output variable': python3 $TASK_DIR/check_agent_job.py
2026-08-14 22:06:49 [DEBUG] coder_eval.sandbox: Command 'python3 $TASK_DIR/check_agent_job.py' exited with code 0
2026-08-14 22:06:49 [DEBUG] coder_eval.sandbox: STDOUT:
---
OK: ApproverCountAgent/ApproverCountAgent.bpmn wires Orchestrator.StartAgentJob with bound input and output variable
---
2026-08-14 22:06:49 [DEBUG] coder_eval.evaluation.checker: Criterion 'run_command' score: 1.00
2026-08-14 22:06:49 [INFO] coder_eval.orchestrator: Success criteria: 3/3 passed, weighted score: 1.000
2026-08-14 22:06:49 [WARNING] coder_eval.orchestrator: Visible turns (77) exceeded expected_turns (16) at iteration 1 for task skill-bpmn-agent-job. Run continues — max_turns remains the hard cap.
2026-08-14 22:06:49 [DEBUG] coder_eval.utils: Resolved @uipath plugin-tools dir=/usr/lib/node_modules/@uipath from `uip` at /usr/lib/node_modules/@uipath/cli/dist/index.js
2026-08-14 22:06:49 [INFO] coder_eval.orchestrator: Running post-run command: find . -maxdepth 5 -type d \( -name node_modules -o -name .npm-prefix -o -name .venv \) -prune -exec rm -rf {} +
2026-08-14 22:06:49 [INFO] coder_eval.orchestrator: Sandbox preserved (in-place): /work/output/artifacts/skill-bpmn-agent-job
2026-08-14 22:06:49 [INFO] coder_eval.orchestrator: Task finished: status=SUCCESS duration=706.9s score=1.000 iterations=1


================================================================================
TASK: default/skill-bpmn-api-workflow-task/00
================================================================================

2026-08-14 21:48:27 [DEBUG] coder_eval.utils: Resolved @uipath plugin-tools dir=/usr/lib/node_modules/@uipath from `uip` at /usr/lib/node_modules/@uipath/cli/dist/index.js
2026-08-14 21:48:27 [INFO] coder_eval.orchestrator: API routing: aws_bedrock
2026-08-14 21:48:27 [DEBUG] coder_eval.criteria: Discovered 14 criterion checkers
2026-08-14 21:48:27 [DEBUG] coder_eval.criteria: Validated 14 criterion checkers
2026-08-14 21:48:27 [DEBUG] coder_eval.utils: Resolved @uipath plugin-tools dir=/usr/lib/node_modules/@uipath from `uip` at /usr/lib/node_modules/@uipath/cli/dist/index.js
2026-08-14 21:48:28 [DEBUG] coder_eval.orchestrator: Sending prompt: Create a UiPath Maestro BPMN Process Orchestration project at:
  ApiWorkflowDispatch/ApiWorkflowDisp...
2026-08-14 21:48:28 [DEBUG] coder_eval.agents.claude_code_agent: [coder] Starting agent query stream...
2026-08-14 21:58:20 [DEBUG] coder_eval.agents.claude_code_agent: [coder] is_error ResultMessage; not advancing session_id (kept None)
2026-08-14 21:58:20 [DEBUG] coder_eval.agents.claude_code_agent: [coder] Generic Exception is error_max_turns; treating as clean turn
2026-08-14 21:58:20 [WARNING] coder_eval.agents.claude_code_agent: [coder] Agent exhausted max_turns (40); turn ended without completing
2026-08-14 21:58:20 [DEBUG] coder_eval.utils: Resolved @uipath plugin-tools dir=/usr/lib/node_modules/@uipath from `uip` at /usr/lib/node_modules/@uipath/cli/dist/index.js
2026-08-14 21:58:20 [DEBUG] coder_eval.orchestrator: Agent response received (1231 chars)
2026-08-14 21:58:20 [DEBUG] coder_eval.orchestrator: Checking success criteria
2026-08-14 21:58:20 [DEBUG] coder_eval.evaluation.checker: Criterion 'file_exists' score: 1.00
2026-08-14 21:58:20 [DEBUG] coder_eval.criteria.run_command: Running command for criterion 'API workflow uses bpmn:serviceTask with Orchestrator.ExecuteApiWorkflowAsync': python3 $TASK_DIR/check_api_workflow_task.py
2026-08-14 21:58:20 [DEBUG] coder_eval.sandbox: Command 'python3 $TASK_DIR/check_api_workflow_task.py' exited with code 0
2026-08-14 21:58:20 [DEBUG] coder_eval.sandbox: STDOUT:
---
OK: API workflow serviceTask wrapper and package lifecycle are present
---
2026-08-14 21:58:20 [DEBUG] coder_eval.evaluation.checker: Criterion 'run_command' score: 1.00
2026-08-14 21:58:20 [INFO] coder_eval.orchestrator: Success criteria: 2/2 passed, weighted score: 1.000
2026-08-14 21:58:20 [WARNING] coder_eval.orchestrator: Agent exhausted max_turns (40) without passing criteria.
2026-08-14 21:58:20 [WARNING] coder_eval.orchestrator: Visible turns (61) exceeded expected_turns (32) at iteration 1 for task skill-bpmn-api-workflow-task. Run continues — max_turns remains the hard cap.
2026-08-14 21:58:20 [DEBUG] coder_eval.utils: Resolved @uipath plugin-tools dir=/usr/lib/node_modules/@uipath from `uip` at /usr/lib/node_modules/@uipath/cli/dist/index.js
2026-08-14 21:58:20 [INFO] coder_eval.orchestrator: Running post-run command: find . -maxdepth 5 -type d \( -name node_modules -o -name .npm-prefix -o -name .venv \) -prune -exec rm -rf {} +
2026-08-14 21:58:20 [INFO] coder_eval.orchestrator: Sandbox preserved (in-place): /work/output/artifacts/skill-bpmn-api-workflow-task
2026-08-14 21:58:20 [INFO] coder_eval.orchestrator: Task finished: status=SUCCESS duration=601.5s score=1.000 iterations=1


================================================================================
TASK: default/skill-bpmn-author-validate/00
================================================================================

2026-08-14 21:48:30 [DEBUG] coder_eval.utils: Resolved @uipath plugin-tools dir=/usr/lib/node_modules/@uipath from `uip` at /usr/lib/node_modules/@uipath/cli/dist/index.js
2026-08-14 21:48:30 [INFO] coder_eval.orchestrator: API routing: aws_bedrock
2026-08-14 21:48:31 [DEBUG] coder_eval.criteria: Discovered 14 criterion checkers
2026-08-14 21:48:31 [DEBUG] coder_eval.criteria: Validated 14 criterion checkers
2026-08-14 21:48:31 [DEBUG] coder_eval.utils: Resolved @uipath plugin-tools dir=/usr/lib/node_modules/@uipath from `uip` at /usr/lib/node_modules/@uipath/cli/dist/index.js
2026-08-14 21:48:32 [DEBUG] coder_eval.orchestrator: Sending prompt: Load and follow the uipath-maestro-bpmn skill.

Author a local Maestro BPMN project with main file
`...
2026-08-14 21:48:32 [DEBUG] coder_eval.agents.claude_code_agent: [coder] Starting agent query stream...
2026-08-14 21:52:55 [DEBUG] coder_eval.agents.claude_code_agent: [coder] session_id changed: None -> a7064aec-1d96-42af-9e2b-6d16842c8e13
2026-08-14 21:52:55 [DEBUG] coder_eval.agents.claude_code_agent: [coder] Agent query stream ended
2026-08-14 21:52:55 [DEBUG] coder_eval.utils: Resolved @uipath plugin-tools dir=/usr/lib/node_modules/@uipath from `uip` at /usr/lib/node_modules/@uipath/cli/dist/index.js
2026-08-14 21:52:55 [DEBUG] coder_eval.orchestrator: Agent response received (4467 chars)
2026-08-14 21:52:55 [DEBUG] coder_eval.orchestrator: Checking success criteria
2026-08-14 21:52:55 [DEBUG] coder_eval.evaluation.checker: Criterion 'command_executed' score: 1.00
2026-08-14 21:52:55 [DEBUG] coder_eval.evaluation.checker: Criterion 'file_exists' score: 1.00
2026-08-14 21:52:55 [DEBUG] coder_eval.evaluation.checker: Criterion 'file_contains' score: 1.00
2026-08-14 21:52:55 [DEBUG] coder_eval.criteria.run_command: Running command for criterion 'Authored BPMN is well-formed, structurally sound, and fully shaped': python3 $TASK_DIR/check_author_validate.py
2026-08-14 21:52:55 [DEBUG] coder_eval.sandbox: Command 'python3 $TASK_DIR/check_author_validate.py' exited with code 0
2026-08-14 21:52:55 [DEBUG] coder_eval.sandbox: STDOUT:
---
OK: InvoiceApproval/InvoiceApproval.bpmn is well-formed, fully shaped, and gateway-routed
---
2026-08-14 21:52:55 [DEBUG] coder_eval.evaluation.checker: Criterion 'run_command' score: 1.00
2026-08-14 21:52:55 [INFO] coder_eval.orchestrator: Success criteria: 4/4 passed, weighted score: 1.000
2026-08-14 21:52:55 [WARNING] coder_eval.orchestrator: Visible turns (22) exceeded expected_turns (20) at iteration 1 for task skill-bpmn-author-validate. Run continues — max_turns remains the hard cap.
2026-08-14 21:52:55 [DEBUG] coder_eval.utils: Resolved @uipath plugin-tools dir=/usr/lib/node_modules/@uipath from `uip` at /usr/lib/node_modules/@uipath/cli/dist/index.js
2026-08-14 21:52:55 [INFO] coder_eval.orchestrator: Running post-run command: find . -maxdepth 5 -type d \( -name node_modules -o -name .npm-prefix -o -name .venv \) -prune -exec rm -rf {} +
2026-08-14 21:52:55 [INFO] coder_eval.orchestrator: Sandbox preserved (in-place): /work/output/artifacts/skill-bpmn-author-validate
2026-08-14 21:52:55 [INFO] coder_eval.orchestrator: Task finished: status=SUCCESS duration=273.5s score=1.000 iterations=1


================================================================================
TASK: default/skill-bpmn-business-rule-task/00
================================================================================

2026-08-14 21:49:27 [DEBUG] coder_eval.utils: Resolved @uipath plugin-tools dir=/usr/lib/node_modules/@uipath from `uip` at /usr/lib/node_modules/@uipath/cli/dist/index.js
2026-08-14 21:49:27 [INFO] coder_eval.orchestrator: API routing: aws_bedrock
2026-08-14 21:49:27 [DEBUG] coder_eval.criteria: Discovered 14 criterion checkers
2026-08-14 21:49:27 [DEBUG] coder_eval.criteria: Validated 14 criterion checkers
2026-08-14 21:49:27 [DEBUG] coder_eval.utils: Resolved @uipath plugin-tools dir=/usr/lib/node_modules/@uipath from `uip` at /usr/lib/node_modules/@uipath/cli/dist/index.js
2026-08-14 21:49:27 [DEBUG] coder_eval.orchestrator: Sending prompt: Create a UiPath Maestro BPMN Process Orchestration project at:
  BusinessRuleDecision/BusinessRuleDe...
2026-08-14 21:49:27 [DEBUG] coder_eval.agents.claude_code_agent: [coder] Starting agent query stream...
2026-08-14 21:58:00 [DEBUG] coder_eval.agents.claude_code_agent: [coder] session_id changed: None -> ad4d7b80-909b-45bc-83be-e2d8a3306a82
2026-08-14 21:58:00 [DEBUG] coder_eval.agents.claude_code_agent: [coder] Agent query stream ended
2026-08-14 21:58:00 [WARNING] coder_eval.agents.claude_code_agent: [coder] Agent exhausted max_turns (40); turn ended without completing
2026-08-14 21:58:00 [DEBUG] coder_eval.utils: Resolved @uipath plugin-tools dir=/usr/lib/node_modules/@uipath from `uip` at /usr/lib/node_modules/@uipath/cli/dist/index.js
2026-08-14 21:58:00 [DEBUG] coder_eval.orchestrator: Agent response received (3982 chars)
2026-08-14 21:58:00 [DEBUG] coder_eval.orchestrator: Checking success criteria
2026-08-14 21:58:00 [DEBUG] coder_eval.evaluation.checker: Criterion 'file_exists' score: 1.00
2026-08-14 21:58:00 [DEBUG] coder_eval.criteria.run_command: Running command for criterion 'Business rule task uses bpmn:businessRuleTask with Orchestrator.BusinessRules': python3 $TASK_DIR/check_business_rule_task.py
2026-08-14 21:58:00 [DEBUG] coder_eval.sandbox: Command 'python3 $TASK_DIR/check_business_rule_task.py' exited with code 0
2026-08-14 21:58:00 [DEBUG] coder_eval.sandbox: STDOUT:
---
OK: businessRuleTask wrapper and package lifecycle are present
---
2026-08-14 21:58:00 [DEBUG] coder_eval.evaluation.checker: Criterion 'run_command' score: 1.00
2026-08-14 21:58:00 [INFO] coder_eval.orchestrator: Success criteria: 2/2 passed, weighted score: 1.000
2026-08-14 21:58:00 [WARNING] coder_eval.orchestrator: Agent exhausted max_turns (40) without passing criteria.
2026-08-14 21:58:00 [WARNING] coder_eval.orchestrator: Visible turns (58) exceeded expected_turns (28) at iteration 1 for task skill-bpmn-business-rule-task. Run continues — max_turns remains the hard cap.
2026-08-14 21:58:00 [DEBUG] coder_eval.utils: Resolved @uipath plugin-tools dir=/usr/lib/node_modules/@uipath from `uip` at /usr/lib/node_modules/@uipath/cli/dist/index.js
2026-08-14 21:58:00 [INFO] coder_eval.orchestrator: Running post-run command: find . -maxdepth 5 -type d \( -name node_modules -o -name .npm-prefix -o -name .venv \) -prune -exec rm -rf {} +
2026-08-14 21:58:00 [INFO] coder_eval.orchestrator: Sandbox preserved (in-place): /work/output/artifacts/skill-bpmn-business-rule-task
2026-08-14 21:58:00 [INFO] coder_eval.orchestrator: Task finished: status=SUCCESS duration=515.2s score=1.000 iterations=1


================================================================================
TASK: default/skill-bpmn-calculator/00
================================================================================

2026-08-14 21:48:30 [DEBUG] coder_eval.utils: Resolved @uipath plugin-tools dir=/usr/lib/node_modules/@uipath from `uip` at /usr/lib/node_modules/@uipath/cli/dist/index.js
2026-08-14 21:48:30 [INFO] coder_eval.orchestrator: API routing: aws_bedrock
2026-08-14 21:48:30 [DEBUG] coder_eval.criteria: Discovered 14 criterion checkers
2026-08-14 21:48:30 [DEBUG] coder_eval.criteria: Validated 14 criterion checkers
2026-08-14 21:48:30 [DEBUG] coder_eval.utils: Resolved @uipath plugin-tools dir=/usr/lib/node_modules/@uipath from `uip` at /usr/lib/node_modules/@uipath/cli/dist/index.js
2026-08-14 21:48:31 [DEBUG] coder_eval.orchestrator: Sending prompt: Load and follow the uipath-maestro-bpmn skill.

Author a local Maestro BPMN project named "Calculato...
2026-08-14 21:48:31 [DEBUG] coder_eval.agents.claude_code_agent: [coder] Starting agent query stream...
2026-08-14 21:54:22 [DEBUG] coder_eval.agents.claude_code_agent: [coder] session_id changed: None -> 4621b76b-a834-4402-8043-0ff76a5c1883
2026-08-14 21:54:22 [DEBUG] coder_eval.agents.claude_code_agent: [coder] Agent query stream ended
2026-08-14 21:54:22 [DEBUG] coder_eval.utils: Resolved @uipath plugin-tools dir=/usr/lib/node_modules/@uipath from `uip` at /usr/lib/node_modules/@uipath/cli/dist/index.js
2026-08-14 21:54:22 [DEBUG] coder_eval.orchestrator: Agent response received (4679 chars)
2026-08-14 21:54:22 [DEBUG] coder_eval.orchestrator: Checking success criteria
2026-08-14 21:54:22 [DEBUG] coder_eval.evaluation.checker: Criterion 'file_exists' score: 1.00
2026-08-14 21:54:22 [DEBUG] coder_eval.evaluation.checker: Criterion 'file_contains' score: 1.00
2026-08-14 21:54:22 [DEBUG] coder_eval.criteria.run_command: Running command for criterion 'BPMN has multi-way exclusive-gateway routing, one script task per branch, and valid DI': python3 $TASK_DIR/check_calculator.py
2026-08-14 21:54:22 [DEBUG] coder_eval.sandbox: Command 'python3 $TASK_DIR/check_calculator.py' exited with code 0
2026-08-14 21:54:22 [DEBUG] coder_eval.sandbox: STDOUT:
---
OK: CalculatorBpmn/CalculatorBpmn.bpmn routes an operator through a multi-way exclusive gateway with per-branch script tasks
---
2026-08-14 21:54:22 [DEBUG] coder_eval.evaluation.checker: Criterion 'run_command' score: 1.00
2026-08-14 21:54:22 [INFO] coder_eval.orchestrator: Success criteria: 3/3 passed, weighted score: 1.000
2026-08-14 21:54:22 [WARNING] coder_eval.orchestrator: Visible turns (38) exceeded expected_turns (22) at iteration 1 for task skill-bpmn-calculator. Run continues — max_turns remains the hard cap.
2026-08-14 21:54:22 [DEBUG] coder_eval.utils: Resolved @uipath plugin-tools dir=/usr/lib/node_modules/@uipath from `uip` at /usr/lib/node_modules/@uipath/cli/dist/index.js
2026-08-14 21:54:22 [INFO] coder_eval.orchestrator: Running post-run command: find . -maxdepth 5 -type d \( -name node_modules -o -name .npm-prefix -o -name .venv \) -prune -exec rm -rf {} +
2026-08-14 21:54:22 [INFO] coder_eval.orchestrator: Sandbox preserved (in-place): /work/output/artifacts/skill-bpmn-calculator
2026-08-14 21:54:22 [INFO] coder_eval.orchestrator: Task finished: status=SUCCESS duration=360.1s score=1.000 iterations=1


================================================================================
TASK: default/skill-bpmn-callactivity-agentic-process/00
================================================================================

2026-08-14 21:48:31 [DEBUG] coder_eval.utils: Resolved @uipath plugin-tools dir=/usr/lib/node_modules/@uipath from `uip` at /usr/lib/node_modules/@uipath/cli/dist/index.js
2026-08-14 21:48:31 [INFO] coder_eval.orchestrator: API routing: aws_bedrock
2026-08-14 21:48:31 [DEBUG] coder_eval.criteria: Discovered 14 criterion checkers
2026-08-14 21:48:31 [DEBUG] coder_eval.criteria: Validated 14 criterion checkers
2026-08-14 21:48:31 [DEBUG] coder_eval.utils: Resolved @uipath plugin-tools dir=/usr/lib/node_modules/@uipath from `uip` at /usr/lib/node_modules/@uipath/cli/dist/index.js
2026-08-14 21:48:32 [DEBUG] coder_eval.orchestrator: Sending prompt: Load and follow the uipath-maestro-bpmn skill.

Author a local Maestro BPMN project named "CallActiv...
2026-08-14 21:48:32 [DEBUG] coder_eval.agents.claude_code_agent: [coder] Starting agent query stream...
2026-08-14 21:55:46 [DEBUG] coder_eval.agents.claude_code_agent: [coder] session_id changed: None -> af3c3508-3545-4379-9955-7fa6801d5734
2026-08-14 21:55:46 [DEBUG] coder_eval.agents.claude_code_agent: [coder] Agent query stream ended
2026-08-14 21:55:46 [DEBUG] coder_eval.utils: Resolved @uipath plugin-tools dir=/usr/lib/node_modules/@uipath from `uip` at /usr/lib/node_modules/@uipath/cli/dist/index.js
2026-08-14 21:55:46 [DEBUG] coder_eval.orchestrator: Agent response received (4875 chars)
2026-08-14 21:55:46 [DEBUG] coder_eval.orchestrator: Checking success criteria
2026-08-14 21:55:46 [DEBUG] coder_eval.evaluation.checker: Criterion 'file_exists' score: 1.00
2026-08-14 21:55:46 [DEBUG] coder_eval.evaluation.checker: Criterion 'command_executed' score: 1.00
2026-08-14 21:55:46 [DEBUG] coder_eval.criteria.run_command: Running command for criterion 'StartAgenticProcess hosted on a bpmn:callActivity (not a serviceTask) and the graph is sound': python3 $TASK_DIR/check_callactivity_agentic.py
2026-08-14 21:55:46 [DEBUG] coder_eval.sandbox: Command 'python3 $TASK_DIR/check_callactivity_agentic.py' exited with code 0
2026-08-14 21:55:46 [DEBUG] coder_eval.sandbox: STDOUT:
---
OK: CallActivityAgenticBpmn/CallActivityAgenticBpmn.bpmn hosts Orchestrator.StartAgenticProcess on a bpmn:callActivity
---
2026-08-14 21:55:46 [DEBUG] coder_eval.evaluation.checker: Criterion 'run_command' score: 1.00
2026-08-14 21:55:46 [INFO] coder_eval.orchestrator: Success criteria: 3/3 passed, weighted score: 1.000
2026-08-14 21:55:46 [WARNING] coder_eval.orchestrator: Visible turns (47) exceeded expected_turns (18) at iteration 1 for task skill-bpmn-callactivity-agentic-process. Run continues — max_turns remains the hard cap.
2026-08-14 21:55:46 [DEBUG] coder_eval.utils: Resolved @uipath plugin-tools dir=/usr/lib/node_modules/@uipath from `uip` at /usr/lib/node_modules/@uipath/cli/dist/index.js
2026-08-14 21:55:46 [INFO] coder_eval.orchestrator: Running post-run command: find . -maxdepth 5 -type d \( -name node_modules -o -name .npm-prefix -o -name .venv \) -prune -exec rm -rf {} +
2026-08-14 21:55:46 [INFO] coder_eval.orchestrator: Sandbox preserved (in-place): /work/output/artifacts/skill-bpmn-callactivity-agentic-process
2026-08-14 21:55:46 [INFO] coder_eval.orchestrator: Task finished: status=SUCCESS duration=443.6s score=1.000 iterations=1


================================================================================
TASK: default/skill-bpmn-contract-variant-wrappers/00
================================================================================

2026-08-14 21:55:49 [DEBUG] coder_eval.utils: Resolved @uipath plugin-tools dir=/usr/lib/node_modules/@uipath from `uip` at /usr/lib/node_modules/@uipath/cli/dist/index.js
2026-08-14 21:55:49 [INFO] coder_eval.orchestrator: API routing: aws_bedrock
2026-08-14 21:55:49 [DEBUG] coder_eval.criteria: Discovered 14 criterion checkers
2026-08-14 21:55:49 [DEBUG] coder_eval.criteria: Validated 14 criterion checkers
2026-08-14 21:55:49 [DEBUG] coder_eval.utils: Resolved @uipath plugin-tools dir=/usr/lib/node_modules/@uipath from `uip` at /usr/lib/node_modules/@uipath/cli/dist/index.js
2026-08-14 21:55:49 [DEBUG] coder_eval.orchestrator: Sending prompt: Create a local BPMN project named "ContractVariantsBpmn".
Use synthetic placeholder resource names o...
2026-08-14 21:55:49 [DEBUG] coder_eval.agents.claude_code_agent: [coder] Starting agent query stream...
2026-08-14 22:35:18 [DEBUG] coder_eval.agents.claude_code_agent: [coder] is_error ResultMessage; not advancing session_id (kept None)
2026-08-14 22:35:18 [DEBUG] coder_eval.agents.claude_code_agent: [coder] Generic Exception is error_max_turns; treating as clean turn
2026-08-14 22:35:18 [WARNING] coder_eval.agents.claude_code_agent: [coder] Agent exhausted max_turns (90); turn ended without completing
2026-08-14 22:35:18 [DEBUG] coder_eval.utils: Resolved @uipath plugin-tools dir=/usr/lib/node_modules/@uipath from `uip` at /usr/lib/node_modules/@uipath/cli/dist/index.js
2026-08-14 22:35:18 [DEBUG] coder_eval.orchestrator: Agent response received (3411 chars)
2026-08-14 22:35:18 [DEBUG] coder_eval.orchestrator: Checking success criteria
2026-08-14 22:35:18 [DEBUG] coder_eval.criteria.run_command: Running command for criterion 'Contract variant wrappers use the documented BPMN element types': python3 $TASK_DIR/check_contract_variant_wrappers.py
2026-08-14 22:35:18 [DEBUG] coder_eval.sandbox: Command 'python3 $TASK_DIR/check_contract_variant_wrappers.py' exited with code 1
2026-08-14 22:35:18 [DEBUG] coder_eval.sandbox: STDERR:
---
FAIL: missing bpmn:serviceTask with Orchestrator.StartAgentJob uipath:activity shell
---
2026-08-14 22:35:18 [DEBUG] coder_eval.evaluation.checker: Criterion 'run_command' score: 0.00
2026-08-14 22:35:18 [INFO] coder_eval.evaluation.checker: Criterion 'run_command' FAILED (score=0.00, threshold=1.00): Command: python3 $TASK_DIR/check_contract_variant_wrappers.py
2026-08-14 22:35:18 [INFO] coder_eval.orchestrator: Success criteria: 0/1 passed, weighted score: 0.000
2026-08-14 22:35:18 [WARNING] coder_eval.orchestrator: Agent exhausted max_turns (90) without passing criteria.
2026-08-14 22:35:18 [WARNING] coder_eval.orchestrator: Visible turns (93) exceeded expected_turns (20) at iteration 1 for task skill-bpmn-contract-variant-wrappers. Run continues — max_turns remains the hard cap.
2026-08-14 22:35:18 [DEBUG] coder_eval.utils: Resolved @uipath plugin-tools dir=/usr/lib/node_modules/@uipath from `uip` at /usr/lib/node_modules/@uipath/cli/dist/index.js
2026-08-14 22:35:18 [INFO] coder_eval.orchestrator: Running post-run command: find . -maxdepth 5 -type d \( -name node_modules -o -name .npm-prefix -o -name .venv \) -prune -exec rm -rf {} +
2026-08-14 22:35:18 [INFO] coder_eval.orchestrator: Sandbox preserved (in-place): /work/output/artifacts/skill-bpmn-contract-variant-wrappers
2026-08-14 22:35:18 [INFO] coder_eval.orchestrator: Task finished: status=MAX_TURNS_EXHAUSTED duration=2370.9s score=0.000 iterations=1


================================================================================
TASK: default/skill-bpmn-debug-instance-inspect/00
================================================================================

2026-08-14 21:48:30 [DEBUG] coder_eval.utils: Resolved @uipath plugin-tools dir=/usr/lib/node_modules/@uipath from `uip` at /usr/lib/node_modules/@uipath/cli/dist/index.js
2026-08-14 21:48:30 [INFO] coder_eval.orchestrator: API routing: aws_bedrock
2026-08-14 21:48:30 [DEBUG] coder_eval.criteria: Discovered 14 criterion checkers
2026-08-14 21:48:30 [DEBUG] coder_eval.criteria: Validated 14 criterion checkers
2026-08-14 21:48:30 [DEBUG] coder_eval.utils: Resolved @uipath plugin-tools dir=/usr/lib/node_modules/@uipath from `uip` at /usr/lib/node_modules/@uipath/cli/dist/index.js
2026-08-14 21:48:31 [DEBUG] coder_eval.orchestrator: Sending prompt: A Maestro BPMN debug session faulted. You have only the debug-session
identifier:
- debug instance i...
2026-08-14 21:48:31 [DEBUG] coder_eval.agents.claude_code_agent: [coder] Starting agent query stream...
2026-08-14 21:49:42 [DEBUG] coder_eval.agents.claude_code_agent: [coder] session_id changed: None -> 990bbec2-19c4-4859-8bad-4c0ce6d501dc
2026-08-14 21:49:42 [DEBUG] coder_eval.agents.claude_code_agent: [coder] Agent query stream ended
2026-08-14 21:49:42 [DEBUG] coder_eval.utils: `uip` at /work/output/artifacts/skill-bpmn-debug-instance-inspect/mocks/uip is not inside a recognizable node_modules/@uipath tree
2026-08-14 21:49:42 [DEBUG] coder_eval.orchestrator: Agent response received (2301 chars)
2026-08-14 21:49:42 [DEBUG] coder_eval.orchestrator: Checking success criteria
2026-08-14 21:49:42 [DEBUG] coder_eval.evaluation.checker: Criterion 'command_executed' score: 1.00
2026-08-14 21:49:42 [DEBUG] coder_eval.evaluation.checker: Criterion 'command_executed' score: 1.00
2026-08-14 21:49:42 [DEBUG] coder_eval.evaluation.checker: Criterion 'command_executed' score: 1.00
2026-08-14 21:49:42 [DEBUG] coder_eval.evaluation.checker: Criterion 'file_contains' score: 1.00
2026-08-14 21:49:42 [DEBUG] coder_eval.evaluation.checker: Criterion 'command_executed' score: 1.00
2026-08-14 21:49:42 [INFO] coder_eval.orchestrator: Success criteria: 5/5 passed, weighted score: 1.000
2026-08-14 21:49:42 [DEBUG] coder_eval.utils: `uip` at /work/output/artifacts/skill-bpmn-debug-instance-inspect/mocks/uip is not inside a recognizable node_modules/@uipath tree
2026-08-14 21:49:42 [INFO] coder_eval.orchestrator: Running post-run command: find . -maxdepth 5 -type d \( -name node_modules -o -name .npm-prefix -o -name .venv \) -prune -exec rm -rf {} +
2026-08-14 21:49:42 [INFO] coder_eval.orchestrator: Sandbox preserved (in-place): /work/output/artifacts/skill-bpmn-debug-instance-inspect
2026-08-14 21:49:42 [INFO] coder_eval.orchestrator: Task finished: status=SUCCESS duration=80.5s score=1.000 iterations=1


================================================================================
TASK: default/skill-bpmn-debug-not-validation/00
================================================================================

2026-08-14 21:48:28 [DEBUG] coder_eval.utils: Resolved @uipath plugin-tools dir=/usr/lib/node_modules/@uipath from `uip` at /usr/lib/node_modules/@uipath/cli/dist/index.js
2026-08-14 21:48:28 [INFO] coder_eval.orchestrator: API routing: aws_bedrock
2026-08-14 21:48:29 [DEBUG] coder_eval.criteria: Discovered 14 criterion checkers
2026-08-14 21:48:29 [DEBUG] coder_eval.criteria: Validated 14 criterion checkers
2026-08-14 21:48:29 [DEBUG] coder_eval.utils: Resolved @uipath plugin-tools dir=/usr/lib/node_modules/@uipath from `uip` at /usr/lib/node_modules/@uipath/cli/dist/index.js
2026-08-14 21:48:29 [DEBUG] coder_eval.orchestrator: Sending prompt: Load and follow the uipath-maestro-bpmn skill.

Author a single Maestro BPMN file `PriorityRouting.b...
2026-08-14 21:48:29 [DEBUG] coder_eval.agents.claude_code_agent: [coder] Starting agent query stream...
2026-08-14 21:49:33 [DEBUG] coder_eval.agents.claude_code_agent: [coder] session_id changed: None -> a5d8d89f-24f1-4b50-83a3-00e3f65f1b22
2026-08-14 21:49:33 [DEBUG] coder_eval.agents.claude_code_agent: [coder] Agent query stream ended
2026-08-14 21:49:33 [DEBUG] coder_eval.utils: Resolved @uipath plugin-tools dir=/usr/lib/node_modules/@uipath from `uip` at /usr/lib/node_modules/@uipath/cli/dist/index.js
2026-08-14 21:49:33 [DEBUG] coder_eval.orchestrator: Agent response received (1560 chars)
2026-08-14 21:49:33 [DEBUG] coder_eval.orchestrator: Checking success criteria
2026-08-14 21:49:33 [DEBUG] coder_eval.evaluation.checker: Criterion 'file_exists' score: 1.00
2026-08-14 21:49:33 [DEBUG] coder_eval.evaluation.checker: Criterion 'command_executed' score: 1.00
2026-08-14 21:49:33 [DEBUG] coder_eval.evaluation.checker: Criterion 'command_executed' score: 1.00
2026-08-14 21:49:33 [DEBUG] coder_eval.criteria.run_command: Running command for criterion 'Authored BPMN is well-formed, fully shaped, and gateway-routed': python3 $TASK_DIR/check_debug_not_validation.py
2026-08-14 21:49:33 [DEBUG] coder_eval.sandbox: Command 'python3 $TASK_DIR/check_debug_not_validation.py' exited with code 0
2026-08-14 21:49:33 [DEBUG] coder_eval.sandbox: STDOUT:
---
OK: PriorityRouting.bpmn is well-formed, fully shaped, and gateway-routed
---
2026-08-14 21:49:33 [DEBUG] coder_eval.evaluation.checker: Criterion 'run_command' score: 1.00
2026-08-14 21:49:33 [INFO] coder_eval.orchestrator: Success criteria: 4/4 passed, weighted score: 1.000
2026-08-14 21:49:33 [DEBUG] coder_eval.utils: Resolved @uipath plugin-tools dir=/usr/lib/node_modules/@uipath from `uip` at /usr/lib/node_modules/@uipath/cli/dist/index.js
2026-08-14 21:49:33 [INFO] coder_eval.orchestrator: Running post-run command: find . -maxdepth 5 -type d \( -name node_modules -o -name .npm-prefix -o -name .venv \) -prune -exec rm -rf {} +
2026-08-14 21:49:33 [INFO] coder_eval.orchestrator: Sandbox preserved (in-place): /work/output/artifacts/skill-bpmn-debug-not-validation
2026-08-14 21:49:33 [INFO] coder_eval.orchestrator: Task finished: status=SUCCESS duration=72.8s score=1.000 iterations=1


================================================================================
TASK: default/skill-bpmn-debug-workflow-mocked/00
================================================================================

2026-08-14 21:49:32 [DEBUG] coder_eval.utils: Resolved @uipath plugin-tools dir=/usr/lib/node_modules/@uipath from `uip` at /usr/lib/node_modules/@uipath/cli/dist/index.js
2026-08-14 21:49:32 [INFO] coder_eval.orchestrator: API routing: aws_bedrock
2026-08-14 21:49:32 [DEBUG] coder_eval.criteria: Discovered 14 criterion checkers
2026-08-14 21:49:32 [DEBUG] coder_eval.criteria: Validated 14 criterion checkers
2026-08-14 21:49:32 [DEBUG] coder_eval.utils: Resolved @uipath plugin-tools dir=/usr/lib/node_modules/@uipath from `uip` at /usr/lib/node_modules/@uipath/cli/dist/index.js
2026-08-14 21:49:32 [DEBUG] coder_eval.orchestrator: Sending prompt: A local Maestro BPMN project already exists at `./OrderApproval`. Debug it
and report what the run p...
2026-08-14 21:49:32 [DEBUG] coder_eval.agents.claude_code_agent: [coder] Starting agent query stream...
2026-08-14 21:50:12 [DEBUG] coder_eval.agents.claude_code_agent: [coder] session_id changed: None -> e2550e20-36d5-48e0-afec-23aba395ca6f
2026-08-14 21:50:12 [DEBUG] coder_eval.agents.claude_code_agent: [coder] Agent query stream ended
2026-08-14 21:50:12 [DEBUG] coder_eval.utils: `uip` at /work/output/artifacts/skill-bpmn-debug-workflow-mocked/mocks/uip is not inside a recognizable node_modules/@uipath tree
2026-08-14 21:50:12 [DEBUG] coder_eval.orchestrator: Agent response received (2169 chars)
2026-08-14 21:50:12 [DEBUG] coder_eval.orchestrator: Checking success criteria
2026-08-14 21:50:12 [DEBUG] coder_eval.evaluation.checker: Criterion 'command_executed' score: 1.00
2026-08-14 21:50:12 [DEBUG] coder_eval.evaluation.checker: Criterion 'command_executed' score: 1.00
2026-08-14 21:50:12 [DEBUG] coder_eval.evaluation.checker: Criterion 'file_contains' score: 1.00
2026-08-14 21:50:12 [DEBUG] coder_eval.evaluation.checker: Criterion 'command_executed' score: 1.00
2026-08-14 21:50:12 [INFO] coder_eval.orchestrator: Success criteria: 4/4 passed, weighted score: 1.000
2026-08-14 21:50:12 [DEBUG] coder_eval.utils: `uip` at /work/output/artifacts/skill-bpmn-debug-workflow-mocked/mocks/uip is not inside a recognizable node_modules/@uipath tree
2026-08-14 21:50:12 [INFO] coder_eval.orchestrator: Running post-run command: find . -maxdepth 5 -type d \( -name node_modules -o -name .npm-prefix -o -name .venv \) -prune -exec rm -rf {} +
2026-08-14 21:50:12 [INFO] coder_eval.orchestrator: Sandbox preserved (in-place): /work/output/artifacts/skill-bpmn-debug-workflow-mocked
2026-08-14 21:50:12 [INFO] coder_eval.orchestrator: Task finished: status=SUCCESS duration=41.3s score=1.000 iterations=1


================================================================================
TASK: default/skill-bpmn-diagnose-deployed-drift/00
================================================================================

2026-08-14 21:48:28 [DEBUG] coder_eval.utils: Resolved @uipath plugin-tools dir=/usr/lib/node_modules/@uipath from `uip` at /usr/lib/node_modules/@uipath/cli/dist/index.js
2026-08-14 21:48:28 [INFO] coder_eval.orchestrator: API routing: aws_bedrock
2026-08-14 21:48:28 [DEBUG] coder_eval.criteria: Discovered 14 criterion checkers
2026-08-14 21:48:28 [DEBUG] coder_eval.criteria: Validated 14 criterion checkers
2026-08-14 21:48:28 [DEBUG] coder_eval.utils: Resolved @uipath plugin-tools dir=/usr/lib/node_modules/@uipath from `uip` at /usr/lib/node_modules/@uipath/cli/dist/index.js
2026-08-14 21:48:29 [DEBUG] coder_eval.orchestrator: Sending prompt: A UiPath Maestro BPMN instance behaved differently from the local source. The
local file `OrderRouti...
2026-08-14 21:48:29 [DEBUG] coder_eval.agents.claude_code_agent: [coder] Starting agent query stream...
2026-08-14 21:49:12 [DEBUG] coder_eval.agents.claude_code_agent: [coder] session_id changed: None -> 0ed1dbc6-dab5-4e6a-8997-c7680d307fe7
2026-08-14 21:49:12 [DEBUG] coder_eval.agents.claude_code_agent: [coder] Agent query stream ended
2026-08-14 21:49:12 [DEBUG] coder_eval.utils: `uip` at /work/output/artifacts/skill-bpmn-diagnose-deployed-drift/mocks/uip is not inside a recognizable node_modules/@uipath tree
2026-08-14 21:49:12 [DEBUG] coder_eval.orchestrator: Agent response received (1806 chars)
2026-08-14 21:49:12 [DEBUG] coder_eval.orchestrator: Checking success criteria
2026-08-14 21:49:12 [DEBUG] coder_eval.evaluation.checker: Criterion 'command_executed' score: 1.00
2026-08-14 21:49:12 [DEBUG] coder_eval.evaluation.checker: Criterion 'file_contains' score: 1.00
2026-08-14 21:49:12 [INFO] coder_eval.orchestrator: Success criteria: 2/2 passed, weighted score: 1.000
2026-08-14 21:49:12 [DEBUG] coder_eval.utils: `uip` at /work/output/artifacts/skill-bpmn-diagnose-deployed-drift/mocks/uip is not inside a recognizable node_modules/@uipath tree
2026-08-14 21:49:13 [INFO] coder_eval.orchestrator: Running post-run command: find . -maxdepth 5 -type d \( -name node_modules -o -name .npm-prefix -o -name .venv \) -prune -exec rm -rf {} +
2026-08-14 21:49:13 [INFO] coder_eval.orchestrator: Sandbox preserved (in-place): /work/output/artifacts/skill-bpmn-diagnose-deployed-drift
2026-08-14 21:49:13 [INFO] coder_eval.orchestrator: Task finished: status=SUCCESS duration=52.2s score=1.000 iterations=1


================================================================================
TASK: default/skill-bpmn-diagnose-incident-root-cause/00
================================================================================

2026-08-14 21:52:07 [DEBUG] coder_eval.utils: Resolved @uipath plugin-tools dir=/usr/lib/node_modules/@uipath from `uip` at /usr/lib/node_modules/@uipath/cli/dist/index.js
2026-08-14 21:52:07 [INFO] coder_eval.orchestrator: API routing: aws_bedrock
2026-08-14 21:52:07 [DEBUG] coder_eval.criteria: Discovered 14 criterion checkers
2026-08-14 21:52:07 [DEBUG] coder_eval.criteria: Validated 14 criterion checkers
2026-08-14 21:52:07 [DEBUG] coder_eval.utils: Resolved @uipath plugin-tools dir=/usr/lib/node_modules/@uipath from `uip` at /usr/lib/node_modules/@uipath/cli/dist/index.js
2026-08-14 21:52:07 [DEBUG] coder_eval.orchestrator: Sending prompt: A UiPath Maestro BPMN instance failed with more than one incident. Diagnose it
using the mocked `uip...
2026-08-14 21:52:07 [DEBUG] coder_eval.agents.claude_code_agent: [coder] Starting agent query stream...
2026-08-14 21:52:52 [DEBUG] coder_eval.agents.claude_code_agent: [coder] session_id changed: None -> 9eed597a-247a-4dc1-bbab-91f7f18a052d
2026-08-14 21:52:52 [DEBUG] coder_eval.agents.claude_code_agent: [coder] Agent query stream ended
2026-08-14 21:52:52 [DEBUG] coder_eval.utils: `uip` at /work/output/artifacts/skill-bpmn-diagnose-incident-root-cause/mocks/uip is not inside a recognizable node_modules/@uipath tree
2026-08-14 21:52:52 [DEBUG] coder_eval.orchestrator: Agent response received (2344 chars)
2026-08-14 21:52:52 [DEBUG] coder_eval.orchestrator: Checking success criteria
2026-08-14 21:52:52 [DEBUG] coder_eval.evaluation.checker: Criterion 'command_executed' score: 1.00
2026-08-14 21:52:52 [DEBUG] coder_eval.evaluation.checker: Criterion 'command_executed' score: 1.00
2026-08-14 21:52:52 [DEBUG] coder_eval.evaluation.checker: Criterion 'command_executed' score: 1.00
2026-08-14 21:52:52 [DEBUG] coder_eval.evaluation.checker: Criterion 'file_contains' score: 1.00
2026-08-14 21:52:52 [INFO] coder_eval.orchestrator: Success criteria: 4/4 passed, weighted score: 1.000
2026-08-14 21:52:52 [DEBUG] coder_eval.utils: `uip` at /work/output/artifacts/skill-bpmn-diagnose-incident-root-cause/mocks/uip is not inside a recognizable node_modules/@uipath tree
2026-08-14 21:52:52 [INFO] coder_eval.orchestrator: Running post-run command: find . -maxdepth 5 -type d \( -name node_modules -o -name .npm-prefix -o -name .venv \) -prune -exec rm -rf {} +
2026-08-14 21:52:52 [INFO] coder_eval.orchestrator: Sandbox preserved (in-place): /work/output/artifacts/skill-bpmn-diagnose-incident-root-cause
2026-08-14 21:52:52 [INFO] coder_eval.orchestrator: Task finished: status=SUCCESS duration=46.1s score=1.000 iterations=1


================================================================================
TASK: default/skill-bpmn-diagnose-job-traces/00
================================================================================

2026-08-14 21:51:15 [DEBUG] coder_eval.utils: Resolved @uipath plugin-tools dir=/usr/lib/node_modules/@uipath from `uip` at /usr/lib/node_modules/@uipath/cli/dist/index.js
2026-08-14 21:51:15 [INFO] coder_eval.orchestrator: API routing: aws_bedrock
2026-08-14 21:51:15 [DEBUG] coder_eval.criteria: Discovered 14 criterion checkers
2026-08-14 21:51:15 [DEBUG] coder_eval.criteria: Validated 14 criterion checkers
2026-08-14 21:51:15 [DEBUG] coder_eval.utils: Resolved @uipath plugin-tools dir=/usr/lib/node_modules/@uipath from `uip` at /usr/lib/node_modules/@uipath/cli/dist/index.js
2026-08-14 21:51:15 [DEBUG] coder_eval.orchestrator: Sending prompt: A UiPath Maestro BPMN job faulted, but the job summary lists no faulting
element and no incident was...
2026-08-14 21:51:15 [DEBUG] coder_eval.agents.claude_code_agent: [coder] Starting agent query stream...
2026-08-14 21:52:25 [DEBUG] coder_eval.agents.claude_code_agent: [coder] session_id changed: None -> d2ce1654-862a-4a67-85be-51745ca3e757
2026-08-14 21:52:25 [DEBUG] coder_eval.agents.claude_code_agent: [coder] Agent query stream ended
2026-08-14 21:52:25 [DEBUG] coder_eval.utils: `uip` at /work/output/artifacts/skill-bpmn-diagnose-job-traces/mocks/uip is not inside a recognizable node_modules/@uipath tree
2026-08-14 21:52:25 [DEBUG] coder_eval.orchestrator: Agent response received (2453 chars)
2026-08-14 21:52:25 [DEBUG] coder_eval.orchestrator: Checking success criteria
2026-08-14 21:52:25 [DEBUG] coder_eval.evaluation.checker: Criterion 'command_executed' score: 1.00
2026-08-14 21:52:25 [DEBUG] coder_eval.evaluation.checker: Criterion 'command_executed' score: 1.00
2026-08-14 21:52:25 [DEBUG] coder_eval.evaluation.checker: Criterion 'file_contains' score: 1.00
2026-08-14 21:52:25 [INFO] coder_eval.orchestrator: Success criteria: 3/3 passed, weighted score: 1.000
2026-08-14 21:52:25 [DEBUG] coder_eval.utils: `uip` at /work/output/artifacts/skill-bpmn-diagnose-job-traces/mocks/uip is not inside a recognizable node_modules/@uipath tree
2026-08-14 21:52:25 [INFO] coder_eval.orchestrator: Running post-run command: find . -maxdepth 5 -type d \( -name node_modules -o -name .npm-prefix -o -name .venv \) -prune -exec rm -rf {} +
2026-08-14 21:52:25 [INFO] coder_eval.orchestrator: Sandbox preserved (in-place): /work/output/artifacts/skill-bpmn-diagnose-job-traces
2026-08-14 21:52:25 [INFO] coder_eval.orchestrator: Task finished: status=SUCCESS duration=72.0s score=1.000 iterations=1


================================================================================
TASK: default/skill-bpmn-diagnose-scoped-variables/00
================================================================================

2026-08-14 21:48:30 [DEBUG] coder_eval.utils: Resolved @uipath plugin-tools dir=/usr/lib/node_modules/@uipath from `uip` at /usr/lib/node_modules/@uipath/cli/dist/index.js
2026-08-14 21:48:30 [INFO] coder_eval.orchestrator: API routing: aws_bedrock
2026-08-14 21:48:30 [DEBUG] coder_eval.criteria: Discovered 14 criterion checkers
2026-08-14 21:48:30 [DEBUG] coder_eval.criteria: Validated 14 criterion checkers
2026-08-14 21:48:30 [DEBUG] coder_eval.utils: Resolved @uipath plugin-tools dir=/usr/lib/node_modules/@uipath from `uip` at /usr/lib/node_modules/@uipath/cli/dist/index.js
2026-08-14 21:48:31 [DEBUG] coder_eval.orchestrator: Sending prompt: A UiPath Maestro BPMN run finished with status Completed, but a stakeholder
reports the tax on the i...
2026-08-14 21:48:31 [DEBUG] coder_eval.agents.claude_code_agent: [coder] Starting agent query stream...
2026-08-14 21:49:26 [DEBUG] coder_eval.agents.claude_code_agent: [coder] session_id changed: None -> 653e4c68-c357-4fea-9b89-3ed2d6f0f013
2026-08-14 21:49:26 [DEBUG] coder_eval.agents.claude_code_agent: [coder] Agent query stream ended
2026-08-14 21:49:26 [DEBUG] coder_eval.utils: `uip` at /work/output/artifacts/skill-bpmn-diagnose-scoped-variables/mocks/uip is not inside a recognizable node_modules/@uipath tree
2026-08-14 21:49:26 [DEBUG] coder_eval.orchestrator: Agent response received (2734 chars)
2026-08-14 21:49:26 [DEBUG] coder_eval.orchestrator: Checking success criteria
2026-08-14 21:49:26 [DEBUG] coder_eval.evaluation.checker: Criterion 'command_executed' score: 1.00
2026-08-14 21:49:26 [DEBUG] coder_eval.evaluation.checker: Criterion 'file_contains' score: 1.00
2026-08-14 21:49:26 [INFO] coder_eval.orchestrator: Success criteria: 2/2 passed, weighted score: 1.000
2026-08-14 21:49:26 [DEBUG] coder_eval.utils: `uip` at /work/output/artifacts/skill-bpmn-diagnose-scoped-variables/mocks/uip is not inside a recognizable node_modules/@uipath tree
2026-08-14 21:49:26 [INFO] coder_eval.orchestrator: Running post-run command: find . -maxdepth 5 -type d \( -name node_modules -o -name .npm-prefix -o -name .venv \) -prune -exec rm -rf {} +
2026-08-14 21:49:26 [INFO] coder_eval.orchestrator: Sandbox preserved (in-place): /work/output/artifacts/skill-bpmn-diagnose-scoped-variables
2026-08-14 21:49:26 [INFO] coder_eval.orchestrator: Task finished: status=SUCCESS duration=65.0s score=1.000 iterations=1


================================================================================
TASK: default/skill-bpmn-diagnose-stuck-gateway/00
================================================================================

2026-08-14 21:48:27 [DEBUG] coder_eval.utils: Resolved @uipath plugin-tools dir=/usr/lib/node_modules/@uipath from `uip` at /usr/lib/node_modules/@uipath/cli/dist/index.js
2026-08-14 21:48:27 [INFO] coder_eval.orchestrator: API routing: aws_bedrock
2026-08-14 21:48:27 [DEBUG] coder_eval.criteria: Discovered 14 criterion checkers
2026-08-14 21:48:27 [DEBUG] coder_eval.criteria: Validated 14 criterion checkers
2026-08-14 21:48:27 [DEBUG] coder_eval.utils: Resolved @uipath plugin-tools dir=/usr/lib/node_modules/@uipath from `uip` at /usr/lib/node_modules/@uipath/cli/dist/index.js
2026-08-14 21:48:28 [DEBUG] coder_eval.orchestrator: Sending prompt: A UiPath Maestro BPMN run is stuck: it never faulted and never completed. It
is parked mid-flow. Dia...
2026-08-14 21:48:28 [DEBUG] coder_eval.agents.claude_code_agent: [coder] Starting agent query stream...
2026-08-14 21:48:57 [WARNING] coder_eval.agents.claude_code_agent: [coder] Tool use blocked: Bash (id=toolu_bdrk_01Ro3pjeYuidpE1WekasyV2r) - permission denied. Error: Exit code 1
[
  { "elementId": "Start_Manual", "elementType": "startEvent", "state": "Completed" },
  { "elementId": "ServiceTask_Score", "elementType": "serviceTask", "state": "Completed" },
  {
    
2026-08-14 21:49:28 [DEBUG] coder_eval.agents.claude_code_agent: [coder] session_id changed: None -> 60fc2d47-9442-424b-be94-49bf7efcb4f5
2026-08-14 21:49:28 [DEBUG] coder_eval.agents.claude_code_agent: [coder] Agent query stream ended
2026-08-14 21:49:28 [DEBUG] coder_eval.utils: `uip` at /work/output/artifacts/skill-bpmn-diagnose-stuck-gateway/mocks/uip is not inside a recognizable node_modules/@uipath tree
2026-08-14 21:49:28 [DEBUG] coder_eval.orchestrator: Agent response received (3036 chars)
2026-08-14 21:49:28 [DEBUG] coder_eval.orchestrator: Checking success criteria
2026-08-14 21:49:28 [DEBUG] coder_eval.evaluation.checker: Criterion 'command_executed' score: 1.00
2026-08-14 21:49:28 [DEBUG] coder_eval.evaluation.checker: Criterion 'command_executed' score: 1.00
2026-08-14 21:49:28 [DEBUG] coder_eval.evaluation.checker: Criterion 'file_contains' score: 1.00
2026-08-14 21:49:28 [INFO] coder_eval.orchestrator: Success criteria: 3/3 passed, weighted score: 1.000
2026-08-14 21:49:28 [DEBUG] coder_eval.utils: `uip` at /work/output/artifacts/skill-bpmn-diagnose-stuck-gateway/mocks/uip is not inside a recognizable node_modules/@uipath tree
2026-08-14 21:49:28 [INFO] coder_eval.orchestrator: Running post-run command: find . -maxdepth 5 -type d \( -name node_modules -o -name .npm-prefix -o -name .venv \) -prune -exec rm -rf {} +
2026-08-14 21:49:28 [INFO] coder_eval.orchestrator: Sandbox preserved (in-place): /work/output/artifacts/skill-bpmn-diagnose-stuck-gateway
2026-08-14 21:49:28 [INFO] coder_eval.orchestrator: Task finished: status=SUCCESS duration=68.8s score=1.000 iterations=1


================================================================================
TASK: default/skill-bpmn-diagnose-validate-fix-loop/00
================================================================================

2026-08-14 21:52:56 [DEBUG] coder_eval.utils: Resolved @uipath plugin-tools dir=/usr/lib/node_modules/@uipath from `uip` at /usr/lib/node_modules/@uipath/cli/dist/index.js
2026-08-14 21:52:56 [INFO] coder_eval.orchestrator: API routing: aws_bedrock
2026-08-14 21:52:56 [DEBUG] coder_eval.criteria: Discovered 14 criterion checkers
2026-08-14 21:52:56 [DEBUG] coder_eval.criteria: Validated 14 criterion checkers
2026-08-14 21:52:56 [DEBUG] coder_eval.utils: Resolved @uipath plugin-tools dir=/usr/lib/node_modules/@uipath from `uip` at /usr/lib/node_modules/@uipath/cli/dist/index.js
2026-08-14 21:52:56 [INFO] coder_eval.orchestrator: Running pre-run command: out=$(uip maestro bpmn validate ExpenseApproval.bpmn --output json 2>&1); if [ $? -eq 0 ]; then echo "CLI reported the seeded-broken fixture as VALID — the installed uip likely predates the BPMN structural rules (needs cli#3135). Update the CLI."; exit 1; fi; if printf '%s' "$out" | grep -q '"Result": "Failure"'; then exit 0; fi; echo "uip maestro bpmn validate did not run as expected (missing command or not cli#3135?). Output: $out"; exit 1

2026-08-14 21:52:57 [DEBUG] coder_eval.orchestrator: Sending prompt: Load and follow the uipath-maestro-bpmn skill.

A Maestro BPMN file `ExpenseApproval.bpmn` is in the...
2026-08-14 21:52:57 [DEBUG] coder_eval.agents.claude_code_agent: [coder] Starting agent query stream...
2026-08-14 21:53:22 [DEBUG] coder_eval.agents.claude_code_agent: [coder] session_id changed: None -> a1ac8ab1-a0f2-4e5b-965f-86a2a404c107
2026-08-14 21:53:22 [DEBUG] coder_eval.agents.claude_code_agent: [coder] Agent query stream ended
2026-08-14 21:53:22 [DEBUG] coder_eval.utils: Resolved @uipath plugin-tools dir=/usr/lib/node_modules/@uipath from `uip` at /usr/lib/node_modules/@uipath/cli/dist/index.js
2026-08-14 21:53:22 [DEBUG] coder_eval.orchestrator: Agent response received (1258 chars)
2026-08-14 21:53:22 [DEBUG] coder_eval.orchestrator: Checking success criteria
2026-08-14 21:53:22 [DEBUG] coder_eval.evaluation.checker: Criterion 'file_exists' score: 1.00
2026-08-14 21:53:22 [DEBUG] coder_eval.evaluation.checker: Criterion 'command_executed' score: 1.00
2026-08-14 21:53:22 [DEBUG] coder_eval.evaluation.checker: Criterion 'file_contains' score: 1.00
2026-08-14 21:53:22 [DEBUG] coder_eval.criteria.run_command: Running command for criterion 'uip maestro bpmn validate now reports the BPMN file valid (exit 0)': uip maestro bpmn validate ExpenseApproval.bpmn --output json
2026-08-14 21:53:23 [DEBUG] coder_eval.sandbox: Command 'uip maestro bpmn validate ExpenseApproval.bpmn --output json' exited with code 0
2026-08-14 21:53:23 [DEBUG] coder_eval.sandbox: STDOUT:
---
{
  "Result": "Success",
  "Code": "BpmnValidate",
  "Data": {
    "File": "/work/output/artifacts/skill-bpmn-diagnose-validate-fix-loop/ExpenseApproval.bpmn",
    "Status": "Valid",
    "ProcessCount": 1,
    "StartEventCount": 1,
    "UiPathExtensionCount": 2
  }
}
---
2026-08-14 21:53:23 [DEBUG] coder_eval.evaluation.checker: Criterion 'run_command' score: 1.00
2026-08-14 21:53:23 [INFO] coder_eval.orchestrator: Success criteria: 4/4 passed, weighted score: 1.000
2026-08-14 21:53:23 [DEBUG] coder_eval.utils: Resolved @uipath plugin-tools dir=/usr/lib/node_modules/@uipath from `uip` at /usr/lib/node_modules/@uipath/cli/dist/index.js
2026-08-14 21:53:23 [INFO] coder_eval.orchestrator: Running post-run command: find . -maxdepth 5 -type d \( -name node_modules -o -name .npm-prefix -o -name .venv \) -prune -exec rm -rf {} +
2026-08-14 21:53:23 [INFO] coder_eval.orchestrator: Sandbox preserved (in-place): /work/output/artifacts/skill-bpmn-diagnose-validate-fix-loop
2026-08-14 21:53:23 [INFO] coder_eval.orchestrator: Task finished: status=SUCCESS duration=28.1s score=1.000 iterations=1


================================================================================
TASK: default/skill-bpmn-dice-roller/00
================================================================================

2026-08-14 21:48:29 [DEBUG] coder_eval.utils: Resolved @uipath plugin-tools dir=/usr/lib/node_modules/@uipath from `uip` at /usr/lib/node_modules/@uipath/cli/dist/index.js
2026-08-14 21:48:29 [INFO] coder_eval.orchestrator: API routing: aws_bedrock
2026-08-14 21:48:30 [DEBUG] coder_eval.criteria: Discovered 14 criterion checkers
2026-08-14 21:48:30 [DEBUG] coder_eval.criteria: Validated 14 criterion checkers
2026-08-14 21:48:30 [DEBUG] coder_eval.utils: Resolved @uipath plugin-tools dir=/usr/lib/node_modules/@uipath from `uip` at /usr/lib/node_modules/@uipath/cli/dist/index.js
2026-08-14 21:48:30 [DEBUG] coder_eval.orchestrator: Sending prompt: Load and follow the uipath-maestro-bpmn skill.

Author a local Maestro BPMN project named "DiceRolle...
2026-08-14 21:48:30 [DEBUG] coder_eval.agents.claude_code_agent: [coder] Starting agent query stream...
2026-08-14 21:51:00 [DEBUG] coder_eval.agents.claude_code_agent: [coder] session_id changed: None -> 8eff7350-5227-43b2-b63e-2c35611e66fe
2026-08-14 21:51:00 [DEBUG] coder_eval.agents.claude_code_agent: [coder] Agent query stream ended
2026-08-14 21:51:00 [DEBUG] coder_eval.utils: Resolved @uipath plugin-tools dir=/usr/lib/node_modules/@uipath from `uip` at /usr/lib/node_modules/@uipath/cli/dist/index.js
2026-08-14 21:51:00 [DEBUG] coder_eval.orchestrator: Agent response received (3921 chars)
2026-08-14 21:51:00 [DEBUG] coder_eval.orchestrator: Checking success criteria
2026-08-14 21:51:00 [DEBUG] coder_eval.evaluation.checker: Criterion 'file_exists' score: 1.00
2026-08-14 21:51:00 [DEBUG] coder_eval.criteria.run_command: Running command for criterion 'BPMN has a randomness script task and an exclusive gateway on the result, with valid DI': python3 $TASK_DIR/check_dice_roller.py
2026-08-14 21:51:01 [DEBUG] coder_eval.sandbox: Command 'python3 $TASK_DIR/check_dice_roller.py' exited with code 0
2026-08-14 21:51:01 [DEBUG] coder_eval.sandbox: STDOUT:
---
OK: DiceRollerBpmn/DiceRollerBpmn.bpmn rolls a die in a script task and classifies it through an exclusive gateway
---
2026-08-14 21:51:01 [DEBUG] coder_eval.evaluation.checker: Criterion 'run_command' score: 1.00
2026-08-14 21:51:01 [INFO] coder_eval.orchestrator: Success criteria: 2/2 passed, weighted score: 1.000
2026-08-14 21:51:01 [DEBUG] coder_eval.utils: Resolved @uipath plugin-tools dir=/usr/lib/node_modules/@uipath from `uip` at /usr/lib/node_modules/@uipath/cli/dist/index.js
2026-08-14 21:51:01 [INFO] coder_eval.orchestrator: Running post-run command: find . -maxdepth 5 -type d \( -name node_modules -o -name .npm-prefix -o -name .venv \) -prune -exec rm -rf {} +
2026-08-14 21:51:01 [INFO] coder_eval.orchestrator: Sandbox preserved (in-place): /work/output/artifacts/skill-bpmn-dice-roller
2026-08-14 21:51:01 [INFO] coder_eval.orchestrator: Task finished: status=SUCCESS duration=160.1s score=1.000 iterations=1


================================================================================
TASK: default/skill-bpmn-e2e-customer-escalation/00
================================================================================

2026-08-14 21:48:30 [DEBUG] coder_eval.utils: Resolved @uipath plugin-tools dir=/usr/lib/node_modules/@uipath from `uip` at /usr/lib/node_modules/@uipath/cli/dist/index.js
2026-08-14 21:48:30 [INFO] coder_eval.orchestrator: API routing: aws_bedrock
2026-08-14 21:48:30 [DEBUG] coder_eval.criteria: Discovered 14 criterion checkers
2026-08-14 21:48:30 [DEBUG] coder_eval.criteria: Validated 14 criterion checkers
2026-08-14 21:48:30 [DEBUG] coder_eval.utils: Resolved @uipath plugin-tools dir=/usr/lib/node_modules/@uipath from `uip` at /usr/lib/node_modules/@uipath/cli/dist/index.js
2026-08-14 21:48:31 [DEBUG] coder_eval.orchestrator: Sending prompt: Create a new local Maestro BPMN Process Orchestration project named
CustomerEscalation. The project ...
2026-08-14 21:48:31 [DEBUG] coder_eval.agents.claude_code_agent: [coder] Starting agent query stream...
2026-08-14 21:58:19 [DEBUG] coder_eval.agents.claude_code_agent: [coder] session_id changed: None -> f0ada3ff-bd54-4f97-933c-357e86644d87
2026-08-14 21:58:19 [DEBUG] coder_eval.agents.claude_code_agent: [coder] Agent query stream ended
2026-08-14 21:58:19 [DEBUG] coder_eval.utils: Resolved @uipath plugin-tools dir=/usr/lib/node_modules/@uipath from `uip` at /usr/lib/node_modules/@uipath/cli/dist/index.js
2026-08-14 21:58:19 [DEBUG] coder_eval.orchestrator: Agent response received (6353 chars)
2026-08-14 21:58:19 [DEBUG] coder_eval.orchestrator: Checking success criteria
2026-08-14 21:58:19 [DEBUG] coder_eval.evaluation.checker: Criterion 'file_exists' score: 1.00
2026-08-14 21:58:19 [DEBUG] coder_eval.evaluation.checker: Criterion 'file_exists' score: 1.00
2026-08-14 21:58:19 [DEBUG] coder_eval.evaluation.checker: Criterion 'file_exists' score: 1.00
2026-08-14 21:58:19 [DEBUG] coder_eval.criteria.run_command: Running command for criterion 'Generated BPMN project has two classifier scripts, gateway routing, a user-task escalation path, a ticket script, and package references': python3 $TASK_DIR/check_customer_escalation.py
2026-08-14 21:58:19 [DEBUG] coder_eval.sandbox: Command 'python3 $TASK_DIR/check_customer_escalation.py' exited with code 0
2026-08-14 21:58:19 [DEBUG] coder_eval.sandbox: STDOUT:
---
OK: CustomerEscalation/CustomerEscalation.bpmn classifies, routes, escalates via a user task, and ships consistent package metadata
---
2026-08-14 21:58:19 [DEBUG] coder_eval.evaluation.checker: Criterion 'run_command' score: 1.00
2026-08-14 21:58:19 [DEBUG] coder_eval.evaluation.judge_context: judge_context: include_reference=True but reference not set
2026-08-14 21:58:28 [DEBUG] coder_eval.evaluation.checker: Criterion 'llm_judge' score: 1.00
2026-08-14 21:58:28 [INFO] coder_eval.orchestrator: Success criteria: 5/5 passed, weighted score: 1.000
2026-08-14 21:58:28 [WARNING] coder_eval.orchestrator: Visible turns (65) exceeded expected_turns (28) at iteration 1 for task skill-bpmn-e2e-customer-escalation. Run continues — max_turns remains the hard cap.
2026-08-14 21:58:28 [DEBUG] coder_eval.utils: Resolved @uipath plugin-tools dir=/usr/lib/node_modules/@uipath from `uip` at /usr/lib/node_modules/@uipath/cli/dist/index.js
2026-08-14 21:58:28 [INFO] coder_eval.orchestrator: Running post-run command: find . -maxdepth 5 -type d \( -name node_modules -o -name .npm-prefix -o -name .venv \) -prune -exec rm -rf {} +
2026-08-14 21:58:28 [INFO] coder_eval.orchestrator: Sandbox preserved (in-place): /work/output/artifacts/skill-bpmn-e2e-customer-escalation
2026-08-14 21:58:28 [INFO] coder_eval.orchestrator: Task finished: status=SUCCESS duration=607.0s score=1.000 iterations=1
2026-08-14 21:58:28 [DEBUG] coder_eval.evaluation.judge_persistence: spilled 1 judge transcript(s) to /work/output


================================================================================
TASK: default/skill-bpmn-e2e-invoice-exception-triage/00
================================================================================

2026-08-14 21:48:30 [DEBUG] coder_eval.utils: Resolved @uipath plugin-tools dir=/usr/lib/node_modules/@uipath from `uip` at /usr/lib/node_modules/@uipath/cli/dist/index.js
2026-08-14 21:48:30 [INFO] coder_eval.orchestrator: API routing: aws_bedrock
2026-08-14 21:48:31 [DEBUG] coder_eval.criteria: Discovered 14 criterion checkers
2026-08-14 21:48:31 [DEBUG] coder_eval.criteria: Validated 14 criterion checkers
2026-08-14 21:48:31 [DEBUG] coder_eval.utils: Resolved @uipath plugin-tools dir=/usr/lib/node_modules/@uipath from `uip` at /usr/lib/node_modules/@uipath/cli/dist/index.js
2026-08-14 21:48:32 [DEBUG] coder_eval.orchestrator: Sending prompt: Create a new local Maestro BPMN Process Orchestration project named
InvoiceExceptionTriage. The proj...
2026-08-14 21:48:32 [DEBUG] coder_eval.agents.claude_code_agent: [coder] Starting agent query stream...
2026-08-14 21:56:10 [DEBUG] coder_eval.agents.claude_code_agent: [coder] session_id changed: None -> 135eb70a-bf9d-4396-977a-b087462fdc3c
2026-08-14 21:56:10 [DEBUG] coder_eval.agents.claude_code_agent: [coder] Agent query stream ended
2026-08-14 21:56:10 [WARNING] coder_eval.agents.claude_code_agent: [coder] Agent exhausted max_turns (40); turn ended without completing
2026-08-14 21:56:10 [DEBUG] coder_eval.utils: Resolved @uipath plugin-tools dir=/usr/lib/node_modules/@uipath from `uip` at /usr/lib/node_modules/@uipath/cli/dist/index.js
2026-08-14 21:56:10 [DEBUG] coder_eval.orchestrator: Agent response received (5697 chars)
2026-08-14 21:56:10 [DEBUG] coder_eval.orchestrator: Checking success criteria
2026-08-14 21:56:10 [DEBUG] coder_eval.evaluation.checker: Criterion 'file_exists' score: 1.00
2026-08-14 21:56:10 [DEBUG] coder_eval.evaluation.checker: Criterion 'file_exists' score: 1.00
2026-08-14 21:56:10 [DEBUG] coder_eval.evaluation.checker: Criterion 'file_exists' score: 1.00
2026-08-14 21:56:10 [DEBUG] coder_eval.criteria.run_command: Running command for criterion 'Generated BPMN project has the required process structure and package references': python3 $TASK_DIR/check_invoice_exception_triage.py
2026-08-14 21:56:11 [DEBUG] coder_eval.sandbox: Command 'python3 $TASK_DIR/check_invoice_exception_triage.py' exited with code 0
2026-08-14 21:56:11 [DEBUG] coder_eval.sandbox: STDOUT:
---
InvoiceExceptionTriage BPMN project structure is valid
---
2026-08-14 21:56:11 [DEBUG] coder_eval.evaluation.checker: Criterion 'run_command' score: 1.00
2026-08-14 21:56:11 [DEBUG] coder_eval.evaluation.judge_context: judge_context: include_reference=True but reference not set
2026-08-14 21:56:17 [DEBUG] coder_eval.evaluation.checker: Criterion 'llm_judge' score: 1.00
2026-08-14 21:56:17 [INFO] coder_eval.orchestrator: Success criteria: 5/5 passed, weighted score: 1.000
2026-08-14 21:56:17 [WARNING] coder_eval.orchestrator: Agent exhausted max_turns (40) without passing criteria.
2026-08-14 21:56:17 [WARNING] coder_eval.orchestrator: Visible turns (51) exceeded expected_turns (25) at iteration 1 for task skill-bpmn-e2e-invoice-exception-triage. Run continues — max_turns remains the hard cap.
2026-08-14 21:56:17 [DEBUG] coder_eval.utils: Resolved @uipath plugin-tools dir=/usr/lib/node_modules/@uipath from `uip` at /usr/lib/node_modules/@uipath/cli/dist/index.js
2026-08-14 21:56:17 [INFO] coder_eval.orchestrator: Running post-run command: find . -maxdepth 5 -type d \( -name node_modules -o -name .npm-prefix -o -name .venv \) -prune -exec rm -rf {} +
2026-08-14 21:56:17 [INFO] coder_eval.orchestrator: Sandbox preserved (in-place): /work/output/artifacts/skill-bpmn-e2e-invoice-exception-triage
2026-08-14 21:56:17 [INFO] coder_eval.orchestrator: Task finished: status=SUCCESS duration=474.8s score=1.000 iterations=1
2026-08-14 21:56:17 [DEBUG] coder_eval.evaluation.judge_persistence: spilled 1 judge transcript(s) to /work/output


================================================================================
TASK: default/skill-bpmn-e2e-live-debug/00
================================================================================

2026-08-14 21:52:29 [DEBUG] coder_eval.utils: Resolved @uipath plugin-tools dir=/usr/lib/node_modules/@uipath from `uip` at /usr/lib/node_modules/@uipath/cli/dist/index.js
2026-08-14 21:52:29 [INFO] coder_eval.orchestrator: API routing: aws_bedrock
2026-08-14 21:52:29 [DEBUG] coder_eval.criteria: Discovered 14 criterion checkers
2026-08-14 21:52:29 [DEBUG] coder_eval.criteria: Validated 14 criterion checkers
2026-08-14 21:52:29 [DEBUG] coder_eval.utils: Resolved @uipath plugin-tools dir=/usr/lib/node_modules/@uipath from `uip` at /usr/lib/node_modules/@uipath/cli/dist/index.js
2026-08-14 21:52:29 [DEBUG] coder_eval.orchestrator: Sending prompt: Load and follow the uipath-maestro-bpmn skill.

Author a minimal Maestro BPMN project named "Product...
2026-08-14 21:52:29 [DEBUG] coder_eval.agents.claude_code_agent: [coder] Starting agent query stream...
2026-08-14 21:58:48 [DEBUG] coder_eval.agents.claude_code_agent: [coder] session_id changed: None -> f4af2ae1-c74a-423e-aea4-3c8c062cbc7f
2026-08-14 21:58:48 [DEBUG] coder_eval.agents.claude_code_agent: [coder] Agent query stream ended
2026-08-14 21:58:48 [DEBUG] coder_eval.utils: Resolved @uipath plugin-tools dir=/usr/lib/node_modules/@uipath from `uip` at /usr/lib/node_modules/@uipath/cli/dist/index.js
2026-08-14 21:58:48 [DEBUG] coder_eval.orchestrator: Agent response received (8214 chars)
2026-08-14 21:58:48 [DEBUG] coder_eval.orchestrator: Checking success criteria
2026-08-14 21:58:48 [DEBUG] coder_eval.evaluation.checker: Criterion 'command_executed' score: 1.00
2026-08-14 21:58:48 [DEBUG] coder_eval.evaluation.checker: Criterion 'command_executed' score: 1.00
2026-08-14 21:58:48 [DEBUG] coder_eval.criteria.run_command: Running command for criterion 'Live debug reached finalStatus Completed, variables-all exposed product, and product is computed by a script task': python3 $TASK_DIR/check_live_debug.py
2026-08-14 21:58:48 [DEBUG] coder_eval.sandbox: Command 'python3 $TASK_DIR/check_live_debug.py' exited with code 0
2026-08-14 21:58:48 [DEBUG] coder_eval.sandbox: STDOUT:
---
OK: product is computed by a script task (return + output mapping)
OK: debug session reached finalStatus Completed
OK: variables-all exposed the product output definition
PASS: live debug completed and product script/output mapping is structurally correct
---
2026-08-14 21:58:48 [DEBUG] coder_eval.evaluation.checker: Criterion 'run_command' score: 1.00
2026-08-14 21:58:48 [INFO] coder_eval.orchestrator: Success criteria: 3/3 passed, weighted score: 1.000
2026-08-14 21:58:48 [WARNING] coder_eval.orchestrator: Visible turns (64) exceeded expected_turns (30) at iteration 1 for task skill-bpmn-e2e-live-debug. Run continues — max_turns remains the hard cap.
2026-08-14 21:58:48 [DEBUG] coder_eval.utils: Resolved @uipath plugin-tools dir=/usr/lib/node_modules/@uipath from `uip` at /usr/lib/node_modules/@uipath/cli/dist/index.js
2026-08-14 21:58:48 [INFO] coder_eval.orchestrator: Running post-run command: find . -maxdepth 5 -type d \( -name node_modules -o -name .npm-prefix -o -name .venv \) -prune -exec rm -rf {} +
2026-08-14 21:58:48 [INFO] coder_eval.orchestrator: Sandbox preserved (in-place): /work/output/artifacts/skill-bpmn-e2e-live-debug
2026-08-14 21:58:48 [INFO] coder_eval.orchestrator: Task finished: status=SUCCESS duration=380.2s score=1.000 iterations=1


================================================================================
TASK: default/skill-bpmn-e2e-wiki-pageviews/00
================================================================================

2026-08-14 21:48:30 [DEBUG] coder_eval.utils: Resolved @uipath plugin-tools dir=/usr/lib/node_modules/@uipath from `uip` at /usr/lib/node_modules/@uipath/cli/dist/index.js
2026-08-14 21:48:30 [INFO] coder_eval.orchestrator: API routing: aws_bedrock
2026-08-14 21:48:30 [DEBUG] coder_eval.criteria: Discovered 14 criterion checkers
2026-08-14 21:48:30 [DEBUG] coder_eval.criteria: Validated 14 criterion checkers
2026-08-14 21:48:30 [DEBUG] coder_eval.utils: Resolved @uipath plugin-tools dir=/usr/lib/node_modules/@uipath from `uip` at /usr/lib/node_modules/@uipath/cli/dist/index.js
2026-08-14 21:48:31 [DEBUG] coder_eval.orchestrator: Sending prompt: Create a new local Maestro BPMN Process Orchestration project named
WikiPageviews. The project must ...
2026-08-14 21:48:31 [DEBUG] coder_eval.agents.claude_code_agent: [coder] Starting agent query stream...
2026-08-14 22:03:31 [ERROR] coder_eval.orchestrator: Task timed out: Task timed out after 900s
2026-08-14 22:03:31 [DEBUG] coder_eval.utils: Resolved @uipath plugin-tools dir=/usr/lib/node_modules/@uipath from `uip` at /usr/lib/node_modules/@uipath/cli/dist/index.js
2026-08-14 22:03:31 [INFO] coder_eval.orchestrator: Running post-run command: find . -maxdepth 5 -type d \( -name node_modules -o -name .npm-prefix -o -name .venv \) -prune -exec rm -rf {} +
2026-08-14 22:03:31 [INFO] coder_eval.orchestrator: Sandbox preserved (in-place): /work/output/artifacts/skill-bpmn-e2e-wiki-pageviews
2026-08-14 22:03:31 [INFO] coder_eval.orchestrator: Task finished: status=TIMEOUT duration=909.9s score=0.000 iterations=1


================================================================================
TASK: default/skill-bpmn-edit-add-node/00
================================================================================

2026-08-14 21:50:14 [DEBUG] coder_eval.utils: Resolved @uipath plugin-tools dir=/usr/lib/node_modules/@uipath from `uip` at /usr/lib/node_modules/@uipath/cli/dist/index.js
2026-08-14 21:50:14 [INFO] coder_eval.orchestrator: API routing: aws_bedrock
2026-08-14 21:50:15 [DEBUG] coder_eval.criteria: Discovered 14 criterion checkers
2026-08-14 21:50:15 [DEBUG] coder_eval.criteria: Validated 14 criterion checkers
2026-08-14 21:50:15 [DEBUG] coder_eval.utils: Resolved @uipath plugin-tools dir=/usr/lib/node_modules/@uipath from `uip` at /usr/lib/node_modules/@uipath/cli/dist/index.js
2026-08-14 21:50:15 [DEBUG] coder_eval.orchestrator: Sending prompt: Load and follow the uipath-maestro-bpmn skill.

A valid Maestro BPMN file `OrderIntake.bpmn` is in t...
2026-08-14 21:50:15 [DEBUG] coder_eval.agents.claude_code_agent: [coder] Starting agent query stream...
2026-08-14 21:53:30 [DEBUG] coder_eval.agents.claude_code_agent: [coder] session_id changed: None -> 59294915-19f6-4bb5-a722-91044a4df829
2026-08-14 21:53:30 [DEBUG] coder_eval.agents.claude_code_agent: [coder] Agent query stream ended
2026-08-14 21:53:30 [DEBUG] coder_eval.utils: Resolved @uipath plugin-tools dir=/usr/lib/node_modules/@uipath from `uip` at /usr/lib/node_modules/@uipath/cli/dist/index.js
2026-08-14 21:53:30 [DEBUG] coder_eval.orchestrator: Agent response received (4478 chars)
2026-08-14 21:53:30 [DEBUG] coder_eval.orchestrator: Checking success criteria
2026-08-14 21:53:30 [DEBUG] coder_eval.evaluation.checker: Criterion 'file_exists' score: 1.00
2026-08-14 21:53:30 [DEBUG] coder_eval.evaluation.checker: Criterion 'file_contains' score: 1.00
2026-08-14 21:53:30 [DEBUG] coder_eval.criteria.run_command: Running command for criterion 'New script node inserted and wired, untouched content preserved, file still structurally sound': python3 $TASK_DIR/check_add_node.py
2026-08-14 21:53:30 [DEBUG] coder_eval.sandbox: Command 'python3 $TASK_DIR/check_add_node.py' exited with code 0
2026-08-14 21:53:30 [DEBUG] coder_eval.sandbox: STDOUT:
---
OK: script node inserted, flow rewired, untouched content preserved
---
2026-08-14 21:53:30 [DEBUG] coder_eval.evaluation.checker: Criterion 'run_command' score: 1.00
2026-08-14 21:53:30 [INFO] coder_eval.orchestrator: Success criteria: 3/3 passed, weighted score: 1.000
2026-08-14 21:53:30 [DEBUG] coder_eval.utils: Resolved @uipath plugin-tools dir=/usr/lib/node_modules/@uipath from `uip` at /usr/lib/node_modules/@uipath/cli/dist/index.js
2026-08-14 21:53:30 [INFO] coder_eval.orchestrator: Running post-run command: find . -maxdepth 5 -type d \( -name node_modules -o -name .npm-prefix -o -name .venv \) -prune -exec rm -rf {} +
2026-08-14 21:53:30 [INFO] coder_eval.orchestrator: Sandbox preserved (in-place): /work/output/artifacts/skill-bpmn-edit-add-node
2026-08-14 21:53:30 [INFO] coder_eval.orchestrator: Task finished: status=SUCCESS duration=196.5s score=1.000 iterations=1


================================================================================
TASK: default/skill-bpmn-edit-add-output/00
================================================================================

2026-08-14 21:49:24 [DEBUG] coder_eval.utils: Resolved @uipath plugin-tools dir=/usr/lib/node_modules/@uipath from `uip` at /usr/lib/node_modules/@uipath/cli/dist/index.js
2026-08-14 21:49:24 [INFO] coder_eval.orchestrator: API routing: aws_bedrock
2026-08-14 21:49:24 [DEBUG] coder_eval.criteria: Discovered 14 criterion checkers
2026-08-14 21:49:24 [DEBUG] coder_eval.criteria: Validated 14 criterion checkers
2026-08-14 21:49:24 [DEBUG] coder_eval.utils: Resolved @uipath plugin-tools dir=/usr/lib/node_modules/@uipath from `uip` at /usr/lib/node_modules/@uipath/cli/dist/index.js
2026-08-14 21:49:24 [DEBUG] coder_eval.orchestrator: Sending prompt: Load and follow the uipath-maestro-bpmn skill.

A valid Maestro BPMN file `Invoicing.bpmn` is in the...
2026-08-14 21:49:24 [DEBUG] coder_eval.agents.claude_code_agent: [coder] Starting agent query stream...
2026-08-14 21:51:11 [DEBUG] coder_eval.agents.claude_code_agent: [coder] session_id changed: None -> fdda2b0f-fad1-4b4d-93ad-8e536c98a296
2026-08-14 21:51:11 [DEBUG] coder_eval.agents.claude_code_agent: [coder] Agent query stream ended
2026-08-14 21:51:11 [DEBUG] coder_eval.utils: Resolved @uipath plugin-tools dir=/usr/lib/node_modules/@uipath from `uip` at /usr/lib/node_modules/@uipath/cli/dist/index.js
2026-08-14 21:51:11 [DEBUG] coder_eval.orchestrator: Agent response received (4395 chars)
2026-08-14 21:51:11 [DEBUG] coder_eval.orchestrator: Checking success criteria
2026-08-14 21:51:11 [DEBUG] coder_eval.evaluation.checker: Criterion 'file_exists' score: 1.00
2026-08-14 21:51:11 [DEBUG] coder_eval.evaluation.checker: Criterion 'file_contains' score: 1.00
2026-08-14 21:51:11 [DEBUG] coder_eval.criteria.run_command: Running command for criterion 'New output + backing variable added, existing output/variables preserved, file still structurally sound': python3 $TASK_DIR/check_add_output.py
2026-08-14 21:51:11 [DEBUG] coder_eval.sandbox: Command 'python3 $TASK_DIR/check_add_output.py' exited with code 0
2026-08-14 21:51:11 [DEBUG] coder_eval.sandbox: STDOUT:
---
OK: new output + variable added, existing output and payloads preserved
---
2026-08-14 21:51:11 [DEBUG] coder_eval.evaluation.checker: Criterion 'run_command' score: 1.00
2026-08-14 21:51:11 [INFO] coder_eval.orchestrator: Success criteria: 3/3 passed, weighted score: 1.000
2026-08-14 21:51:11 [DEBUG] coder_eval.utils: Resolved @uipath plugin-tools dir=/usr/lib/node_modules/@uipath from `uip` at /usr/lib/node_modules/@uipath/cli/dist/index.js
2026-08-14 21:51:11 [INFO] coder_eval.orchestrator: Running post-run command: find . -maxdepth 5 -type d \( -name node_modules -o -name .npm-prefix -o -name .venv \) -prune -exec rm -rf {} +
2026-08-14 21:51:11 [INFO] coder_eval.orchestrator: Sandbox preserved (in-place): /work/output/artifacts/skill-bpmn-edit-add-output
2026-08-14 21:51:11 [INFO] coder_eval.orchestrator: Task finished: status=SUCCESS duration=109.4s score=1.000 iterations=1


================================================================================
TASK: default/skill-bpmn-edit-group-to-subflow/00
================================================================================

2026-08-14 21:48:29 [DEBUG] coder_eval.utils: Resolved @uipath plugin-tools dir=/usr/lib/node_modules/@uipath from `uip` at /usr/lib/node_modules/@uipath/cli/dist/index.js
2026-08-14 21:48:29 [INFO] coder_eval.orchestrator: API routing: aws_bedrock
2026-08-14 21:48:29 [DEBUG] coder_eval.criteria: Discovered 14 criterion checkers
2026-08-14 21:48:29 [DEBUG] coder_eval.criteria: Validated 14 criterion checkers
2026-08-14 21:48:29 [DEBUG] coder_eval.utils: Resolved @uipath plugin-tools dir=/usr/lib/node_modules/@uipath from `uip` at /usr/lib/node_modules/@uipath/cli/dist/index.js
2026-08-14 21:48:30 [DEBUG] coder_eval.orchestrator: Sending prompt: Load and follow the uipath-maestro-bpmn skill.

A valid Maestro BPMN file `Fulfillment.bpmn` is in t...
2026-08-14 21:48:30 [DEBUG] coder_eval.agents.claude_code_agent: [coder] Starting agent query stream...
2026-08-14 22:03:30 [DEBUG] coder_eval.orchestrator: [skill-bpmn-edit-group-to-subflow] Drained partial turn record (attempt 1, iteration 1): 68 commands
2026-08-14 22:03:30 [ERROR] coder_eval.errors.executor: [skill-bpmn-edit-group-to-subflow] Agent communication failed (non-retryable): agent_timeout - Agent turn timed out after 900s (iteration 1)
2026-08-14 22:03:30 [ERROR] coder_eval.orchestrator: Evaluation failed: Agent turn timed out after 900s (iteration 1)
Traceback (most recent call last):
  File "/usr/local/lib/python3.13/site-packages/anyio/streams/memory.py", line 117, in receive
    return self.receive_nowait()
           ~~~~~~~~~~~~~~~~~~~^^
  File "/usr/local/lib/python3.13/site-packages/anyio/streams/memory.py", line 112, in receive_nowait
    raise WouldBlock
anyio.WouldBlock

During handling of the above exception, another exception occurred:

Traceback (most recent call last):
  File "/opt/coder_eval/src/coder_eval/agents/claude_code_agent.py", line 915, in communicate
    await self._pump_messages(state, query_kwargs, deadline, should_stop)
  File "/opt/coder_eval/src/coder_eval/agents/claude_code_agent.py", line 1025, in _pump_messages
    async for message in query(**query_kwargs):
    ...<8 lines>...
            break
  File "/usr/local/lib/python3.13/site-packages/claude_agent_sdk/query.py", line 123, in query
    async for message in client.process_query(
    ...<2 lines>...
        yield message
  File "/usr/local/lib/python3.13/site-packages/claude_agent_sdk/_internal/client.py", line 75, in process_query
    async for msg in inner:
        yield msg
  File "/usr/local/lib/python3.13/site-packages/claude_agent_sdk/_internal/client.py", line 227, in _process_query_inner
    async for data in query.receive_messages():
    ...<2 lines>...
            yield message
  File "/usr/local/lib/python3.13/site-packages/claude_agent_sdk/_internal/query.py", line 847, in receive_messages
    async for message in self._message_receive:
    ...<6 lines>...
        yield message
  File "/usr/local/lib/python3.13/site-packages/anyio/abc/_streams.py", line 35, in __anext__
    return await self.receive()
           ^^^^^^^^^^^^^^^^^^^^
  File "/usr/local/lib/python3.13/site-packages/anyio/streams/memory.py", line 125, in receive
    await receive_event.wait()
  File "/usr/local/lib/python3.13/site-packages/anyio/_backends/_asyncio.py", line 1804, in wait
    await self._event.wait()
  File "/usr/local/lib/python3.13/asyncio/locks.py", line 213, in wait
    await fut
asyncio.exceptions.CancelledError

During handling of the above exception, another exception occurred:

Traceback (most recent call last):
  File "/opt/coder_eval/src/coder_eval/orchestrator.py", line 475, in run
    success = await self._evaluation_loop()
              ^^^^^^^^^^^^^^^^^^^^^^^^^^^^^
  File "/opt/coder_eval/src/coder_eval/orchestrator.py", line 1387, in _evaluation_loop
    turn_record = await self._communicate_with_retry(
                  ^^^^^^^^^^^^^^^^^^^^^^^^^^^^^^^^^^^
    ...<3 lines>...
    )
    ^
  File "/opt/coder_eval/src/coder_eval/orchestrator.py", line 1263, in _communicate_with_retry
    turn_record = await execute_with_retry(
                  ^^^^^^^^^^^^^^^^^^^^^^^^^
    ...<8 lines>...
    )
    ^
  File "/opt/coder_eval/src/coder_eval/errors/executor.py", line 71, in execute_with_retry
    return await operation()
           ^^^^^^^^^^^^^^^^^
  File "/opt/coder_eval/src/coder_eval/orchestrator.py", line 1245, in _communicate_attempt
    return await asyncio.wait_for(coro, timeout=outer_timeout)
           ^^^^^^^^^^^^^^^^^^^^^^^^^^^^^^^^^^^^^^^^^^^^^^^^^^^
  File "/usr/local/lib/python3.13/asyncio/tasks.py", line 507, in wait_for
    return await fut
           ^^^^^^^^^
  File "/opt/coder_eval/src/coder_eval/agents/claude_code_agent.py", line 927, in communicate
    self._finalize_and_raise_timeout(state.finalize, timeout)
    ~~~~~~~~~~~~~~~~~~~~~~~~~~~~~~~~^^^^^^^^^^^^^^^^^^^^^^^^^
  File "/opt/coder_eval/src/coder_eval/agent.py", line 130, in _finalize_and_raise_timeout
    raise TurnTimeoutError(timeout, iteration=self._iteration)
coder_eval.errors.timeout.TurnTimeoutError: Agent turn timed out after 900s (iteration 1)
2026-08-14 22:03:30 [DEBUG] coder_eval.utils: Resolved @uipath plugin-tools dir=/usr/lib/node_modules/@uipath from `uip` at /usr/lib/node_modules/@uipath/cli/dist/index.js
2026-08-14 22:03:30 [INFO] coder_eval.orchestrator: Running post-run command: find . -maxdepth 5 -type d \( -name node_modules -o -name .npm-prefix -o -name .venv \) -prune -exec rm -rf {} +
2026-08-14 22:03:30 [INFO] coder_eval.orchestrator: Sandbox preserved (in-place): /work/output/artifacts/skill-bpmn-edit-group-to-subflow
2026-08-14 22:03:30 [INFO] coder_eval.orchestrator: Task finished: status=ERROR duration=908.6s score=0.000 iterations=1


================================================================================
TASK: default/skill-bpmn-edit-move-node/00
================================================================================

2026-08-14 21:51:04 [DEBUG] coder_eval.utils: Resolved @uipath plugin-tools dir=/usr/lib/node_modules/@uipath from `uip` at /usr/lib/node_modules/@uipath/cli/dist/index.js
2026-08-14 21:51:04 [INFO] coder_eval.orchestrator: API routing: aws_bedrock
2026-08-14 21:51:04 [DEBUG] coder_eval.criteria: Discovered 14 criterion checkers
2026-08-14 21:51:04 [DEBUG] coder_eval.criteria: Validated 14 criterion checkers
2026-08-14 21:51:04 [DEBUG] coder_eval.utils: Resolved @uipath plugin-tools dir=/usr/lib/node_modules/@uipath from `uip` at /usr/lib/node_modules/@uipath/cli/dist/index.js
2026-08-14 21:51:05 [DEBUG] coder_eval.orchestrator: Sending prompt: Load and follow the uipath-maestro-bpmn skill.

A valid Maestro BPMN file `Onboarding.bpmn` is in th...
2026-08-14 21:51:05 [DEBUG] coder_eval.agents.claude_code_agent: [coder] Starting agent query stream...
2026-08-14 21:52:49 [DEBUG] coder_eval.agents.claude_code_agent: [coder] session_id changed: None -> 27f07d41-46ba-4de8-967a-25c4b92fbb3e
2026-08-14 21:52:49 [DEBUG] coder_eval.agents.claude_code_agent: [coder] Agent query stream ended
2026-08-14 21:52:49 [DEBUG] coder_eval.utils: Resolved @uipath plugin-tools dir=/usr/lib/node_modules/@uipath from `uip` at /usr/lib/node_modules/@uipath/cli/dist/index.js
2026-08-14 21:52:49 [DEBUG] coder_eval.orchestrator: Agent response received (3748 chars)
2026-08-14 21:52:49 [DEBUG] coder_eval.orchestrator: Checking success criteria
2026-08-14 21:52:49 [DEBUG] coder_eval.evaluation.checker: Criterion 'file_exists' score: 1.00
2026-08-14 21:52:49 [DEBUG] coder_eval.evaluation.checker: Criterion 'file_contains' score: 1.00
2026-08-14 21:52:49 [DEBUG] coder_eval.criteria.run_command: Running command for criterion 'Tasks reordered by rewiring flows, payloads preserved, file still structurally sound': python3 $TASK_DIR/check_move_node.py
2026-08-14 21:52:49 [DEBUG] coder_eval.sandbox: Command 'python3 $TASK_DIR/check_move_node.py' exited with code 0
2026-08-14 21:52:49 [DEBUG] coder_eval.sandbox: STDOUT:
---
OK: nodes reordered, flows rewired, payloads preserved
---
2026-08-14 21:52:49 [DEBUG] coder_eval.evaluation.checker: Criterion 'run_command' score: 1.00
2026-08-14 21:52:49 [INFO] coder_eval.orchestrator: Success criteria: 3/3 passed, weighted score: 1.000
2026-08-14 21:52:49 [DEBUG] coder_eval.utils: Resolved @uipath plugin-tools dir=/usr/lib/node_modules/@uipath from `uip` at /usr/lib/node_modules/@uipath/cli/dist/index.js
2026-08-14 21:52:49 [INFO] coder_eval.orchestrator: Running post-run command: find . -maxdepth 5 -type d \( -name node_modules -o -name .npm-prefix -o -name .venv \) -prune -exec rm -rf {} +
2026-08-14 21:52:49 [INFO] coder_eval.orchestrator: Sandbox preserved (in-place): /work/output/artifacts/skill-bpmn-edit-move-node
2026-08-14 21:52:49 [INFO] coder_eval.orchestrator: Task finished: status=SUCCESS duration=106.3s score=1.000 iterations=1


================================================================================
TASK: default/skill-bpmn-edit-remove-node/00
================================================================================

2026-08-14 21:49:46 [DEBUG] coder_eval.utils: Resolved @uipath plugin-tools dir=/usr/lib/node_modules/@uipath from `uip` at /usr/lib/node_modules/@uipath/cli/dist/index.js
2026-08-14 21:49:46 [INFO] coder_eval.orchestrator: API routing: aws_bedrock
2026-08-14 21:49:46 [DEBUG] coder_eval.criteria: Discovered 14 criterion checkers
2026-08-14 21:49:46 [DEBUG] coder_eval.criteria: Validated 14 criterion checkers
2026-08-14 21:49:46 [DEBUG] coder_eval.utils: Resolved @uipath plugin-tools dir=/usr/lib/node_modules/@uipath from `uip` at /usr/lib/node_modules/@uipath/cli/dist/index.js
2026-08-14 21:49:46 [DEBUG] coder_eval.orchestrator: Sending prompt: Load and follow the uipath-maestro-bpmn skill.

A valid Maestro BPMN file `ShipmentReview.bpmn` is i...
2026-08-14 21:49:46 [DEBUG] coder_eval.agents.claude_code_agent: [coder] Starting agent query stream...
2026-08-14 21:53:10 [DEBUG] coder_eval.agents.claude_code_agent: [coder] session_id changed: None -> 6041c2ea-409e-4784-814e-5cf9f1e20b7c
2026-08-14 21:53:10 [DEBUG] coder_eval.agents.claude_code_agent: [coder] Agent query stream ended
2026-08-14 21:53:10 [DEBUG] coder_eval.utils: Resolved @uipath plugin-tools dir=/usr/lib/node_modules/@uipath from `uip` at /usr/lib/node_modules/@uipath/cli/dist/index.js
2026-08-14 21:53:10 [DEBUG] coder_eval.orchestrator: Agent response received (4623 chars)
2026-08-14 21:53:10 [DEBUG] coder_eval.orchestrator: Checking success criteria
2026-08-14 21:53:10 [DEBUG] coder_eval.evaluation.checker: Criterion 'file_exists' score: 1.00
2026-08-14 21:53:10 [DEBUG] coder_eval.evaluation.checker: Criterion 'file_contains' score: 1.00
2026-08-14 21:53:10 [DEBUG] coder_eval.criteria.run_command: Running command for criterion 'Task removed, flow healed, DI clean, untouched content preserved, file still structurally sound': python3 $TASK_DIR/check_remove_node.py
2026-08-14 21:53:10 [DEBUG] coder_eval.sandbox: Command 'python3 $TASK_DIR/check_remove_node.py' exited with code 0
2026-08-14 21:53:10 [DEBUG] coder_eval.sandbox: STDOUT:
---
OK: Task_Enrich removed, flow healed, DI clean, untouched content preserved
---
2026-08-14 21:53:10 [DEBUG] coder_eval.evaluation.checker: Criterion 'run_command' score: 1.00
2026-08-14 21:53:10 [INFO] coder_eval.orchestrator: Success criteria: 3/3 passed, weighted score: 1.000
2026-08-14 21:53:10 [DEBUG] coder_eval.utils: Resolved @uipath plugin-tools dir=/usr/lib/node_modules/@uipath from `uip` at /usr/lib/node_modules/@uipath/cli/dist/index.js
2026-08-14 21:53:10 [INFO] coder_eval.orchestrator: Running post-run command: find . -maxdepth 5 -type d \( -name node_modules -o -name .npm-prefix -o -name .venv \) -prune -exec rm -rf {} +
2026-08-14 21:53:10 [INFO] coder_eval.orchestrator: Sandbox preserved (in-place): /work/output/artifacts/skill-bpmn-edit-remove-node
2026-08-14 21:53:10 [INFO] coder_eval.orchestrator: Task finished: status=SUCCESS duration=205.0s score=1.000 iterations=1


================================================================================
TASK: default/skill-bpmn-edit-update-node/00
================================================================================

2026-08-14 21:49:37 [DEBUG] coder_eval.utils: Resolved @uipath plugin-tools dir=/usr/lib/node_modules/@uipath from `uip` at /usr/lib/node_modules/@uipath/cli/dist/index.js
2026-08-14 21:49:37 [INFO] coder_eval.orchestrator: API routing: aws_bedrock
2026-08-14 21:49:37 [DEBUG] coder_eval.criteria: Discovered 14 criterion checkers
2026-08-14 21:49:37 [DEBUG] coder_eval.criteria: Validated 14 criterion checkers
2026-08-14 21:49:37 [DEBUG] coder_eval.utils: Resolved @uipath plugin-tools dir=/usr/lib/node_modules/@uipath from `uip` at /usr/lib/node_modules/@uipath/cli/dist/index.js
2026-08-14 21:49:38 [DEBUG] coder_eval.orchestrator: Sending prompt: Load and follow the uipath-maestro-bpmn skill.

A valid Maestro BPMN file `RiskScoring.bpmn` is in t...
2026-08-14 21:49:38 [DEBUG] coder_eval.agents.claude_code_agent: [coder] Starting agent query stream...
2026-08-14 21:55:12 [DEBUG] coder_eval.agents.claude_code_agent: [coder] session_id changed: None -> e62526f5-5b79-49ea-8a50-c9c119a59839
2026-08-14 21:55:12 [DEBUG] coder_eval.agents.claude_code_agent: [coder] Agent query stream ended
2026-08-14 21:55:12 [DEBUG] coder_eval.utils: Resolved @uipath plugin-tools dir=/usr/lib/node_modules/@uipath from `uip` at /usr/lib/node_modules/@uipath/cli/dist/index.js
2026-08-14 21:55:12 [DEBUG] coder_eval.orchestrator: Agent response received (4712 chars)
2026-08-14 21:55:12 [DEBUG] coder_eval.orchestrator: Checking success criteria
2026-08-14 21:55:12 [DEBUG] coder_eval.evaluation.checker: Criterion 'file_exists' score: 1.00
2026-08-14 21:55:12 [DEBUG] coder_eval.evaluation.checker: Criterion 'file_contains' score: 1.00
2026-08-14 21:55:12 [DEBUG] coder_eval.criteria.run_command: Running command for criterion 'Score threshold updated to 1000, siblings untouched, file still structurally sound': python3 $TASK_DIR/check_update_node.py
2026-08-14 21:55:12 [DEBUG] coder_eval.sandbox: Command 'python3 $TASK_DIR/check_update_node.py' exited with code 0
2026-08-14 21:55:12 [DEBUG] coder_eval.sandbox: STDOUT:
---
OK: Task_Score threshold updated, siblings untouched
---
2026-08-14 21:55:12 [DEBUG] coder_eval.evaluation.checker: Criterion 'run_command' score: 1.00
2026-08-14 21:55:12 [INFO] coder_eval.orchestrator: Success criteria: 3/3 passed, weighted score: 1.000
2026-08-14 21:55:12 [WARNING] coder_eval.orchestrator: Visible turns (23) exceeded expected_turns (14) at iteration 1 for task skill-bpmn-edit-update-node. Run continues — max_turns remains the hard cap.
2026-08-14 21:55:12 [DEBUG] coder_eval.utils: Resolved @uipath plugin-tools dir=/usr/lib/node_modules/@uipath from `uip` at /usr/lib/node_modules/@uipath/cli/dist/index.js
2026-08-14 21:55:12 [INFO] coder_eval.orchestrator: Running post-run command: find . -maxdepth 5 -type d \( -name node_modules -o -name .npm-prefix -o -name .venv \) -prune -exec rm -rf {} +
2026-08-14 21:55:12 [INFO] coder_eval.orchestrator: Sandbox preserved (in-place): /work/output/artifacts/skill-bpmn-edit-update-node
2026-08-14 21:55:12 [INFO] coder_eval.orchestrator: Task finished: status=SUCCESS duration=336.4s score=1.000 iterations=1


================================================================================
TASK: default/skill-bpmn-error-boundary-handler/00
================================================================================

2026-08-14 21:48:31 [DEBUG] coder_eval.utils: Resolved @uipath plugin-tools dir=/usr/lib/node_modules/@uipath from `uip` at /usr/lib/node_modules/@uipath/cli/dist/index.js
2026-08-14 21:48:31 [INFO] coder_eval.orchestrator: API routing: aws_bedrock
2026-08-14 21:48:31 [DEBUG] coder_eval.criteria: Discovered 14 criterion checkers
2026-08-14 21:48:31 [DEBUG] coder_eval.criteria: Validated 14 criterion checkers
2026-08-14 21:48:31 [DEBUG] coder_eval.utils: Resolved @uipath plugin-tools dir=/usr/lib/node_modules/@uipath from `uip` at /usr/lib/node_modules/@uipath/cli/dist/index.js
2026-08-14 21:48:32 [DEBUG] coder_eval.orchestrator: Sending prompt: Load and follow the uipath-maestro-bpmn skill.

Author a single Maestro BPMN file `InvoiceServiceRec...
2026-08-14 21:48:32 [DEBUG] coder_eval.agents.claude_code_agent: [coder] Starting agent query stream...
2026-08-14 21:52:03 [DEBUG] coder_eval.agents.claude_code_agent: [coder] session_id changed: None -> 17c497c4-85a9-4f61-b5a7-3ec6ca09656f
2026-08-14 21:52:03 [DEBUG] coder_eval.agents.claude_code_agent: [coder] Agent query stream ended
2026-08-14 21:52:03 [DEBUG] coder_eval.utils: Resolved @uipath plugin-tools dir=/usr/lib/node_modules/@uipath from `uip` at /usr/lib/node_modules/@uipath/cli/dist/index.js
2026-08-14 21:52:03 [DEBUG] coder_eval.orchestrator: Agent response received (5353 chars)
2026-08-14 21:52:03 [DEBUG] coder_eval.orchestrator: Checking success criteria
2026-08-14 21:52:03 [DEBUG] coder_eval.evaluation.checker: Criterion 'file_exists' score: 1.00
2026-08-14 21:52:03 [DEBUG] coder_eval.evaluation.checker: Criterion 'command_executed' score: 1.00
2026-08-14 21:52:03 [DEBUG] coder_eval.evaluation.checker: Criterion 'file_contains' score: 1.00
2026-08-14 21:52:03 [DEBUG] coder_eval.criteria.run_command: Running command for criterion 'Interrupting error boundary with a configured code on a service-call task routes to recovery, fully shaped': python3 $TASK_DIR/check_error_boundary_handler.py
2026-08-14 21:52:03 [DEBUG] coder_eval.sandbox: Command 'python3 $TASK_DIR/check_error_boundary_handler.py' exited with code 0
2026-08-14 21:52:03 [DEBUG] coder_eval.sandbox: STDOUT:
---
OK: InvoiceServiceRecovery.bpmn has an interrupting error boundary with a configured code on an activity routing to recovery
---
2026-08-14 21:52:03 [DEBUG] coder_eval.evaluation.checker: Criterion 'run_command' score: 1.00
2026-08-14 21:52:03 [INFO] coder_eval.orchestrator: Success criteria: 4/4 passed, weighted score: 1.000
2026-08-14 21:52:03 [WARNING] coder_eval.orchestrator: Visible turns (21) exceeded expected_turns (18) at iteration 1 for task skill-bpmn-error-boundary-handler. Run continues — max_turns remains the hard cap.
2026-08-14 21:52:03 [DEBUG] coder_eval.utils: Resolved @uipath plugin-tools dir=/usr/lib/node_modules/@uipath from `uip` at /usr/lib/node_modules/@uipath/cli/dist/index.js
2026-08-14 21:52:03 [INFO] coder_eval.orchestrator: Running post-run command: find . -maxdepth 5 -type d \( -name node_modules -o -name .npm-prefix -o -name .venv \) -prune -exec rm -rf {} +
2026-08-14 21:52:03 [INFO] coder_eval.orchestrator: Sandbox preserved (in-place): /work/output/artifacts/skill-bpmn-error-boundary-handler
2026-08-14 21:52:03 [INFO] coder_eval.orchestrator: Task finished: status=SUCCESS duration=221.6s score=1.000 iterations=1


================================================================================
TASK: default/skill-bpmn-error-event-subprocess/00
================================================================================

2026-08-14 21:54:05 [DEBUG] coder_eval.utils: Resolved @uipath plugin-tools dir=/usr/lib/node_modules/@uipath from `uip` at /usr/lib/node_modules/@uipath/cli/dist/index.js
2026-08-14 21:54:05 [INFO] coder_eval.orchestrator: API routing: aws_bedrock
2026-08-14 21:54:05 [DEBUG] coder_eval.criteria: Discovered 14 criterion checkers
2026-08-14 21:54:05 [DEBUG] coder_eval.criteria: Validated 14 criterion checkers
2026-08-14 21:54:05 [DEBUG] coder_eval.utils: Resolved @uipath plugin-tools dir=/usr/lib/node_modules/@uipath from `uip` at /usr/lib/node_modules/@uipath/cli/dist/index.js
2026-08-14 21:54:05 [DEBUG] coder_eval.orchestrator: Sending prompt: Load and follow the uipath-maestro-bpmn skill.

Author a single Maestro BPMN file `PaymentErrorHandl...
2026-08-14 21:54:05 [DEBUG] coder_eval.agents.claude_code_agent: [coder] Starting agent query stream...
2026-08-14 21:57:40 [DEBUG] coder_eval.agents.claude_code_agent: [coder] session_id changed: None -> caba0cf4-7052-4f39-a635-4f793b911697
2026-08-14 21:57:40 [DEBUG] coder_eval.agents.claude_code_agent: [coder] Agent query stream ended
2026-08-14 21:57:40 [DEBUG] coder_eval.utils: Resolved @uipath plugin-tools dir=/usr/lib/node_modules/@uipath from `uip` at /usr/lib/node_modules/@uipath/cli/dist/index.js
2026-08-14 21:57:40 [DEBUG] coder_eval.orchestrator: Agent response received (3564 chars)
2026-08-14 21:57:40 [DEBUG] coder_eval.orchestrator: Checking success criteria
2026-08-14 21:57:40 [DEBUG] coder_eval.evaluation.checker: Criterion 'file_exists' score: 1.00
2026-08-14 21:57:40 [DEBUG] coder_eval.evaluation.checker: Criterion 'command_executed' score: 1.00
2026-08-14 21:57:40 [DEBUG] coder_eval.evaluation.checker: Criterion 'file_contains' score: 1.00
2026-08-14 21:57:40 [DEBUG] coder_eval.criteria.run_command: Running command for criterion 'Error end event with a configured code is caught by an interrupting error event subprocess, fully shaped': python3 $TASK_DIR/check_error_event_subprocess.py
2026-08-14 21:57:40 [DEBUG] coder_eval.sandbox: Command 'python3 $TASK_DIR/check_error_event_subprocess.py' exited with code 0
2026-08-14 21:57:40 [DEBUG] coder_eval.sandbox: STDOUT:
---
OK: PaymentErrorHandling.bpmn throws a configured error end event and catches it in an interrupting error event subprocess
---
2026-08-14 21:57:40 [DEBUG] coder_eval.evaluation.checker: Criterion 'run_command' score: 1.00
2026-08-14 21:57:40 [INFO] coder_eval.orchestrator: Success criteria: 4/4 passed, weighted score: 1.000
2026-08-14 21:57:40 [DEBUG] coder_eval.utils: Resolved @uipath plugin-tools dir=/usr/lib/node_modules/@uipath from `uip` at /usr/lib/node_modules/@uipath/cli/dist/index.js
2026-08-14 21:57:40 [INFO] coder_eval.orchestrator: Running post-run command: find . -maxdepth 5 -type d \( -name node_modules -o -name .npm-prefix -o -name .venv \) -prune -exec rm -rf {} +
2026-08-14 21:57:40 [INFO] coder_eval.orchestrator: Sandbox preserved (in-place): /work/output/artifacts/skill-bpmn-error-event-subprocess
2026-08-14 21:57:40 [INFO] coder_eval.orchestrator: Task finished: status=SUCCESS duration=216.1s score=1.000 iterations=1


================================================================================
TASK: default/skill-bpmn-event-based-gateway/00
================================================================================

2026-08-14 21:53:34 [DEBUG] coder_eval.utils: Resolved @uipath plugin-tools dir=/usr/lib/node_modules/@uipath from `uip` at /usr/lib/node_modules/@uipath/cli/dist/index.js
2026-08-14 21:53:34 [INFO] coder_eval.orchestrator: API routing: aws_bedrock
2026-08-14 21:53:34 [DEBUG] coder_eval.criteria: Discovered 14 criterion checkers
2026-08-14 21:53:34 [DEBUG] coder_eval.criteria: Validated 14 criterion checkers
2026-08-14 21:53:34 [DEBUG] coder_eval.utils: Resolved @uipath plugin-tools dir=/usr/lib/node_modules/@uipath from `uip` at /usr/lib/node_modules/@uipath/cli/dist/index.js
2026-08-14 21:53:34 [DEBUG] coder_eval.orchestrator: Sending prompt: Load and follow the uipath-maestro-bpmn skill.

Author a single Maestro BPMN file `PaymentRace.bpmn`...
2026-08-14 21:53:34 [DEBUG] coder_eval.agents.claude_code_agent: [coder] Starting agent query stream...
2026-08-14 21:56:10 [DEBUG] coder_eval.agents.claude_code_agent: [coder] session_id changed: None -> 4ac3bb6f-1add-4800-bb73-b44630e9af12
2026-08-14 21:56:10 [DEBUG] coder_eval.agents.claude_code_agent: [coder] Agent query stream ended
2026-08-14 21:56:10 [DEBUG] coder_eval.utils: Resolved @uipath plugin-tools dir=/usr/lib/node_modules/@uipath from `uip` at /usr/lib/node_modules/@uipath/cli/dist/index.js
2026-08-14 21:56:10 [DEBUG] coder_eval.orchestrator: Agent response received (4582 chars)
2026-08-14 21:56:10 [DEBUG] coder_eval.orchestrator: Checking success criteria
2026-08-14 21:56:10 [DEBUG] coder_eval.evaluation.checker: Criterion 'file_exists' score: 1.00
2026-08-14 21:56:10 [DEBUG] coder_eval.evaluation.checker: Criterion 'command_executed' score: 1.00
2026-08-14 21:56:10 [DEBUG] coder_eval.evaluation.checker: Criterion 'file_contains' score: 1.00
2026-08-14 21:56:10 [DEBUG] coder_eval.criteria.run_command: Running command for criterion 'Event-based gateway races a message catch and a timer catch with full DI edges': python3 $TASK_DIR/check_event_based_gateway.py
2026-08-14 21:56:10 [DEBUG] coder_eval.sandbox: Command 'python3 $TASK_DIR/check_event_based_gateway.py' exited with code 0
2026-08-14 21:56:10 [DEBUG] coder_eval.sandbox: STDOUT:
---
OK: PaymentRace.bpmn races a message catch and a timer catch behind an event-based gateway
---
2026-08-14 21:56:10 [DEBUG] coder_eval.evaluation.checker: Criterion 'run_command' score: 1.00
2026-08-14 21:56:10 [INFO] coder_eval.orchestrator: Success criteria: 4/4 passed, weighted score: 1.000
2026-08-14 21:56:10 [DEBUG] coder_eval.utils: Resolved @uipath plugin-tools dir=/usr/lib/node_modules/@uipath from `uip` at /usr/lib/node_modules/@uipath/cli/dist/index.js
2026-08-14 21:56:10 [INFO] coder_eval.orchestrator: Running post-run command: find . -maxdepth 5 -type d \( -name node_modules -o -name .npm-prefix -o -name .venv \) -prune -exec rm -rf {} +
2026-08-14 21:56:10 [INFO] coder_eval.orchestrator: Sandbox preserved (in-place): /work/output/artifacts/skill-bpmn-event-based-gateway
2026-08-14 21:56:10 [INFO] coder_eval.orchestrator: Task finished: status=SUCCESS duration=157.6s score=1.000 iterations=1


================================================================================
TASK: default/skill-bpmn-event-trigger-start/00
================================================================================

2026-08-14 21:54:29 [DEBUG] coder_eval.utils: Resolved @uipath plugin-tools dir=/usr/lib/node_modules/@uipath from `uip` at /usr/lib/node_modules/@uipath/cli/dist/index.js
2026-08-14 21:54:29 [INFO] coder_eval.orchestrator: API routing: aws_bedrock
2026-08-14 21:54:30 [DEBUG] coder_eval.criteria: Discovered 14 criterion checkers
2026-08-14 21:54:30 [DEBUG] coder_eval.criteria: Validated 14 criterion checkers
2026-08-14 21:54:30 [DEBUG] coder_eval.utils: Resolved @uipath plugin-tools dir=/usr/lib/node_modules/@uipath from `uip` at /usr/lib/node_modules/@uipath/cli/dist/index.js
2026-08-14 21:54:30 [DEBUG] coder_eval.orchestrator: Sending prompt: Load and follow the uipath-maestro-bpmn skill.

Create a local BPMN project named "InboxTriggerBpmn"...
2026-08-14 21:54:30 [DEBUG] coder_eval.agents.claude_code_agent: [coder] Starting agent query stream...
2026-08-14 21:58:39 [DEBUG] coder_eval.agents.claude_code_agent: [coder] session_id changed: None -> 075cd5eb-7908-4534-aa95-7ef34a40f4bf
2026-08-14 21:58:39 [DEBUG] coder_eval.agents.claude_code_agent: [coder] Agent query stream ended
2026-08-14 21:58:39 [DEBUG] coder_eval.utils: Resolved @uipath plugin-tools dir=/usr/lib/node_modules/@uipath from `uip` at /usr/lib/node_modules/@uipath/cli/dist/index.js
2026-08-14 21:58:39 [DEBUG] coder_eval.orchestrator: Agent response received (3945 chars)
2026-08-14 21:58:39 [DEBUG] coder_eval.orchestrator: Checking success criteria
2026-08-14 21:58:39 [DEBUG] coder_eval.evaluation.checker: Criterion 'file_exists' score: 1.00
2026-08-14 21:58:39 [DEBUG] coder_eval.evaluation.checker: Criterion 'command_executed' score: 1.00
2026-08-14 21:58:39 [DEBUG] coder_eval.criteria.run_command: Running command for criterion 'Connector event-trigger start is a public-safe draft with valid structure': python3 $TASK_DIR/check_event_trigger_start.py
2026-08-14 21:58:39 [DEBUG] coder_eval.sandbox: Command 'python3 $TASK_DIR/check_event_trigger_start.py' exited with code 0
2026-08-14 21:58:39 [DEBUG] coder_eval.sandbox: STDOUT:
---
OK: InboxTriggerBpmn/InboxTriggerBpmn.bpmn starts on a public-safe connector event-trigger draft
---
2026-08-14 21:58:39 [DEBUG] coder_eval.evaluation.checker: Criterion 'run_command' score: 1.00
2026-08-14 21:58:39 [DEBUG] coder_eval.evaluation.judge_context: judge_context: include_reference=True but reference not set
2026-08-14 21:58:48 [DEBUG] coder_eval.evaluation.checker: Criterion 'llm_judge' score: 1.00
2026-08-14 21:58:48 [INFO] coder_eval.orchestrator: Success criteria: 4/4 passed, weighted score: 1.000
2026-08-14 21:58:48 [WARNING] coder_eval.orchestrator: Visible turns (40) exceeded expected_turns (16) at iteration 1 for task skill-bpmn-event-trigger-start. Run continues — max_turns remains the hard cap.
2026-08-14 21:58:48 [DEBUG] coder_eval.utils: Resolved @uipath plugin-tools dir=/usr/lib/node_modules/@uipath from `uip` at /usr/lib/node_modules/@uipath/cli/dist/index.js
2026-08-14 21:58:48 [INFO] coder_eval.orchestrator: Running post-run command: find . -maxdepth 5 -type d \( -name node_modules -o -name .npm-prefix -o -name .venv \) -prune -exec rm -rf {} +
2026-08-14 21:58:48 [INFO] coder_eval.orchestrator: Sandbox preserved (in-place): /work/output/artifacts/skill-bpmn-event-trigger-start
2026-08-14 21:58:48 [INFO] coder_eval.orchestrator: Task finished: status=SUCCESS duration=260.0s score=1.000 iterations=1
2026-08-14 21:58:48 [DEBUG] coder_eval.evaluation.judge_persistence: spilled 1 judge transcript(s) to /work/output


================================================================================
TASK: default/skill-bpmn-expr-computed-js/00
================================================================================

2026-08-14 21:48:29 [DEBUG] coder_eval.utils: Resolved @uipath plugin-tools dir=/usr/lib/node_modules/@uipath from `uip` at /usr/lib/node_modules/@uipath/cli/dist/index.js
2026-08-14 21:48:29 [INFO] coder_eval.orchestrator: API routing: aws_bedrock
2026-08-14 21:48:29 [DEBUG] coder_eval.criteria: Discovered 14 criterion checkers
2026-08-14 21:48:29 [DEBUG] coder_eval.criteria: Validated 14 criterion checkers
2026-08-14 21:48:29 [DEBUG] coder_eval.utils: Resolved @uipath plugin-tools dir=/usr/lib/node_modules/@uipath from `uip` at /usr/lib/node_modules/@uipath/cli/dist/index.js
2026-08-14 21:48:30 [DEBUG] coder_eval.orchestrator: Sending prompt: Load and follow the uipath-maestro-bpmn skill.

Author a local Maestro BPMN project named "ComputedJ...
2026-08-14 21:48:30 [DEBUG] coder_eval.agents.claude_code_agent: [coder] Starting agent query stream...
2026-08-14 21:57:57 [DEBUG] coder_eval.agents.claude_code_agent: [coder] session_id changed: None -> c9bac7b9-e86d-46f9-9359-f6c5de5830e7
2026-08-14 21:57:57 [DEBUG] coder_eval.agents.claude_code_agent: [coder] Agent query stream ended
2026-08-14 21:57:57 [DEBUG] coder_eval.utils: Resolved @uipath plugin-tools dir=/usr/lib/node_modules/@uipath from `uip` at /usr/lib/node_modules/@uipath/cli/dist/index.js
2026-08-14 21:57:57 [DEBUG] coder_eval.orchestrator: Agent response received (5159 chars)
2026-08-14 21:57:57 [DEBUG] coder_eval.orchestrator: Checking success criteria
2026-08-14 21:57:57 [DEBUG] coder_eval.evaluation.checker: Criterion 'file_exists' score: 1.00
2026-08-14 21:57:57 [DEBUG] coder_eval.evaluation.checker: Criterion 'file_contains' score: 1.00
2026-08-14 21:57:57 [DEBUG] coder_eval.criteria.run_command: Running command for criterion 'Computed =js: expression present and all json-typed bodies parse as JSON': python3 $TASK_DIR/check_computed_js.py
2026-08-14 21:57:57 [DEBUG] coder_eval.sandbox: Command 'python3 $TASK_DIR/check_computed_js.py' exited with code 0
2026-08-14 21:57:57 [DEBUG] coder_eval.sandbox: STDOUT:
---
OK: ComputedJsBpmn/ComputedJsBpmn.bpmn uses a computed =js: expression with valid json-typed bodies
---
2026-08-14 21:57:57 [DEBUG] coder_eval.evaluation.checker: Criterion 'run_command' score: 1.00
2026-08-14 21:57:57 [INFO] coder_eval.orchestrator: Success criteria: 3/3 passed, weighted score: 1.000
2026-08-14 21:57:57 [WARNING] coder_eval.orchestrator: Visible turns (57) exceeded expected_turns (18) at iteration 1 for task skill-bpmn-expr-computed-js. Run continues — max_turns remains the hard cap.
2026-08-14 21:57:57 [DEBUG] coder_eval.utils: Resolved @uipath plugin-tools dir=/usr/lib/node_modules/@uipath from `uip` at /usr/lib/node_modules/@uipath/cli/dist/index.js
2026-08-14 21:57:57 [INFO] coder_eval.orchestrator: Running post-run command: find . -maxdepth 5 -type d \( -name node_modules -o -name .npm-prefix -o -name .venv \) -prune -exec rm -rf {} +
2026-08-14 21:57:57 [INFO] coder_eval.orchestrator: Sandbox preserved (in-place): /work/output/artifacts/skill-bpmn-expr-computed-js
2026-08-14 21:57:57 [INFO] coder_eval.orchestrator: Task finished: status=SUCCESS duration=575.7s score=1.000 iterations=1


================================================================================
TASK: default/skill-bpmn-expr-error-mapping/00
================================================================================

2026-08-14 21:48:26 [DEBUG] coder_eval.utils: Resolved @uipath plugin-tools dir=/usr/lib/node_modules/@uipath from `uip` at /usr/lib/node_modules/@uipath/cli/dist/index.js
2026-08-14 21:48:26 [INFO] coder_eval.orchestrator: API routing: aws_bedrock
2026-08-14 21:48:26 [DEBUG] coder_eval.criteria: Discovered 14 criterion checkers
2026-08-14 21:48:26 [DEBUG] coder_eval.criteria: Validated 14 criterion checkers
2026-08-14 21:48:26 [DEBUG] coder_eval.utils: Resolved @uipath plugin-tools dir=/usr/lib/node_modules/@uipath from `uip` at /usr/lib/node_modules/@uipath/cli/dist/index.js
2026-08-14 21:48:27 [DEBUG] coder_eval.orchestrator: Sending prompt: Load and follow the uipath-maestro-bpmn skill.

Author a local Maestro BPMN project named "ErrorMapp...
2026-08-14 21:48:27 [DEBUG] coder_eval.agents.claude_code_agent: [coder] Starting agent query stream...
2026-08-14 21:54:01 [DEBUG] coder_eval.agents.claude_code_agent: [coder] session_id changed: None -> f1f0903f-b214-4137-8a4a-ba2fabe1a411
2026-08-14 21:54:01 [DEBUG] coder_eval.agents.claude_code_agent: [coder] Agent query stream ended
2026-08-14 21:54:01 [DEBUG] coder_eval.utils: Resolved @uipath plugin-tools dir=/usr/lib/node_modules/@uipath from `uip` at /usr/lib/node_modules/@uipath/cli/dist/index.js
2026-08-14 21:54:01 [DEBUG] coder_eval.orchestrator: Agent response received (6587 chars)
2026-08-14 21:54:01 [DEBUG] coder_eval.orchestrator: Checking success criteria
2026-08-14 21:54:01 [DEBUG] coder_eval.evaluation.checker: Criterion 'file_exists' score: 1.00
2026-08-14 21:54:01 [DEBUG] coder_eval.evaluation.checker: Criterion 'file_contains' score: 1.00
2026-08-14 21:54:01 [DEBUG] coder_eval.criteria.run_command: Running command for criterion 'errorMapping condition branches on vars.error.code and the graph is sound': python3 $TASK_DIR/check_error_mapping.py
2026-08-14 21:54:01 [DEBUG] coder_eval.sandbox: Command 'python3 $TASK_DIR/check_error_mapping.py' exited with code 0
2026-08-14 21:54:01 [DEBUG] coder_eval.sandbox: STDOUT:
---
OK: ErrorMappingBpmn/ErrorMappingBpmn.bpmn branches on vars.error.code via uipath:errorMapping
---
2026-08-14 21:54:01 [DEBUG] coder_eval.evaluation.checker: Criterion 'run_command' score: 1.00
2026-08-14 21:54:01 [INFO] coder_eval.orchestrator: Success criteria: 3/3 passed, weighted score: 1.000
2026-08-14 21:54:01 [WARNING] coder_eval.orchestrator: Visible turns (25) exceeded expected_turns (18) at iteration 1 for task skill-bpmn-expr-error-mapping. Run continues — max_turns remains the hard cap.
2026-08-14 21:54:01 [DEBUG] coder_eval.utils: Resolved @uipath plugin-tools dir=/usr/lib/node_modules/@uipath from `uip` at /usr/lib/node_modules/@uipath/cli/dist/index.js
2026-08-14 21:54:01 [INFO] coder_eval.orchestrator: Running post-run command: find . -maxdepth 5 -type d \( -name node_modules -o -name .npm-prefix -o -name .venv \) -prune -exec rm -rf {} +
2026-08-14 21:54:01 [INFO] coder_eval.orchestrator: Sandbox preserved (in-place): /work/output/artifacts/skill-bpmn-expr-error-mapping
2026-08-14 21:54:01 [INFO] coder_eval.orchestrator: Task finished: status=SUCCESS duration=342.9s score=1.000 iterations=1


================================================================================
TASK: default/skill-bpmn-expr-multiinstance-iterator/00
================================================================================

2026-08-14 21:48:30 [DEBUG] coder_eval.utils: Resolved @uipath plugin-tools dir=/usr/lib/node_modules/@uipath from `uip` at /usr/lib/node_modules/@uipath/cli/dist/index.js
2026-08-14 21:48:30 [INFO] coder_eval.orchestrator: API routing: aws_bedrock
2026-08-14 21:48:30 [DEBUG] coder_eval.criteria: Discovered 14 criterion checkers
2026-08-14 21:48:30 [DEBUG] coder_eval.criteria: Validated 14 criterion checkers
2026-08-14 21:48:30 [DEBUG] coder_eval.utils: Resolved @uipath plugin-tools dir=/usr/lib/node_modules/@uipath from `uip` at /usr/lib/node_modules/@uipath/cli/dist/index.js
2026-08-14 21:48:31 [DEBUG] coder_eval.orchestrator: Sending prompt: Load and follow the uipath-maestro-bpmn skill.

Author a local Maestro BPMN project named "MultiInst...
2026-08-14 21:48:31 [DEBUG] coder_eval.agents.claude_code_agent: [coder] Starting agent query stream...
2026-08-14 22:03:31 [DEBUG] coder_eval.orchestrator: [skill-bpmn-expr-multiinstance-iterator] Drained partial turn record (attempt 1, iteration 1): 89 commands
2026-08-14 22:03:31 [ERROR] coder_eval.errors.executor: [skill-bpmn-expr-multiinstance-iterator] Agent communication failed (non-retryable): agent_timeout - Agent turn timed out after 900s (iteration 1)
2026-08-14 22:03:31 [ERROR] coder_eval.orchestrator: Evaluation failed: Agent turn timed out after 900s (iteration 1)
Traceback (most recent call last):
  File "/usr/local/lib/python3.13/site-packages/anyio/streams/memory.py", line 117, in receive
    return self.receive_nowait()
           ~~~~~~~~~~~~~~~~~~~^^
  File "/usr/local/lib/python3.13/site-packages/anyio/streams/memory.py", line 112, in receive_nowait
    raise WouldBlock
anyio.WouldBlock

During handling of the above exception, another exception occurred:

Traceback (most recent call last):
  File "/opt/coder_eval/src/coder_eval/agents/claude_code_agent.py", line 915, in communicate
    await self._pump_messages(state, query_kwargs, deadline, should_stop)
  File "/opt/coder_eval/src/coder_eval/agents/claude_code_agent.py", line 1025, in _pump_messages
    async for message in query(**query_kwargs):
    ...<8 lines>...
            break
  File "/usr/local/lib/python3.13/site-packages/claude_agent_sdk/query.py", line 123, in query
    async for message in client.process_query(
    ...<2 lines>...
        yield message
  File "/usr/local/lib/python3.13/site-packages/claude_agent_sdk/_internal/client.py", line 75, in process_query
    async for msg in inner:
        yield msg
  File "/usr/local/lib/python3.13/site-packages/claude_agent_sdk/_internal/client.py", line 227, in _process_query_inner
    async for data in query.receive_messages():
    ...<2 lines>...
            yield message
  File "/usr/local/lib/python3.13/site-packages/claude_agent_sdk/_internal/query.py", line 847, in receive_messages
    async for message in self._message_receive:
    ...<6 lines>...
        yield message
  File "/usr/local/lib/python3.13/site-packages/anyio/abc/_streams.py", line 35, in __anext__
    return await self.receive()
           ^^^^^^^^^^^^^^^^^^^^
  File "/usr/local/lib/python3.13/site-packages/anyio/streams/memory.py", line 125, in receive
    await receive_event.wait()
  File "/usr/local/lib/python3.13/site-packages/anyio/_backends/_asyncio.py", line 1804, in wait
    await self._event.wait()
  File "/usr/local/lib/python3.13/asyncio/locks.py", line 213, in wait
    await fut
asyncio.exceptions.CancelledError

During handling of the above exception, another exception occurred:

Traceback (most recent call last):
  File "/opt/coder_eval/src/coder_eval/orchestrator.py", line 475, in run
    success = await self._evaluation_loop()
              ^^^^^^^^^^^^^^^^^^^^^^^^^^^^^
  File "/opt/coder_eval/src/coder_eval/orchestrator.py", line 1387, in _evaluation_loop
    turn_record = await self._communicate_with_retry(
                  ^^^^^^^^^^^^^^^^^^^^^^^^^^^^^^^^^^^
    ...<3 lines>...
    )
    ^
  File "/opt/coder_eval/src/coder_eval/orchestrator.py", line 1263, in _communicate_with_retry
    turn_record = await execute_with_retry(
                  ^^^^^^^^^^^^^^^^^^^^^^^^^
    ...<8 lines>...
    )
    ^
  File "/opt/coder_eval/src/coder_eval/errors/executor.py", line 71, in execute_with_retry
    return await operation()
           ^^^^^^^^^^^^^^^^^
  File "/opt/coder_eval/src/coder_eval/orchestrator.py", line 1245, in _communicate_attempt
    return await asyncio.wait_for(coro, timeout=outer_timeout)
           ^^^^^^^^^^^^^^^^^^^^^^^^^^^^^^^^^^^^^^^^^^^^^^^^^^^
  File "/usr/local/lib/python3.13/asyncio/tasks.py", line 507, in wait_for
    return await fut
           ^^^^^^^^^
  File "/opt/coder_eval/src/coder_eval/agents/claude_code_agent.py", line 927, in communicate
    self._finalize_and_raise_timeout(state.finalize, timeout)
    ~~~~~~~~~~~~~~~~~~~~~~~~~~~~~~~~^^^^^^^^^^^^^^^^^^^^^^^^^
  File "/opt/coder_eval/src/coder_eval/agent.py", line 130, in _finalize_and_raise_timeout
    raise TurnTimeoutError(timeout, iteration=self._iteration)
coder_eval.errors.timeout.TurnTimeoutError: Agent turn timed out after 900s (iteration 1)
2026-08-14 22:03:31 [DEBUG] coder_eval.utils: Resolved @uipath plugin-tools dir=/usr/lib/node_modules/@uipath from `uip` at /usr/lib/node_modules/@uipath/cli/dist/index.js
2026-08-14 22:03:31 [INFO] coder_eval.orchestrator: Running post-run command: find . -maxdepth 5 -type d \( -name node_modules -o -name .npm-prefix -o -name .venv \) -prune -exec rm -rf {} +
2026-08-14 22:03:31 [INFO] coder_eval.orchestrator: Sandbox preserved (in-place): /work/output/artifacts/skill-bpmn-expr-multiinstance-iterator
2026-08-14 22:03:31 [INFO] coder_eval.orchestrator: Task finished: status=ERROR duration=909.7s score=0.000 iterations=1


================================================================================
TASK: default/skill-bpmn-feet-inches/00
================================================================================

2026-08-14 21:48:28 [DEBUG] coder_eval.utils: Resolved @uipath plugin-tools dir=/usr/lib/node_modules/@uipath from `uip` at /usr/lib/node_modules/@uipath/cli/dist/index.js
2026-08-14 21:48:28 [INFO] coder_eval.orchestrator: API routing: aws_bedrock
2026-08-14 21:48:29 [DEBUG] coder_eval.criteria: Discovered 14 criterion checkers
2026-08-14 21:48:29 [DEBUG] coder_eval.criteria: Validated 14 criterion checkers
2026-08-14 21:48:29 [DEBUG] coder_eval.utils: Resolved @uipath plugin-tools dir=/usr/lib/node_modules/@uipath from `uip` at /usr/lib/node_modules/@uipath/cli/dist/index.js
2026-08-14 21:48:29 [DEBUG] coder_eval.orchestrator: Sending prompt: Load and follow the uipath-maestro-bpmn skill.

Author a local Maestro BPMN project named "FeetInche...
2026-08-14 21:48:30 [DEBUG] coder_eval.agents.claude_code_agent: [coder] Starting agent query stream...
2026-08-14 22:02:48 [DEBUG] coder_eval.agents.claude_code_agent: [coder] session_id changed: None -> aa453e28-6847-4b99-9f56-eef7f8c634a2
2026-08-14 22:02:48 [DEBUG] coder_eval.agents.claude_code_agent: [coder] Agent query stream ended
2026-08-14 22:02:48 [DEBUG] coder_eval.utils: Resolved @uipath plugin-tools dir=/usr/lib/node_modules/@uipath from `uip` at /usr/lib/node_modules/@uipath/cli/dist/index.js
2026-08-14 22:02:48 [DEBUG] coder_eval.orchestrator: Agent response received (4632 chars)
2026-08-14 22:02:48 [DEBUG] coder_eval.orchestrator: Checking success criteria
2026-08-14 22:02:48 [DEBUG] coder_eval.evaluation.checker: Criterion 'file_exists' score: 1.00
2026-08-14 22:02:48 [DEBUG] coder_eval.criteria.run_command: Running command for criterion 'BPMN is a linear script-task pipeline with variable passing and valid DI': python3 $TASK_DIR/check_feet_inches.py
2026-08-14 22:02:48 [DEBUG] coder_eval.sandbox: Command 'python3 $TASK_DIR/check_feet_inches.py' exited with code 0
2026-08-14 22:02:48 [DEBUG] coder_eval.sandbox: STDOUT:
---
OK: FeetInchesBpmn/FeetInchesBpmn.bpmn is a sequential script-task pipeline with variable passing between nodes
---
2026-08-14 22:02:48 [DEBUG] coder_eval.evaluation.checker: Criterion 'run_command' score: 1.00
2026-08-14 22:02:48 [INFO] coder_eval.orchestrator: Success criteria: 2/2 passed, weighted score: 1.000
2026-08-14 22:02:48 [WARNING] coder_eval.orchestrator: Visible turns (60) exceeded expected_turns (22) at iteration 1 for task skill-bpmn-feet-inches. Run continues — max_turns remains the hard cap.
2026-08-14 22:02:48 [DEBUG] coder_eval.utils: Resolved @uipath plugin-tools dir=/usr/lib/node_modules/@uipath from `uip` at /usr/lib/node_modules/@uipath/cli/dist/index.js
2026-08-14 22:02:48 [INFO] coder_eval.orchestrator: Running post-run command: find . -maxdepth 5 -type d \( -name node_modules -o -name .npm-prefix -o -name .venv \) -prune -exec rm -rf {} +
2026-08-14 22:02:48 [INFO] coder_eval.orchestrator: Sandbox preserved (in-place): /work/output/artifacts/skill-bpmn-feet-inches
2026-08-14 22:02:48 [INFO] coder_eval.orchestrator: Task finished: status=SUCCESS duration=867.2s score=1.000 iterations=1


================================================================================
TASK: default/skill-bpmn-gateway-sequence-flows/00
================================================================================

2026-08-14 21:48:26 [DEBUG] coder_eval.utils: Resolved @uipath plugin-tools dir=/usr/lib/node_modules/@uipath from `uip` at /usr/lib/node_modules/@uipath/cli/dist/index.js
2026-08-14 21:48:26 [INFO] coder_eval.orchestrator: API routing: aws_bedrock
2026-08-14 21:48:26 [DEBUG] coder_eval.criteria: Discovered 14 criterion checkers
2026-08-14 21:48:26 [DEBUG] coder_eval.criteria: Validated 14 criterion checkers
2026-08-14 21:48:26 [DEBUG] coder_eval.utils: Resolved @uipath plugin-tools dir=/usr/lib/node_modules/@uipath from `uip` at /usr/lib/node_modules/@uipath/cli/dist/index.js
2026-08-14 21:48:27 [DEBUG] coder_eval.orchestrator: Sending prompt: Create a local BPMN project named "InvoiceTriageBpmn" for this process:
- Manual start with input va...
2026-08-14 21:48:27 [DEBUG] coder_eval.agents.claude_code_agent: [coder] Starting agent query stream...
2026-08-14 22:02:18 [DEBUG] coder_eval.agents.claude_code_agent: [coder] session_id changed: None -> 5a11e011-0268-48be-9c36-9d3c1f44c7c4
2026-08-14 22:02:18 [DEBUG] coder_eval.agents.claude_code_agent: [coder] Agent query stream ended
2026-08-14 22:02:18 [DEBUG] coder_eval.utils: Resolved @uipath plugin-tools dir=/usr/lib/node_modules/@uipath from `uip` at /usr/lib/node_modules/@uipath/cli/dist/index.js
2026-08-14 22:02:18 [DEBUG] coder_eval.orchestrator: Agent response received (4377 chars)
2026-08-14 22:02:18 [DEBUG] coder_eval.orchestrator: Checking success criteria
2026-08-14 22:02:18 [DEBUG] coder_eval.criteria.run_command: Running command for criterion 'BPMN source was created': find . -type f -name '*.bpmn' -path '*InvoiceTriageBpmn*' | grep -q .
2026-08-14 22:02:18 [DEBUG] coder_eval.sandbox: Command 'find . -type f -name '*.bpmn' -path '*InvoiceTriageBpmn*' | grep -q .' exited with code 0
2026-08-14 22:02:18 [DEBUG] coder_eval.evaluation.checker: Criterion 'run_command' score: 1.00
2026-08-14 22:02:18 [DEBUG] coder_eval.criteria.run_command: Running command for criterion 'Gateway and sequence-flow structure is valid': python3 $TASK_DIR/check_gateway_sequence_flows.py
2026-08-14 22:02:18 [DEBUG] coder_eval.sandbox: Command 'python3 $TASK_DIR/check_gateway_sequence_flows.py' exited with code 0
2026-08-14 22:02:18 [DEBUG] coder_eval.sandbox: STDOUT:
---
OK: InvoiceTriageBpmn/InvoiceTriageBpmn.bpmn has gateways, conditional/default flows, and BPMN DI
---
2026-08-14 22:02:18 [DEBUG] coder_eval.evaluation.checker: Criterion 'run_command' score: 1.00
2026-08-14 22:02:18 [INFO] coder_eval.orchestrator: Success criteria: 2/2 passed, weighted score: 1.000
2026-08-14 22:02:18 [WARNING] coder_eval.orchestrator: Visible turns (41) exceeded expected_turns (21) at iteration 1 for task skill-bpmn-gateway-sequence-flows. Run continues — max_turns remains the hard cap.
2026-08-14 22:02:18 [DEBUG] coder_eval.utils: Resolved @uipath plugin-tools dir=/usr/lib/node_modules/@uipath from `uip` at /usr/lib/node_modules/@uipath/cli/dist/index.js
2026-08-14 22:02:18 [INFO] coder_eval.orchestrator: Running post-run command: find . -maxdepth 5 -type d \( -name node_modules -o -name .npm-prefix -o -name .venv \) -prune -exec rm -rf {} +
2026-08-14 22:02:18 [INFO] coder_eval.orchestrator: Sandbox preserved (in-place): /work/output/artifacts/skill-bpmn-gateway-sequence-flows
2026-08-14 22:02:18 [INFO] coder_eval.orchestrator: Task finished: status=SUCCESS duration=839.4s score=1.000 iterations=1


================================================================================
TASK: default/skill-bpmn-hitl-boolean-decision/00
================================================================================

2026-08-14 21:55:54 [DEBUG] coder_eval.utils: Resolved @uipath plugin-tools dir=/usr/lib/node_modules/@uipath from `uip` at /usr/lib/node_modules/@uipath/cli/dist/index.js
2026-08-14 21:55:54 [INFO] coder_eval.orchestrator: API routing: aws_bedrock
2026-08-14 21:55:54 [DEBUG] coder_eval.criteria: Discovered 14 criterion checkers
2026-08-14 21:55:54 [DEBUG] coder_eval.criteria: Validated 14 criterion checkers
2026-08-14 21:55:54 [DEBUG] coder_eval.utils: Resolved @uipath plugin-tools dir=/usr/lib/node_modules/@uipath from `uip` at /usr/lib/node_modules/@uipath/cli/dist/index.js
2026-08-14 21:55:54 [DEBUG] coder_eval.orchestrator: Sending prompt: Create a local BPMN project named "VendorApprovalBpmn" for vendor onboarding:

1. Manual start.
2. A...
2026-08-14 21:55:54 [DEBUG] coder_eval.agents.claude_code_agent: [coder] Starting agent query stream...
2026-08-14 22:04:44 [DEBUG] coder_eval.agents.claude_code_agent: [coder] session_id changed: None -> 0a199498-6c44-4b8e-bba4-ff098848b569
2026-08-14 22:04:44 [DEBUG] coder_eval.agents.claude_code_agent: [coder] Agent query stream ended
2026-08-14 22:04:44 [DEBUG] coder_eval.utils: Resolved @uipath plugin-tools dir=/usr/lib/node_modules/@uipath from `uip` at /usr/lib/node_modules/@uipath/cli/dist/index.js
2026-08-14 22:04:44 [DEBUG] coder_eval.orchestrator: Agent response received (6064 chars)
2026-08-14 22:04:44 [DEBUG] coder_eval.orchestrator: Checking success criteria
2026-08-14 22:04:44 [DEBUG] coder_eval.evaluation.checker: Criterion 'file_exists' score: 1.00
2026-08-14 22:04:44 [DEBUG] coder_eval.evaluation.checker: Criterion 'file_contains' score: 1.00
2026-08-14 22:04:44 [DEBUG] coder_eval.criteria.run_command: Running command for criterion 'Boolean approval is typed boolean and routed as a boolean (not stringly-typed)': python3 $TASK_DIR/check_quality_boolean_decision.py
2026-08-14 22:04:44 [DEBUG] coder_eval.sandbox: Command 'python3 $TASK_DIR/check_quality_boolean_decision.py' exited with code 0
2026-08-14 22:04:44 [DEBUG] coder_eval.sandbox: STDOUT:
---
OK: VendorApprovalBpmn/VendorApprovalBpmn.bpmn models the approval as a boolean and routes on it as a boolean
---
2026-08-14 22:04:44 [DEBUG] coder_eval.evaluation.checker: Criterion 'run_command' score: 1.00
2026-08-14 22:04:44 [INFO] coder_eval.orchestrator: Success criteria: 3/3 passed, weighted score: 1.000
2026-08-14 22:04:44 [WARNING] coder_eval.orchestrator: Visible turns (38) exceeded expected_turns (24) at iteration 1 for task skill-bpmn-hitl-boolean-decision. Run continues — max_turns remains the hard cap.
2026-08-14 22:04:44 [DEBUG] coder_eval.utils: Resolved @uipath plugin-tools dir=/usr/lib/node_modules/@uipath from `uip` at /usr/lib/node_modules/@uipath/cli/dist/index.js
2026-08-14 22:04:44 [INFO] coder_eval.orchestrator: Running post-run command: find . -maxdepth 5 -type d \( -name node_modules -o -name .npm-prefix -o -name .venv \) -prune -exec rm -rf {} +
2026-08-14 22:04:44 [INFO] coder_eval.orchestrator: Sandbox preserved (in-place): /work/output/artifacts/skill-bpmn-hitl-boolean-decision
2026-08-14 22:04:44 [INFO] coder_eval.orchestrator: Task finished: status=SUCCESS duration=531.5s score=1.000 iterations=1


================================================================================
TASK: default/skill-bpmn-hitl-brownfield-insert/00
================================================================================

2026-08-14 21:55:16 [DEBUG] coder_eval.utils: Resolved @uipath plugin-tools dir=/usr/lib/node_modules/@uipath from `uip` at /usr/lib/node_modules/@uipath/cli/dist/index.js
2026-08-14 21:55:16 [INFO] coder_eval.orchestrator: API routing: aws_bedrock
2026-08-14 21:55:16 [DEBUG] coder_eval.criteria: Discovered 14 criterion checkers
2026-08-14 21:55:16 [DEBUG] coder_eval.criteria: Validated 14 criterion checkers
2026-08-14 21:55:16 [DEBUG] coder_eval.utils: Resolved @uipath plugin-tools dir=/usr/lib/node_modules/@uipath from `uip` at /usr/lib/node_modules/@uipath/cli/dist/index.js
2026-08-14 21:55:16 [DEBUG] coder_eval.orchestrator: Sending prompt: An existing UiPath Maestro BPMN project is at `OrderFulfillmentBpmn/` in the
current directory. Its ...
2026-08-14 21:55:16 [DEBUG] coder_eval.agents.claude_code_agent: [coder] Starting agent query stream...
2026-08-14 21:59:20 [DEBUG] coder_eval.agents.claude_code_agent: [coder] session_id changed: None -> 56194d82-7087-4d34-ba18-ea1010536949
2026-08-14 21:59:20 [DEBUG] coder_eval.agents.claude_code_agent: [coder] Agent query stream ended
2026-08-14 21:59:20 [DEBUG] coder_eval.utils: Resolved @uipath plugin-tools dir=/usr/lib/node_modules/@uipath from `uip` at /usr/lib/node_modules/@uipath/cli/dist/index.js
2026-08-14 21:59:20 [DEBUG] coder_eval.orchestrator: Agent response received (5383 chars)
2026-08-14 21:59:20 [DEBUG] coder_eval.orchestrator: Checking success criteria
2026-08-14 21:59:20 [DEBUG] coder_eval.evaluation.checker: Criterion 'file_exists' score: 1.00
2026-08-14 21:59:20 [DEBUG] coder_eval.evaluation.checker: Criterion 'file_contains' score: 1.00
2026-08-14 21:59:20 [DEBUG] coder_eval.criteria.run_command: Running command for criterion 'HITL spliced in surgically: original IDs/scripts preserved, only the target edge re-routed': python3 $TASK_DIR/check_quality_brownfield_insert.py
2026-08-14 21:59:20 [DEBUG] coder_eval.sandbox: Command 'python3 $TASK_DIR/check_quality_brownfield_insert.py' exited with code 0
2026-08-14 21:59:20 [DEBUG] coder_eval.sandbox: STDOUT:
---
OK: OrderFulfillmentBpmn/OrderFulfillmentBpmn.bpmn spliced the HITL gate in surgically, preserving original structure
---
2026-08-14 21:59:20 [DEBUG] coder_eval.evaluation.checker: Criterion 'run_command' score: 1.00
2026-08-14 21:59:20 [INFO] coder_eval.orchestrator: Success criteria: 3/3 passed, weighted score: 1.000
2026-08-14 21:59:20 [WARNING] coder_eval.orchestrator: Visible turns (27) exceeded expected_turns (22) at iteration 1 for task skill-bpmn-hitl-brownfield-insert. Run continues — max_turns remains the hard cap.
2026-08-14 21:59:20 [DEBUG] coder_eval.utils: Resolved @uipath plugin-tools dir=/usr/lib/node_modules/@uipath from `uip` at /usr/lib/node_modules/@uipath/cli/dist/index.js
2026-08-14 21:59:20 [INFO] coder_eval.orchestrator: Running post-run command: find . -maxdepth 5 -type d \( -name node_modules -o -name .npm-prefix -o -name .venv \) -prune -exec rm -rf {} +
2026-08-14 21:59:20 [INFO] coder_eval.orchestrator: Sandbox preserved (in-place): /work/output/artifacts/skill-bpmn-hitl-brownfield-insert
2026-08-14 21:59:20 [INFO] coder_eval.orchestrator: Task finished: status=SUCCESS duration=245.5s score=1.000 iterations=1


================================================================================
TASK: default/skill-bpmn-hitl-completed-wired/00
================================================================================

2026-08-14 21:48:28 [DEBUG] coder_eval.utils: Resolved @uipath plugin-tools dir=/usr/lib/node_modules/@uipath from `uip` at /usr/lib/node_modules/@uipath/cli/dist/index.js
2026-08-14 21:48:28 [INFO] coder_eval.orchestrator: API routing: aws_bedrock
2026-08-14 21:48:28 [DEBUG] coder_eval.criteria: Discovered 14 criterion checkers
2026-08-14 21:48:28 [DEBUG] coder_eval.criteria: Validated 14 criterion checkers
2026-08-14 21:48:28 [DEBUG] coder_eval.utils: Resolved @uipath plugin-tools dir=/usr/lib/node_modules/@uipath from `uip` at /usr/lib/node_modules/@uipath/cli/dist/index.js
2026-08-14 21:48:29 [DEBUG] coder_eval.orchestrator: Sending prompt: Create a local BPMN project named "PurchaseApprovalBpmn" with this process:
manual start -> HITL app...
2026-08-14 21:48:29 [DEBUG] coder_eval.agents.claude_code_agent: [coder] Starting agent query stream...
2026-08-14 22:03:23 [DEBUG] coder_eval.agents.claude_code_agent: [coder] session_id changed: None -> 6e30f6fd-d932-484f-b3e8-4f75753e6e9a
2026-08-14 22:03:23 [DEBUG] coder_eval.agents.claude_code_agent: [coder] Agent query stream ended
2026-08-14 22:03:24 [DEBUG] coder_eval.utils: Resolved @uipath plugin-tools dir=/usr/lib/node_modules/@uipath from `uip` at /usr/lib/node_modules/@uipath/cli/dist/index.js
2026-08-14 22:03:24 [DEBUG] coder_eval.orchestrator: Agent response received (6015 chars)
2026-08-14 22:03:24 [DEBUG] coder_eval.orchestrator: Checking success criteria
2026-08-14 22:03:24 [DEBUG] coder_eval.evaluation.checker: Criterion 'file_exists' score: 1.00
2026-08-14 22:03:24 [DEBUG] coder_eval.evaluation.checker: Criterion 'file_contains' score: 1.00
2026-08-14 22:03:24 [DEBUG] coder_eval.criteria.run_command: Running command for criterion 'HITL completion is wired to a downstream step that reaches an end event': python3 $TASK_DIR/check_smoke_completed_wired.py
2026-08-14 22:03:24 [DEBUG] coder_eval.sandbox: Command 'python3 $TASK_DIR/check_smoke_completed_wired.py' exited with code 0
2026-08-14 22:03:24 [DEBUG] coder_eval.sandbox: STDOUT:
---
OK: PurchaseApprovalBpmn/PurchaseApprovalBpmn.bpmn wires HITL completion to a downstream step that reaches an end event
---
2026-08-14 22:03:24 [DEBUG] coder_eval.evaluation.checker: Criterion 'run_command' score: 1.00
2026-08-14 22:03:24 [INFO] coder_eval.orchestrator: Success criteria: 3/3 passed, weighted score: 1.000
2026-08-14 22:03:24 [WARNING] coder_eval.orchestrator: Visible turns (59) exceeded expected_turns (18) at iteration 1 for task skill-bpmn-hitl-completed-wired. Run continues — max_turns remains the hard cap.
2026-08-14 22:03:24 [DEBUG] coder_eval.utils: Resolved @uipath plugin-tools dir=/usr/lib/node_modules/@uipath from `uip` at /usr/lib/node_modules/@uipath/cli/dist/index.js
2026-08-14 22:03:24 [INFO] coder_eval.orchestrator: Running post-run command: find . -maxdepth 5 -type d \( -name node_modules -o -name .npm-prefix -o -name .venv \) -prune -exec rm -rf {} +
2026-08-14 22:03:24 [INFO] coder_eval.orchestrator: Sandbox preserved (in-place): /work/output/artifacts/skill-bpmn-hitl-completed-wired
2026-08-14 22:03:24 [INFO] coder_eval.orchestrator: Task finished: status=SUCCESS duration=904.3s score=1.000 iterations=1


================================================================================
TASK: default/skill-bpmn-hitl-multi-outcome-routing/00
================================================================================

2026-08-14 21:52:02 [DEBUG] coder_eval.utils: Resolved @uipath plugin-tools dir=/usr/lib/node_modules/@uipath from `uip` at /usr/lib/node_modules/@uipath/cli/dist/index.js
2026-08-14 21:52:02 [INFO] coder_eval.orchestrator: API routing: aws_bedrock
2026-08-14 21:52:02 [DEBUG] coder_eval.criteria: Discovered 14 criterion checkers
2026-08-14 21:52:02 [DEBUG] coder_eval.criteria: Validated 14 criterion checkers
2026-08-14 21:52:02 [DEBUG] coder_eval.utils: Resolved @uipath plugin-tools dir=/usr/lib/node_modules/@uipath from `uip` at /usr/lib/node_modules/@uipath/cli/dist/index.js
2026-08-14 21:52:02 [DEBUG] coder_eval.orchestrator: Sending prompt: Create a local BPMN project named "LeaveRequestBpmn" with this process:

1. Manual start.
2. HITL us...
2026-08-14 21:52:02 [DEBUG] coder_eval.agents.claude_code_agent: [coder] Starting agent query stream...
2026-08-14 21:55:44 [DEBUG] coder_eval.agents.claude_code_agent: [coder] session_id changed: None -> 13e14db6-a2c9-44f6-9db0-c850911535be
2026-08-14 21:55:44 [DEBUG] coder_eval.agents.claude_code_agent: [coder] Agent query stream ended
2026-08-14 21:55:44 [DEBUG] coder_eval.utils: Resolved @uipath plugin-tools dir=/usr/lib/node_modules/@uipath from `uip` at /usr/lib/node_modules/@uipath/cli/dist/index.js
2026-08-14 21:55:44 [DEBUG] coder_eval.orchestrator: Agent response received (4186 chars)
2026-08-14 21:55:44 [DEBUG] coder_eval.orchestrator: Checking success criteria
2026-08-14 21:55:44 [DEBUG] coder_eval.evaluation.checker: Criterion 'file_exists' score: 1.00
2026-08-14 21:55:44 [DEBUG] coder_eval.evaluation.checker: Criterion 'file_contains' score: 1.00
2026-08-14 21:55:44 [DEBUG] coder_eval.criteria.run_command: Running command for criterion 'HITL outcome routed through an exclusive gateway into three distinct paths': python3 $TASK_DIR/check_smoke_multi_outcome_routing.py
2026-08-14 21:55:44 [DEBUG] coder_eval.sandbox: Command 'python3 $TASK_DIR/check_smoke_multi_outcome_routing.py' exited with code 0
2026-08-14 21:55:44 [DEBUG] coder_eval.sandbox: STDOUT:
---
OK: LeaveRequestBpmn/LeaveRequestBpmn.bpmn routes the HITL outcome into three distinct gateway branches
---
2026-08-14 21:55:44 [DEBUG] coder_eval.evaluation.checker: Criterion 'run_command' score: 1.00
2026-08-14 21:55:44 [INFO] coder_eval.orchestrator: Success criteria: 3/3 passed, weighted score: 1.000
2026-08-14 21:55:44 [DEBUG] coder_eval.utils: Resolved @uipath plugin-tools dir=/usr/lib/node_modules/@uipath from `uip` at /usr/lib/node_modules/@uipath/cli/dist/index.js
2026-08-14 21:55:44 [INFO] coder_eval.orchestrator: Running post-run command: find . -maxdepth 5 -type d \( -name node_modules -o -name .npm-prefix -o -name .venv \) -prune -exec rm -rf {} +
2026-08-14 21:55:44 [INFO] coder_eval.orchestrator: Sandbox preserved (in-place): /work/output/artifacts/skill-bpmn-hitl-multi-outcome-routing
2026-08-14 21:55:44 [INFO] coder_eval.orchestrator: Task finished: status=SUCCESS duration=223.3s score=1.000 iterations=1


================================================================================
TASK: default/skill-bpmn-hitl-result-downstream/00
================================================================================

2026-08-14 21:50:27 [DEBUG] coder_eval.utils: Resolved @uipath plugin-tools dir=/usr/lib/node_modules/@uipath from `uip` at /usr/lib/node_modules/@uipath/cli/dist/index.js
2026-08-14 21:50:27 [INFO] coder_eval.orchestrator: API routing: aws_bedrock
2026-08-14 21:50:27 [DEBUG] coder_eval.criteria: Discovered 14 criterion checkers
2026-08-14 21:50:27 [DEBUG] coder_eval.criteria: Validated 14 criterion checkers
2026-08-14 21:50:27 [DEBUG] coder_eval.utils: Resolved @uipath plugin-tools dir=/usr/lib/node_modules/@uipath from `uip` at /usr/lib/node_modules/@uipath/cli/dist/index.js
2026-08-14 21:50:28 [DEBUG] coder_eval.orchestrator: Sending prompt: Create a local BPMN project named "ExpenseApprovalBpmn" with this process:

1. Manual start.
2. HITL...
2026-08-14 21:50:28 [DEBUG] coder_eval.agents.claude_code_agent: [coder] Starting agent query stream...
2026-08-14 22:01:00 [DEBUG] coder_eval.agents.claude_code_agent: [coder] session_id changed: None -> a66f1f90-cd7c-4116-a246-a995deaa66a5
2026-08-14 22:01:00 [DEBUG] coder_eval.agents.claude_code_agent: [coder] Agent query stream ended
2026-08-14 22:01:00 [DEBUG] coder_eval.utils: Resolved @uipath plugin-tools dir=/usr/lib/node_modules/@uipath from `uip` at /usr/lib/node_modules/@uipath/cli/dist/index.js
2026-08-14 22:01:00 [DEBUG] coder_eval.orchestrator: Agent response received (3859 chars)
2026-08-14 22:01:00 [DEBUG] coder_eval.orchestrator: Checking success criteria
2026-08-14 22:01:00 [DEBUG] coder_eval.evaluation.checker: Criterion 'file_exists' score: 1.00
2026-08-14 22:01:00 [DEBUG] coder_eval.evaluation.checker: Criterion 'file_contains' score: 1.00
2026-08-14 22:01:00 [DEBUG] coder_eval.criteria.run_command: Running command for criterion 'A downstream gateway condition references the HITL output variable': python3 $TASK_DIR/check_quality_result_downstream.py
2026-08-14 22:01:00 [DEBUG] coder_eval.sandbox: Command 'python3 $TASK_DIR/check_quality_result_downstream.py' exited with code 0
2026-08-14 22:01:00 [DEBUG] coder_eval.sandbox: STDOUT:
---
OK: ExpenseApprovalBpmn/ExpenseApprovalBpmn.bpmn routes downstream on the HITL decision variable(s) ['Var_ApprovalDecision']
---
2026-08-14 22:01:00 [DEBUG] coder_eval.evaluation.checker: Criterion 'run_command' score: 1.00
2026-08-14 22:01:00 [INFO] coder_eval.orchestrator: Success criteria: 3/3 passed, weighted score: 1.000
2026-08-14 22:01:00 [WARNING] coder_eval.orchestrator: Visible turns (28) exceeded expected_turns (24) at iteration 1 for task skill-bpmn-hitl-result-downstream. Run continues — max_turns remains the hard cap.
2026-08-14 22:01:00 [DEBUG] coder_eval.utils: Resolved @uipath plugin-tools dir=/usr/lib/node_modules/@uipath from `uip` at /usr/lib/node_modules/@uipath/cli/dist/index.js
2026-08-14 22:01:00 [INFO] coder_eval.orchestrator: Running post-run command: find . -maxdepth 5 -type d \( -name node_modules -o -name .npm-prefix -o -name .venv \) -prune -exec rm -rf {} +
2026-08-14 22:01:00 [INFO] coder_eval.orchestrator: Sandbox preserved (in-place): /work/output/artifacts/skill-bpmn-hitl-result-downstream
2026-08-14 22:01:00 [INFO] coder_eval.orchestrator: Task finished: status=SUCCESS duration=634.0s score=1.000 iterations=1


================================================================================
TASK: default/skill-bpmn-hitl-rpa-wrappers/00
================================================================================

2026-08-14 21:53:49 [DEBUG] coder_eval.utils: Resolved @uipath plugin-tools dir=/usr/lib/node_modules/@uipath from `uip` at /usr/lib/node_modules/@uipath/cli/dist/index.js
2026-08-14 21:53:49 [INFO] coder_eval.orchestrator: API routing: aws_bedrock
2026-08-14 21:53:49 [DEBUG] coder_eval.criteria: Discovered 14 criterion checkers
2026-08-14 21:53:49 [DEBUG] coder_eval.criteria: Validated 14 criterion checkers
2026-08-14 21:53:49 [DEBUG] coder_eval.utils: Resolved @uipath plugin-tools dir=/usr/lib/node_modules/@uipath from `uip` at /usr/lib/node_modules/@uipath/cli/dist/index.js
2026-08-14 21:53:50 [DEBUG] coder_eval.orchestrator: Sending prompt: Create a local BPMN project named "EmployeeAccessBpmn" with this flow:
manual start -> HITL approval...
2026-08-14 21:53:50 [DEBUG] coder_eval.agents.claude_code_agent: [coder] Starting agent query stream...
2026-08-14 21:56:07 [DEBUG] coder_eval.agents.claude_code_agent: [coder] session_id changed: None -> 735e1c65-bdcc-429f-9be1-f8be08dc2a7e
2026-08-14 21:56:07 [DEBUG] coder_eval.agents.claude_code_agent: [coder] Agent query stream ended
2026-08-14 21:56:07 [DEBUG] coder_eval.utils: Resolved @uipath plugin-tools dir=/usr/lib/node_modules/@uipath from `uip` at /usr/lib/node_modules/@uipath/cli/dist/index.js
2026-08-14 21:56:07 [DEBUG] coder_eval.orchestrator: Agent response received (5887 chars)
2026-08-14 21:56:07 [DEBUG] coder_eval.orchestrator: Checking success criteria
2026-08-14 21:56:07 [DEBUG] coder_eval.evaluation.checker: Criterion 'file_exists' score: 1.00
2026-08-14 21:56:07 [DEBUG] coder_eval.criteria.run_command: Running command for criterion 'HITL and RPA wrappers use the documented BPMN element types': python3 $TASK_DIR/check_hitl_rpa_wrappers.py
2026-08-14 21:56:08 [DEBUG] coder_eval.sandbox: Command 'python3 $TASK_DIR/check_hitl_rpa_wrappers.py' exited with code 0
2026-08-14 21:56:08 [DEBUG] coder_eval.sandbox: STDOUT:
---
OK: EmployeeAccessBpmn/EmployeeAccessBpmn.bpmn contains documented HITL and RPA wrappers
---
2026-08-14 21:56:08 [DEBUG] coder_eval.evaluation.checker: Criterion 'run_command' score: 1.00
2026-08-14 21:56:08 [INFO] coder_eval.orchestrator: Success criteria: 2/2 passed, weighted score: 1.000
2026-08-14 21:56:08 [WARNING] coder_eval.orchestrator: Visible turns (21) exceeded expected_turns (14) at iteration 1 for task skill-bpmn-hitl-rpa-wrappers. Run continues — max_turns remains the hard cap.
2026-08-14 21:56:08 [DEBUG] coder_eval.utils: Resolved @uipath plugin-tools dir=/usr/lib/node_modules/@uipath from `uip` at /usr/lib/node_modules/@uipath/cli/dist/index.js
2026-08-14 21:56:08 [INFO] coder_eval.orchestrator: Running post-run command: find . -maxdepth 5 -type d \( -name node_modules -o -name .npm-prefix -o -name .venv \) -prune -exec rm -rf {} +
2026-08-14 21:56:08 [INFO] coder_eval.orchestrator: Sandbox preserved (in-place): /work/output/artifacts/skill-bpmn-hitl-rpa-wrappers
2026-08-14 21:56:08 [INFO] coder_eval.orchestrator: Task finished: status=SUCCESS duration=139.4s score=1.000 iterations=1


================================================================================
TASK: default/skill-bpmn-hitl-schema-design/00
================================================================================

2026-08-14 21:48:30 [DEBUG] coder_eval.utils: Resolved @uipath plugin-tools dir=/usr/lib/node_modules/@uipath from `uip` at /usr/lib/node_modules/@uipath/cli/dist/index.js
2026-08-14 21:48:30 [INFO] coder_eval.orchestrator: API routing: aws_bedrock
2026-08-14 21:48:31 [DEBUG] coder_eval.criteria: Discovered 14 criterion checkers
2026-08-14 21:48:31 [DEBUG] coder_eval.criteria: Validated 14 criterion checkers
2026-08-14 21:48:31 [DEBUG] coder_eval.utils: Resolved @uipath plugin-tools dir=/usr/lib/node_modules/@uipath from `uip` at /usr/lib/node_modules/@uipath/cli/dist/index.js
2026-08-14 21:48:32 [DEBUG] coder_eval.orchestrator: Sending prompt: Create a local BPMN project named "VendorPOReviewBpmn" for purchase-order
review:

- Manual start.
-...
2026-08-14 21:48:32 [DEBUG] coder_eval.agents.claude_code_agent: [coder] Starting agent query stream...
2026-08-14 22:03:32 [DEBUG] coder_eval.orchestrator: [skill-bpmn-hitl-schema-design] Drained partial turn record (attempt 1, iteration 1): 35 commands
2026-08-14 22:03:32 [ERROR] coder_eval.errors.executor: [skill-bpmn-hitl-schema-design] Agent communication failed (non-retryable): agent_timeout - Agent turn timed out after 900s (iteration 1)
2026-08-14 22:03:32 [ERROR] coder_eval.orchestrator: Evaluation failed: Agent turn timed out after 900s (iteration 1)
Traceback (most recent call last):
  File "/usr/local/lib/python3.13/site-packages/anyio/streams/memory.py", line 117, in receive
    return self.receive_nowait()
           ~~~~~~~~~~~~~~~~~~~^^
  File "/usr/local/lib/python3.13/site-packages/anyio/streams/memory.py", line 112, in receive_nowait
    raise WouldBlock
anyio.WouldBlock

During handling of the above exception, another exception occurred:

Traceback (most recent call last):
  File "/opt/coder_eval/src/coder_eval/agents/claude_code_agent.py", line 915, in communicate
    await self._pump_messages(state, query_kwargs, deadline, should_stop)
  File "/opt/coder_eval/src/coder_eval/agents/claude_code_agent.py", line 1025, in _pump_messages
    async for message in query(**query_kwargs):
    ...<8 lines>...
            break
  File "/usr/local/lib/python3.13/site-packages/claude_agent_sdk/query.py", line 123, in query
    async for message in client.process_query(
    ...<2 lines>...
        yield message
  File "/usr/local/lib/python3.13/site-packages/claude_agent_sdk/_internal/client.py", line 75, in process_query
    async for msg in inner:
        yield msg
  File "/usr/local/lib/python3.13/site-packages/claude_agent_sdk/_internal/client.py", line 227, in _process_query_inner
    async for data in query.receive_messages():
    ...<2 lines>...
            yield message
  File "/usr/local/lib/python3.13/site-packages/claude_agent_sdk/_internal/query.py", line 847, in receive_messages
    async for message in self._message_receive:
    ...<6 lines>...
        yield message
  File "/usr/local/lib/python3.13/site-packages/anyio/abc/_streams.py", line 35, in __anext__
    return await self.receive()
           ^^^^^^^^^^^^^^^^^^^^
  File "/usr/local/lib/python3.13/site-packages/anyio/streams/memory.py", line 125, in receive
    await receive_event.wait()
  File "/usr/local/lib/python3.13/site-packages/anyio/_backends/_asyncio.py", line 1804, in wait
    await self._event.wait()
  File "/usr/local/lib/python3.13/asyncio/locks.py", line 213, in wait
    await fut
asyncio.exceptions.CancelledError

During handling of the above exception, another exception occurred:

Traceback (most recent call last):
  File "/opt/coder_eval/src/coder_eval/orchestrator.py", line 475, in run
    success = await self._evaluation_loop()
              ^^^^^^^^^^^^^^^^^^^^^^^^^^^^^
  File "/opt/coder_eval/src/coder_eval/orchestrator.py", line 1387, in _evaluation_loop
    turn_record = await self._communicate_with_retry(
                  ^^^^^^^^^^^^^^^^^^^^^^^^^^^^^^^^^^^
    ...<3 lines>...
    )
    ^
  File "/opt/coder_eval/src/coder_eval/orchestrator.py", line 1263, in _communicate_with_retry
    turn_record = await execute_with_retry(
                  ^^^^^^^^^^^^^^^^^^^^^^^^^
    ...<8 lines>...
    )
    ^
  File "/opt/coder_eval/src/coder_eval/errors/executor.py", line 71, in execute_with_retry
    return await operation()
           ^^^^^^^^^^^^^^^^^
  File "/opt/coder_eval/src/coder_eval/orchestrator.py", line 1245, in _communicate_attempt
    return await asyncio.wait_for(coro, timeout=outer_timeout)
           ^^^^^^^^^^^^^^^^^^^^^^^^^^^^^^^^^^^^^^^^^^^^^^^^^^^
  File "/usr/local/lib/python3.13/asyncio/tasks.py", line 507, in wait_for
    return await fut
           ^^^^^^^^^
  File "/opt/coder_eval/src/coder_eval/agents/claude_code_agent.py", line 927, in communicate
    self._finalize_and_raise_timeout(state.finalize, timeout)
    ~~~~~~~~~~~~~~~~~~~~~~~~~~~~~~~~^^^^^^^^^^^^^^^^^^^^^^^^^
  File "/opt/coder_eval/src/coder_eval/agent.py", line 130, in _finalize_and_raise_timeout
    raise TurnTimeoutError(timeout, iteration=self._iteration)
coder_eval.errors.timeout.TurnTimeoutError: Agent turn timed out after 900s (iteration 1)
2026-08-14 22:03:32 [DEBUG] coder_eval.utils: Resolved @uipath plugin-tools dir=/usr/lib/node_modules/@uipath from `uip` at /usr/lib/node_modules/@uipath/cli/dist/index.js
2026-08-14 22:03:32 [INFO] coder_eval.orchestrator: Running post-run command: find . -maxdepth 5 -type d \( -name node_modules -o -name .npm-prefix -o -name .venv \) -prune -exec rm -rf {} +
2026-08-14 22:03:32 [INFO] coder_eval.orchestrator: Sandbox preserved (in-place): /work/output/artifacts/skill-bpmn-hitl-schema-design
2026-08-14 22:03:32 [INFO] coder_eval.orchestrator: Task finished: status=ERROR duration=909.6s score=0.000 iterations=1


================================================================================
TASK: default/skill-bpmn-http-weather/00
================================================================================

2026-08-14 21:53:27 [DEBUG] coder_eval.utils: Resolved @uipath plugin-tools dir=/usr/lib/node_modules/@uipath from `uip` at /usr/lib/node_modules/@uipath/cli/dist/index.js
2026-08-14 21:53:27 [INFO] coder_eval.orchestrator: API routing: aws_bedrock
2026-08-14 21:53:27 [DEBUG] coder_eval.criteria: Discovered 14 criterion checkers
2026-08-14 21:53:27 [DEBUG] coder_eval.criteria: Validated 14 criterion checkers
2026-08-14 21:53:27 [DEBUG] coder_eval.utils: Resolved @uipath plugin-tools dir=/usr/lib/node_modules/@uipath from `uip` at /usr/lib/node_modules/@uipath/cli/dist/index.js
2026-08-14 21:53:27 [DEBUG] coder_eval.orchestrator: Sending prompt: Load and follow the uipath-maestro-bpmn skill.

Create a local BPMN project named "OpenMeteoWeatherH...
2026-08-14 21:53:27 [DEBUG] coder_eval.agents.claude_code_agent: [coder] Starting agent query stream...
2026-08-14 21:59:36 [DEBUG] coder_eval.agents.claude_code_agent: [coder] session_id changed: None -> 15cfddaa-63ba-4f28-b22d-d07c42c2500c
2026-08-14 22:04:40 [DEBUG] coder_eval.agents.claude_code_agent: [coder] Agent query stream ended
2026-08-14 22:04:40 [DEBUG] coder_eval.utils: Resolved @uipath plugin-tools dir=/usr/lib/node_modules/@uipath from `uip` at /usr/lib/node_modules/@uipath/cli/dist/index.js
2026-08-14 22:04:40 [DEBUG] coder_eval.orchestrator: Agent response received (7836 chars)
2026-08-14 22:04:40 [DEBUG] coder_eval.orchestrator: Checking success criteria
2026-08-14 22:04:40 [DEBUG] coder_eval.evaluation.checker: Criterion 'file_exists' score: 1.00
2026-08-14 22:04:40 [DEBUG] coder_eval.evaluation.checker: Criterion 'file_contains' score: 1.00
2026-08-14 22:04:40 [DEBUG] coder_eval.evaluation.checker: Criterion 'command_executed' score: 1.00
2026-08-14 22:04:40 [DEBUG] coder_eval.criteria.run_command: Running command for criterion 'HTTP sendTask is connectionless manual GET to Open-Meteo with a bound output variable': python3 $TASK_DIR/check_http_weather.py
2026-08-14 22:04:40 [DEBUG] coder_eval.sandbox: Command 'python3 $TASK_DIR/check_http_weather.py' exited with code 0
2026-08-14 22:04:40 [DEBUG] coder_eval.sandbox: STDOUT:
---
OK: OpenMeteoWeatherHttp/OpenMeteoWeatherHttp.bpmn is a connectionless manual GET to Open-Meteo with a bound output
---
2026-08-14 22:04:40 [DEBUG] coder_eval.evaluation.checker: Criterion 'run_command' score: 1.00
2026-08-14 22:04:40 [INFO] coder_eval.orchestrator: Success criteria: 4/4 passed, weighted score: 1.000
2026-08-14 22:04:40 [WARNING] coder_eval.orchestrator: Visible turns (84) exceeded expected_turns (16) at iteration 1 for task skill-bpmn-http-weather. Run continues — max_turns remains the hard cap.
2026-08-14 22:04:40 [DEBUG] coder_eval.utils: Resolved @uipath plugin-tools dir=/usr/lib/node_modules/@uipath from `uip` at /usr/lib/node_modules/@uipath/cli/dist/index.js
2026-08-14 22:04:40 [INFO] coder_eval.orchestrator: Running post-run command: find . -maxdepth 5 -type d \( -name node_modules -o -name .npm-prefix -o -name .venv \) -prune -exec rm -rf {} +
2026-08-14 22:04:40 [INFO] coder_eval.orchestrator: Sandbox preserved (in-place): /work/output/artifacts/skill-bpmn-http-weather
2026-08-14 22:04:40 [INFO] coder_eval.orchestrator: Task finished: status=SUCCESS duration=674.6s score=1.000 iterations=1


================================================================================
TASK: default/skill-bpmn-inclusive-gateway-forkjoin/00
================================================================================

2026-08-14 21:48:27 [DEBUG] coder_eval.utils: Resolved @uipath plugin-tools dir=/usr/lib/node_modules/@uipath from `uip` at /usr/lib/node_modules/@uipath/cli/dist/index.js
2026-08-14 21:48:27 [INFO] coder_eval.orchestrator: API routing: aws_bedrock
2026-08-14 21:48:27 [DEBUG] coder_eval.criteria: Discovered 14 criterion checkers
2026-08-14 21:48:27 [DEBUG] coder_eval.criteria: Validated 14 criterion checkers
2026-08-14 21:48:27 [DEBUG] coder_eval.utils: Resolved @uipath plugin-tools dir=/usr/lib/node_modules/@uipath from `uip` at /usr/lib/node_modules/@uipath/cli/dist/index.js
2026-08-14 21:48:28 [DEBUG] coder_eval.orchestrator: Sending prompt: Load and follow the uipath-maestro-bpmn skill.

Author a single Maestro BPMN file `NotificationFanou...
2026-08-14 21:48:28 [DEBUG] coder_eval.agents.claude_code_agent: [coder] Starting agent query stream...
2026-08-14 21:58:48 [DEBUG] coder_eval.agents.claude_code_agent: [coder] session_id changed: None -> 97c94d9b-7276-4bc6-a0a0-37f41751aada
2026-08-14 21:58:48 [DEBUG] coder_eval.agents.claude_code_agent: [coder] Agent query stream ended
2026-08-14 21:58:48 [DEBUG] coder_eval.utils: Resolved @uipath plugin-tools dir=/usr/lib/node_modules/@uipath from `uip` at /usr/lib/node_modules/@uipath/cli/dist/index.js
2026-08-14 21:58:48 [DEBUG] coder_eval.orchestrator: Agent response received (4704 chars)
2026-08-14 21:58:48 [DEBUG] coder_eval.orchestrator: Checking success criteria
2026-08-14 21:58:48 [DEBUG] coder_eval.evaluation.checker: Criterion 'file_exists' score: 1.00
2026-08-14 21:58:48 [DEBUG] coder_eval.evaluation.checker: Criterion 'command_executed' score: 1.00
2026-08-14 21:58:48 [DEBUG] coder_eval.evaluation.checker: Criterion 'file_contains' score: 1.00
2026-08-14 21:58:48 [DEBUG] coder_eval.criteria.run_command: Running command for criterion 'Conditioned inclusive split rejoins at a real inclusive join (no fake/superfluous gateway), fully shaped': python3 $TASK_DIR/check_inclusive_gateway_forkjoin.py
2026-08-14 21:58:49 [DEBUG] coder_eval.sandbox: Command 'python3 $TASK_DIR/check_inclusive_gateway_forkjoin.py' exited with code 0
2026-08-14 21:58:49 [DEBUG] coder_eval.sandbox: STDOUT:
---
OK: NotificationFanout.bpmn forks on a conditioned inclusive split and rejoins at a real inclusive join
---
2026-08-14 21:58:49 [DEBUG] coder_eval.evaluation.checker: Criterion 'run_command' score: 1.00
2026-08-14 21:58:49 [INFO] coder_eval.orchestrator: Success criteria: 4/4 passed, weighted score: 1.000
2026-08-14 21:58:49 [WARNING] coder_eval.orchestrator: Visible turns (36) exceeded expected_turns (20) at iteration 1 for task skill-bpmn-inclusive-gateway-forkjoin. Run continues — max_turns remains the hard cap.
2026-08-14 21:58:49 [DEBUG] coder_eval.utils: Resolved @uipath plugin-tools dir=/usr/lib/node_modules/@uipath from `uip` at /usr/lib/node_modules/@uipath/cli/dist/index.js
2026-08-14 21:58:49 [INFO] coder_eval.orchestrator: Running post-run command: find . -maxdepth 5 -type d \( -name node_modules -o -name .npm-prefix -o -name .venv \) -prune -exec rm -rf {} +
2026-08-14 21:58:49 [INFO] coder_eval.orchestrator: Sandbox preserved (in-place): /work/output/artifacts/skill-bpmn-inclusive-gateway-forkjoin
2026-08-14 21:58:49 [INFO] coder_eval.orchestrator: Task finished: status=SUCCESS duration=629.2s score=1.000 iterations=1


================================================================================
TASK: default/skill-bpmn-integration-service-boundary/00
================================================================================

2026-08-14 21:52:53 [DEBUG] coder_eval.utils: Resolved @uipath plugin-tools dir=/usr/lib/node_modules/@uipath from `uip` at /usr/lib/node_modules/@uipath/cli/dist/index.js
2026-08-14 21:52:53 [INFO] coder_eval.orchestrator: API routing: aws_bedrock
2026-08-14 21:52:53 [DEBUG] coder_eval.criteria: Discovered 14 criterion checkers
2026-08-14 21:52:53 [DEBUG] coder_eval.criteria: Validated 14 criterion checkers
2026-08-14 21:52:53 [DEBUG] coder_eval.utils: Resolved @uipath plugin-tools dir=/usr/lib/node_modules/@uipath from `uip` at /usr/lib/node_modules/@uipath/cli/dist/index.js
2026-08-14 21:52:54 [DEBUG] coder_eval.orchestrator: Sending prompt: Create a local BPMN draft project named "SlackDigestBoundaryBpmn".
The intended process is:
manual s...
2026-08-14 21:52:54 [DEBUG] coder_eval.agents.claude_code_agent: [coder] Starting agent query stream...
2026-08-14 22:07:23 [DEBUG] coder_eval.agents.claude_code_agent: [coder] session_id changed: None -> 21a6ec1c-2605-45d9-8065-4459009de44e
2026-08-14 22:07:23 [DEBUG] coder_eval.agents.claude_code_agent: [coder] Agent query stream ended
2026-08-14 22:07:23 [DEBUG] coder_eval.utils: Resolved @uipath plugin-tools dir=/usr/lib/node_modules/@uipath from `uip` at /usr/lib/node_modules/@uipath/cli/dist/index.js
2026-08-14 22:07:23 [DEBUG] coder_eval.orchestrator: Agent response received (4984 chars)
2026-08-14 22:07:23 [DEBUG] coder_eval.orchestrator: Checking success criteria
2026-08-14 22:07:23 [DEBUG] coder_eval.evaluation.checker: Criterion 'file_exists' score: 1.00
2026-08-14 22:07:23 [DEBUG] coder_eval.criteria.run_command: Running command for criterion 'Integration Service draft stays inside the CLI-owned boundary': python3 $TASK_DIR/check_integration_service_boundary.py
2026-08-14 22:07:23 [DEBUG] coder_eval.sandbox: Command 'python3 $TASK_DIR/check_integration_service_boundary.py' exited with code 1
2026-08-14 22:07:23 [DEBUG] coder_eval.sandbox: STDERR:
---
FAIL: draft boundary should not hand-author generated package files: ['bindings_v2.json', 'entry-points.json', 'operate.json', 'package-descriptor.json']
---
2026-08-14 22:07:23 [DEBUG] coder_eval.evaluation.checker: Criterion 'run_command' score: 0.00
2026-08-14 22:07:23 [INFO] coder_eval.evaluation.checker: Criterion 'run_command' FAILED (score=0.00, threshold=1.00): Command: python3 $TASK_DIR/check_integration_service_boundary.py
2026-08-14 22:07:23 [INFO] coder_eval.orchestrator: Success criteria: 1/2 passed, weighted score: 0.167
2026-08-14 22:07:23 [WARNING] coder_eval.orchestrator: Visible turns (58) exceeded expected_turns (19) at iteration 1 for task skill-bpmn-integration-service-boundary. Run continues — max_turns remains the hard cap.
2026-08-14 22:07:23 [DEBUG] coder_eval.utils: Resolved @uipath plugin-tools dir=/usr/lib/node_modules/@uipath from `uip` at /usr/lib/node_modules/@uipath/cli/dist/index.js
2026-08-14 22:07:23 [INFO] coder_eval.orchestrator: Running post-run command: find . -maxdepth 5 -type d \( -name node_modules -o -name .npm-prefix -o -name .venv \) -prune -exec rm -rf {} +
2026-08-14 22:07:23 [INFO] coder_eval.orchestrator: Sandbox preserved (in-place): /work/output/artifacts/skill-bpmn-integration-service-boundary
2026-08-14 22:07:23 [INFO] coder_eval.orchestrator: Task finished: status=FAILURE duration=871.4s score=0.167 iterations=1


================================================================================
TASK: default/skill-bpmn-loop-multiply/00
================================================================================

2026-08-14 21:48:29 [DEBUG] coder_eval.utils: Resolved @uipath plugin-tools dir=/usr/lib/node_modules/@uipath from `uip` at /usr/lib/node_modules/@uipath/cli/dist/index.js
2026-08-14 21:48:29 [INFO] coder_eval.orchestrator: API routing: aws_bedrock
2026-08-14 21:48:29 [DEBUG] coder_eval.criteria: Discovered 14 criterion checkers
2026-08-14 21:48:29 [DEBUG] coder_eval.criteria: Validated 14 criterion checkers
2026-08-14 21:48:29 [DEBUG] coder_eval.utils: Resolved @uipath plugin-tools dir=/usr/lib/node_modules/@uipath from `uip` at /usr/lib/node_modules/@uipath/cli/dist/index.js
2026-08-14 21:48:30 [DEBUG] coder_eval.orchestrator: Sending prompt: Load and follow the uipath-maestro-bpmn skill.

Author a local Maestro BPMN project named "LoopMulti...
2026-08-14 21:48:30 [DEBUG] coder_eval.agents.claude_code_agent: [coder] Starting agent query stream...
2026-08-14 22:00:05 [DEBUG] coder_eval.agents.claude_code_agent: [coder] session_id changed: None -> 1a9cd29b-22b0-4f97-92e8-bf2f25da7f6b
2026-08-14 22:00:05 [DEBUG] coder_eval.agents.claude_code_agent: [coder] Agent query stream ended
2026-08-14 22:00:05 [DEBUG] coder_eval.utils: Resolved @uipath plugin-tools dir=/usr/lib/node_modules/@uipath from `uip` at /usr/lib/node_modules/@uipath/cli/dist/index.js
2026-08-14 22:00:05 [DEBUG] coder_eval.orchestrator: Agent response received (3787 chars)
2026-08-14 22:00:05 [DEBUG] coder_eval.orchestrator: Checking success criteria
2026-08-14 22:00:05 [DEBUG] coder_eval.evaluation.checker: Criterion 'file_exists' score: 1.00
2026-08-14 22:00:05 [DEBUG] coder_eval.evaluation.checker: Criterion 'file_contains' score: 1.00
2026-08-14 22:00:05 [DEBUG] coder_eval.criteria.run_command: Running command for criterion 'BPMN has a sequential multi-instance marker with a bound collection and valid DI': python3 $TASK_DIR/check_loop_multiply.py
2026-08-14 22:00:05 [DEBUG] coder_eval.sandbox: Command 'python3 $TASK_DIR/check_loop_multiply.py' exited with code 0
2026-08-14 22:00:05 [DEBUG] coder_eval.sandbox: STDOUT:
---
OK: LoopMultiplyBpmn/LoopMultiplyBpmn.bpmn multiplies a collection through a sequential multi-instance marker
---
2026-08-14 22:00:05 [DEBUG] coder_eval.evaluation.checker: Criterion 'run_command' score: 1.00
2026-08-14 22:00:05 [INFO] coder_eval.orchestrator: Success criteria: 3/3 passed, weighted score: 1.000
2026-08-14 22:00:05 [WARNING] coder_eval.orchestrator: Visible turns (61) exceeded expected_turns (22) at iteration 1 for task skill-bpmn-loop-multiply. Run continues — max_turns remains the hard cap.
2026-08-14 22:00:05 [DEBUG] coder_eval.utils: Resolved @uipath plugin-tools dir=/usr/lib/node_modules/@uipath from `uip` at /usr/lib/node_modules/@uipath/cli/dist/index.js
2026-08-14 22:00:05 [INFO] coder_eval.orchestrator: Running post-run command: find . -maxdepth 5 -type d \( -name node_modules -o -name .npm-prefix -o -name .venv \) -prune -exec rm -rf {} +
2026-08-14 22:00:05 [INFO] coder_eval.orchestrator: Sandbox preserved (in-place): /work/output/artifacts/skill-bpmn-loop-multiply
2026-08-14 22:00:05 [INFO] coder_eval.orchestrator: Task finished: status=SUCCESS duration=704.4s score=1.000 iterations=1


================================================================================
TASK: default/skill-bpmn-message-catch/00
================================================================================

2026-08-14 21:53:14 [DEBUG] coder_eval.utils: Resolved @uipath plugin-tools dir=/usr/lib/node_modules/@uipath from `uip` at /usr/lib/node_modules/@uipath/cli/dist/index.js
2026-08-14 21:53:14 [INFO] coder_eval.orchestrator: API routing: aws_bedrock
2026-08-14 21:53:14 [DEBUG] coder_eval.criteria: Discovered 14 criterion checkers
2026-08-14 21:53:14 [DEBUG] coder_eval.criteria: Validated 14 criterion checkers
2026-08-14 21:53:14 [DEBUG] coder_eval.utils: Resolved @uipath plugin-tools dir=/usr/lib/node_modules/@uipath from `uip` at /usr/lib/node_modules/@uipath/cli/dist/index.js
2026-08-14 21:53:14 [DEBUG] coder_eval.orchestrator: Sending prompt: Load and follow the uipath-maestro-bpmn skill.

Create a local BPMN project named "AwaitApprovalMess...
2026-08-14 21:53:14 [DEBUG] coder_eval.agents.claude_code_agent: [coder] Starting agent query stream...
2026-08-14 21:55:34 [DEBUG] coder_eval.agents.claude_code_agent: [coder] session_id changed: None -> dfb8d680-a46e-4172-9a9a-51a9d679efc5
2026-08-14 21:55:34 [DEBUG] coder_eval.agents.claude_code_agent: [coder] Agent query stream ended
2026-08-14 21:55:34 [DEBUG] coder_eval.utils: Resolved @uipath plugin-tools dir=/usr/lib/node_modules/@uipath from `uip` at /usr/lib/node_modules/@uipath/cli/dist/index.js
2026-08-14 21:55:34 [DEBUG] coder_eval.orchestrator: Agent response received (3360 chars)
2026-08-14 21:55:34 [DEBUG] coder_eval.orchestrator: Checking success criteria
2026-08-14 21:55:34 [DEBUG] coder_eval.evaluation.checker: Criterion 'file_exists' score: 1.00
2026-08-14 21:55:34 [DEBUG] coder_eval.evaluation.checker: Criterion 'command_executed' score: 1.00
2026-08-14 21:55:34 [DEBUG] coder_eval.criteria.run_command: Running command for criterion 'Receive-message wait is a mid-flow intermediate catch event with the start preserved': python3 $TASK_DIR/check_message_catch.py
2026-08-14 21:55:34 [DEBUG] coder_eval.sandbox: Command 'python3 $TASK_DIR/check_message_catch.py' exited with code 0
2026-08-14 21:55:34 [DEBUG] coder_eval.sandbox: STDOUT:
---
OK: AwaitApprovalMessage/AwaitApprovalMessage.bpmn waits mid-flow on a receive-message catch event with the start preserved
---
2026-08-14 21:55:34 [DEBUG] coder_eval.evaluation.checker: Criterion 'run_command' score: 1.00
2026-08-14 21:55:34 [INFO] coder_eval.orchestrator: Success criteria: 3/3 passed, weighted score: 1.000
2026-08-14 21:55:34 [WARNING] coder_eval.orchestrator: Visible turns (17) exceeded expected_turns (16) at iteration 1 for task skill-bpmn-message-catch. Run continues — max_turns remains the hard cap.
2026-08-14 21:55:34 [DEBUG] coder_eval.utils: Resolved @uipath plugin-tools dir=/usr/lib/node_modules/@uipath from `uip` at /usr/lib/node_modules/@uipath/cli/dist/index.js
2026-08-14 21:55:34 [INFO] coder_eval.orchestrator: Running post-run command: find . -maxdepth 5 -type d \( -name node_modules -o -name .npm-prefix -o -name .venv \) -prune -exec rm -rf {} +
2026-08-14 21:55:34 [INFO] coder_eval.orchestrator: Sandbox preserved (in-place): /work/output/artifacts/skill-bpmn-message-catch
2026-08-14 21:55:34 [INFO] coder_eval.orchestrator: Task finished: status=SUCCESS duration=141.6s score=1.000 iterations=1


================================================================================
TASK: default/skill-bpmn-message-send-receive-pair/00
================================================================================

2026-08-14 21:51:09 [DEBUG] coder_eval.utils: Resolved @uipath plugin-tools dir=/usr/lib/node_modules/@uipath from `uip` at /usr/lib/node_modules/@uipath/cli/dist/index.js
2026-08-14 21:51:09 [INFO] coder_eval.orchestrator: API routing: aws_bedrock
2026-08-14 21:51:09 [DEBUG] coder_eval.criteria: Discovered 14 criterion checkers
2026-08-14 21:51:09 [DEBUG] coder_eval.criteria: Validated 14 criterion checkers
2026-08-14 21:51:09 [DEBUG] coder_eval.utils: Resolved @uipath plugin-tools dir=/usr/lib/node_modules/@uipath from `uip` at /usr/lib/node_modules/@uipath/cli/dist/index.js
2026-08-14 21:51:09 [DEBUG] coder_eval.orchestrator: Sending prompt: Load and follow the uipath-maestro-bpmn skill.

Author a single Maestro BPMN file `OrderCoordination...
2026-08-14 21:51:09 [DEBUG] coder_eval.agents.claude_code_agent: [coder] Starting agent query stream...
2026-08-14 22:06:09 [DEBUG] coder_eval.orchestrator: [skill-bpmn-message-send-receive-pair] Drained partial turn record (attempt 1, iteration 1): 70 commands
2026-08-14 22:06:09 [ERROR] coder_eval.errors.executor: [skill-bpmn-message-send-receive-pair] Agent communication failed (non-retryable): agent_timeout - Agent turn timed out after 900s (iteration 1)
2026-08-14 22:06:09 [ERROR] coder_eval.orchestrator: Evaluation failed: Agent turn timed out after 900s (iteration 1)
Traceback (most recent call last):
  File "/usr/local/lib/python3.13/site-packages/anyio/streams/memory.py", line 117, in receive
    return self.receive_nowait()
           ~~~~~~~~~~~~~~~~~~~^^
  File "/usr/local/lib/python3.13/site-packages/anyio/streams/memory.py", line 112, in receive_nowait
    raise WouldBlock
anyio.WouldBlock

During handling of the above exception, another exception occurred:

Traceback (most recent call last):
  File "/opt/coder_eval/src/coder_eval/agents/claude_code_agent.py", line 915, in communicate
    await self._pump_messages(state, query_kwargs, deadline, should_stop)
  File "/opt/coder_eval/src/coder_eval/agents/claude_code_agent.py", line 1025, in _pump_messages
    async for message in query(**query_kwargs):
    ...<8 lines>...
            break
  File "/usr/local/lib/python3.13/site-packages/claude_agent_sdk/query.py", line 123, in query
    async for message in client.process_query(
    ...<2 lines>...
        yield message
  File "/usr/local/lib/python3.13/site-packages/claude_agent_sdk/_internal/client.py", line 75, in process_query
    async for msg in inner:
        yield msg
  File "/usr/local/lib/python3.13/site-packages/claude_agent_sdk/_internal/client.py", line 227, in _process_query_inner
    async for data in query.receive_messages():
    ...<2 lines>...
            yield message
  File "/usr/local/lib/python3.13/site-packages/claude_agent_sdk/_internal/query.py", line 847, in receive_messages
    async for message in self._message_receive:
    ...<6 lines>...
        yield message
  File "/usr/local/lib/python3.13/site-packages/anyio/abc/_streams.py", line 35, in __anext__
    return await self.receive()
           ^^^^^^^^^^^^^^^^^^^^
  File "/usr/local/lib/python3.13/site-packages/anyio/streams/memory.py", line 125, in receive
    await receive_event.wait()
  File "/usr/local/lib/python3.13/site-packages/anyio/_backends/_asyncio.py", line 1804, in wait
    await self._event.wait()
  File "/usr/local/lib/python3.13/asyncio/locks.py", line 213, in wait
    await fut
asyncio.exceptions.CancelledError

During handling of the above exception, another exception occurred:

Traceback (most recent call last):
  File "/opt/coder_eval/src/coder_eval/orchestrator.py", line 475, in run
    success = await self._evaluation_loop()
              ^^^^^^^^^^^^^^^^^^^^^^^^^^^^^
  File "/opt/coder_eval/src/coder_eval/orchestrator.py", line 1387, in _evaluation_loop
    turn_record = await self._communicate_with_retry(
                  ^^^^^^^^^^^^^^^^^^^^^^^^^^^^^^^^^^^
    ...<3 lines>...
    )
    ^
  File "/opt/coder_eval/src/coder_eval/orchestrator.py", line 1263, in _communicate_with_retry
    turn_record = await execute_with_retry(
                  ^^^^^^^^^^^^^^^^^^^^^^^^^
    ...<8 lines>...
    )
    ^
  File "/opt/coder_eval/src/coder_eval/errors/executor.py", line 71, in execute_with_retry
    return await operation()
           ^^^^^^^^^^^^^^^^^
  File "/opt/coder_eval/src/coder_eval/orchestrator.py", line 1245, in _communicate_attempt
    return await asyncio.wait_for(coro, timeout=outer_timeout)
           ^^^^^^^^^^^^^^^^^^^^^^^^^^^^^^^^^^^^^^^^^^^^^^^^^^^
  File "/usr/local/lib/python3.13/asyncio/tasks.py", line 507, in wait_for
    return await fut
           ^^^^^^^^^
  File "/opt/coder_eval/src/coder_eval/agents/claude_code_agent.py", line 927, in communicate
    self._finalize_and_raise_timeout(state.finalize, timeout)
    ~~~~~~~~~~~~~~~~~~~~~~~~~~~~~~~~^^^^^^^^^^^^^^^^^^^^^^^^^
  File "/opt/coder_eval/src/coder_eval/agent.py", line 130, in _finalize_and_raise_timeout
    raise TurnTimeoutError(timeout, iteration=self._iteration)
coder_eval.errors.timeout.TurnTimeoutError: Agent turn timed out after 900s (iteration 1)
2026-08-14 22:06:09 [DEBUG] coder_eval.utils: Resolved @uipath plugin-tools dir=/usr/lib/node_modules/@uipath from `uip` at /usr/lib/node_modules/@uipath/cli/dist/index.js
2026-08-14 22:06:09 [INFO] coder_eval.orchestrator: Running post-run command: find . -maxdepth 5 -type d \( -name node_modules -o -name .npm-prefix -o -name .venv \) -prune -exec rm -rf {} +
2026-08-14 22:06:09 [INFO] coder_eval.orchestrator: Sandbox preserved (in-place): /work/output/artifacts/skill-bpmn-message-send-receive-pair
2026-08-14 22:06:09 [INFO] coder_eval.orchestrator: Task finished: status=ERROR duration=901.6s score=0.000 iterations=1


================================================================================
TASK: default/skill-bpmn-multi-city-weather/00
================================================================================

2026-08-14 21:48:31 [DEBUG] coder_eval.utils: Resolved @uipath plugin-tools dir=/usr/lib/node_modules/@uipath from `uip` at /usr/lib/node_modules/@uipath/cli/dist/index.js
2026-08-14 21:48:31 [INFO] coder_eval.orchestrator: API routing: aws_bedrock
2026-08-14 21:48:31 [DEBUG] coder_eval.criteria: Discovered 14 criterion checkers
2026-08-14 21:48:31 [DEBUG] coder_eval.criteria: Validated 14 criterion checkers
2026-08-14 21:48:31 [DEBUG] coder_eval.utils: Resolved @uipath plugin-tools dir=/usr/lib/node_modules/@uipath from `uip` at /usr/lib/node_modules/@uipath/cli/dist/index.js
2026-08-14 21:48:32 [DEBUG] coder_eval.orchestrator: Sending prompt: Load and follow the uipath-maestro-bpmn skill.

Author a local Maestro BPMN project named "MultiCity...
2026-08-14 21:48:32 [DEBUG] coder_eval.agents.claude_code_agent: [coder] Starting agent query stream...
2026-08-14 21:58:53 [DEBUG] coder_eval.agents.claude_code_agent: [coder] session_id changed: None -> cabef000-6976-46f0-b69a-77f066628ece
2026-08-14 21:58:53 [DEBUG] coder_eval.agents.claude_code_agent: [coder] Agent query stream ended
2026-08-14 21:58:53 [DEBUG] coder_eval.utils: Resolved @uipath plugin-tools dir=/usr/lib/node_modules/@uipath from `uip` at /usr/lib/node_modules/@uipath/cli/dist/index.js
2026-08-14 21:58:53 [DEBUG] coder_eval.orchestrator: Agent response received (5205 chars)
2026-08-14 21:58:53 [DEBUG] coder_eval.orchestrator: Checking success criteria
2026-08-14 21:58:53 [DEBUG] coder_eval.evaluation.checker: Criterion 'file_exists' score: 1.00
2026-08-14 21:58:53 [DEBUG] coder_eval.evaluation.checker: Criterion 'file_contains' score: 1.00
2026-08-14 21:58:53 [DEBUG] coder_eval.criteria.run_command: Running command for criterion 'BPMN has a parallel multi-instance marker with a bound cities collection and valid DI': python3 $TASK_DIR/check_multi_city_weather.py
2026-08-14 21:58:53 [DEBUG] coder_eval.sandbox: Command 'python3 $TASK_DIR/check_multi_city_weather.py' exited with code 0
2026-08-14 21:58:53 [DEBUG] coder_eval.sandbox: STDOUT:
---
OK: MultiCityWeatherBpmn/MultiCityWeatherBpmn.bpmn classifies cities through a parallel multi-instance script task
---
2026-08-14 21:58:53 [DEBUG] coder_eval.evaluation.checker: Criterion 'run_command' score: 1.00
2026-08-14 21:58:53 [INFO] coder_eval.orchestrator: Success criteria: 3/3 passed, weighted score: 1.000
2026-08-14 21:58:53 [WARNING] coder_eval.orchestrator: Visible turns (56) exceeded expected_turns (22) at iteration 1 for task skill-bpmn-multi-city-weather. Run continues — max_turns remains the hard cap.
2026-08-14 21:58:53 [DEBUG] coder_eval.utils: Resolved @uipath plugin-tools dir=/usr/lib/node_modules/@uipath from `uip` at /usr/lib/node_modules/@uipath/cli/dist/index.js
2026-08-14 21:58:53 [INFO] coder_eval.orchestrator: Running post-run command: find . -maxdepth 5 -type d \( -name node_modules -o -name .npm-prefix -o -name .venv \) -prune -exec rm -rf {} +
2026-08-14 21:58:53 [INFO] coder_eval.orchestrator: Sandbox preserved (in-place): /work/output/artifacts/skill-bpmn-multi-city-weather
2026-08-14 21:58:53 [INFO] coder_eval.orchestrator: Task finished: status=SUCCESS duration=631.3s score=1.000 iterations=1


================================================================================
TASK: default/skill-bpmn-operate-diagnose-minimal-fault-triage/00
================================================================================

2026-08-14 21:48:31 [DEBUG] coder_eval.utils: Resolved @uipath plugin-tools dir=/usr/lib/node_modules/@uipath from `uip` at /usr/lib/node_modules/@uipath/cli/dist/index.js
2026-08-14 21:48:31 [INFO] coder_eval.orchestrator: API routing: aws_bedrock
2026-08-14 21:48:31 [DEBUG] coder_eval.criteria: Discovered 14 criterion checkers
2026-08-14 21:48:31 [DEBUG] coder_eval.criteria: Validated 14 criterion checkers
2026-08-14 21:48:31 [DEBUG] coder_eval.utils: Resolved @uipath plugin-tools dir=/usr/lib/node_modules/@uipath from `uip` at /usr/lib/node_modules/@uipath/cli/dist/index.js
2026-08-14 21:48:32 [DEBUG] coder_eval.orchestrator: Sending prompt: A UiPath Maestro BPMN process run failed. Diagnose it using the mocked `uip`
CLI responses already a...
2026-08-14 21:48:32 [DEBUG] coder_eval.agents.claude_code_agent: [coder] Starting agent query stream...
2026-08-14 21:50:18 [DEBUG] coder_eval.agents.claude_code_agent: [coder] session_id changed: None -> 38db86ff-5eb1-4efc-b215-8e05cf5e9e6c
2026-08-14 21:50:18 [DEBUG] coder_eval.agents.claude_code_agent: [coder] Agent query stream ended
2026-08-14 21:50:18 [DEBUG] coder_eval.utils: `uip` at /work/output/artifacts/skill-bpmn-operate-diagnose-minimal-fault-triage/mocks/uip is not inside a recognizable node_modules/@uipath tree
2026-08-14 21:50:18 [DEBUG] coder_eval.orchestrator: Agent response received (3609 chars)
2026-08-14 21:50:18 [DEBUG] coder_eval.orchestrator: Checking success criteria
2026-08-14 21:50:18 [DEBUG] coder_eval.evaluation.checker: Criterion 'command_executed' score: 1.00
2026-08-14 21:50:18 [DEBUG] coder_eval.evaluation.checker: Criterion 'command_executed' score: 1.00
2026-08-14 21:50:18 [DEBUG] coder_eval.evaluation.checker: Criterion 'command_executed' score: 1.00
2026-08-14 21:50:18 [DEBUG] coder_eval.evaluation.checker: Criterion 'command_executed' score: 1.00
2026-08-14 21:50:18 [DEBUG] coder_eval.evaluation.checker: Criterion 'file_contains' score: 1.00
2026-08-14 21:50:18 [DEBUG] coder_eval.evaluation.judge_context: judge_context: include_reference=True but reference not set
2026-08-14 21:50:24 [DEBUG] coder_eval.evaluation.checker: Criterion 'llm_judge' score: 1.00
2026-08-14 21:50:24 [INFO] coder_eval.orchestrator: Success criteria: 6/6 passed, weighted score: 1.000
2026-08-14 21:50:24 [DEBUG] coder_eval.utils: `uip` at /work/output/artifacts/skill-bpmn-operate-diagnose-minimal-fault-triage/mocks/uip is not inside a recognizable node_modules/@uipath tree
2026-08-14 21:50:24 [INFO] coder_eval.orchestrator: Running post-run command: find . -maxdepth 5 -type d \( -name node_modules -o -name .npm-prefix -o -name .venv \) -prune -exec rm -rf {} +
2026-08-14 21:50:24 [INFO] coder_eval.orchestrator: Sandbox preserved (in-place): /work/output/artifacts/skill-bpmn-operate-diagnose-minimal-fault-triage
2026-08-14 21:50:24 [INFO] coder_eval.orchestrator: Task finished: status=SUCCESS duration=122.3s score=1.000 iterations=1
2026-08-14 21:50:24 [DEBUG] coder_eval.evaluation.judge_persistence: spilled 1 judge transcript(s) to /work/output


================================================================================
TASK: default/skill-bpmn-parallel-fork-join/00
================================================================================

2026-08-14 21:48:27 [DEBUG] coder_eval.utils: Resolved @uipath plugin-tools dir=/usr/lib/node_modules/@uipath from `uip` at /usr/lib/node_modules/@uipath/cli/dist/index.js
2026-08-14 21:48:27 [INFO] coder_eval.orchestrator: API routing: aws_bedrock
2026-08-14 21:48:28 [DEBUG] coder_eval.criteria: Discovered 14 criterion checkers
2026-08-14 21:48:28 [DEBUG] coder_eval.criteria: Validated 14 criterion checkers
2026-08-14 21:48:28 [DEBUG] coder_eval.utils: Resolved @uipath plugin-tools dir=/usr/lib/node_modules/@uipath from `uip` at /usr/lib/node_modules/@uipath/cli/dist/index.js
2026-08-14 21:48:29 [DEBUG] coder_eval.orchestrator: Sending prompt: Load and follow the uipath-maestro-bpmn skill.

Author a single Maestro BPMN file `ParallelSync.bpmn...
2026-08-14 21:48:29 [DEBUG] coder_eval.agents.claude_code_agent: [coder] Starting agent query stream...
2026-08-14 21:49:34 [DEBUG] coder_eval.agents.claude_code_agent: [coder] session_id changed: None -> 2b0465c6-92b6-4cf4-acbc-4c7ac2bd2db3
2026-08-14 21:49:34 [DEBUG] coder_eval.agents.claude_code_agent: [coder] Agent query stream ended
2026-08-14 21:49:34 [DEBUG] coder_eval.utils: Resolved @uipath plugin-tools dir=/usr/lib/node_modules/@uipath from `uip` at /usr/lib/node_modules/@uipath/cli/dist/index.js
2026-08-14 21:49:34 [DEBUG] coder_eval.orchestrator: Agent response received (2759 chars)
2026-08-14 21:49:34 [DEBUG] coder_eval.orchestrator: Checking success criteria
2026-08-14 21:49:34 [DEBUG] coder_eval.evaluation.checker: Criterion 'file_exists' score: 1.00
2026-08-14 21:49:34 [DEBUG] coder_eval.evaluation.checker: Criterion 'file_contains' score: 1.00
2026-08-14 21:49:34 [DEBUG] coder_eval.criteria.run_command: Running command for criterion 'BPMN forks into >=2 distinct parallel branches and synchronizes them at a join gateway, with full DI': python3 $TASK_DIR/check_fork_join.py
2026-08-14 21:49:34 [DEBUG] coder_eval.sandbox: Command 'python3 $TASK_DIR/check_fork_join.py' exited with code 0
2026-08-14 21:49:34 [DEBUG] coder_eval.sandbox: STDOUT:
---
OK: ParallelSync.bpmn forks into parallel branches and synchronizes them at a join gateway
---
2026-08-14 21:49:34 [DEBUG] coder_eval.evaluation.checker: Criterion 'run_command' score: 1.00
2026-08-14 21:49:34 [INFO] coder_eval.orchestrator: Success criteria: 3/3 passed, weighted score: 1.000
2026-08-14 21:49:34 [DEBUG] coder_eval.utils: Resolved @uipath plugin-tools dir=/usr/lib/node_modules/@uipath from `uip` at /usr/lib/node_modules/@uipath/cli/dist/index.js
2026-08-14 21:49:34 [INFO] coder_eval.orchestrator: Running post-run command: find . -maxdepth 5 -type d \( -name node_modules -o -name .npm-prefix -o -name .venv \) -prune -exec rm -rf {} +
2026-08-14 21:49:34 [INFO] coder_eval.orchestrator: Sandbox preserved (in-place): /work/output/artifacts/skill-bpmn-parallel-fork-join
2026-08-14 21:49:34 [INFO] coder_eval.orchestrator: Task finished: status=SUCCESS duration=74.0s score=1.000 iterations=1


================================================================================
TASK: default/skill-bpmn-queue-create-and-wait/00
================================================================================

2026-08-14 21:51:03 [DEBUG] coder_eval.utils: Resolved @uipath plugin-tools dir=/usr/lib/node_modules/@uipath from `uip` at /usr/lib/node_modules/@uipath/cli/dist/index.js
2026-08-14 21:51:03 [INFO] coder_eval.orchestrator: API routing: aws_bedrock
2026-08-14 21:51:03 [DEBUG] coder_eval.criteria: Discovered 14 criterion checkers
2026-08-14 21:51:03 [DEBUG] coder_eval.criteria: Validated 14 criterion checkers
2026-08-14 21:51:03 [DEBUG] coder_eval.utils: Resolved @uipath plugin-tools dir=/usr/lib/node_modules/@uipath from `uip` at /usr/lib/node_modules/@uipath/cli/dist/index.js
2026-08-14 21:51:03 [DEBUG] coder_eval.orchestrator: Sending prompt: Load and follow the uipath-maestro-bpmn skill.

Author a local Maestro BPMN project named "QueueCrea...
2026-08-14 21:51:03 [DEBUG] coder_eval.agents.claude_code_agent: [coder] Starting agent query stream...
2026-08-14 21:59:24 [DEBUG] coder_eval.agents.claude_code_agent: [coder] session_id changed: None -> a909d0fe-fa32-477a-8526-756be37e1e40
2026-08-14 21:59:24 [DEBUG] coder_eval.agents.claude_code_agent: [coder] Agent query stream ended
2026-08-14 21:59:24 [DEBUG] coder_eval.utils: Resolved @uipath plugin-tools dir=/usr/lib/node_modules/@uipath from `uip` at /usr/lib/node_modules/@uipath/cli/dist/index.js
2026-08-14 21:59:24 [DEBUG] coder_eval.orchestrator: Agent response received (5715 chars)
2026-08-14 21:59:24 [DEBUG] coder_eval.orchestrator: Checking success criteria
2026-08-14 21:59:24 [DEBUG] coder_eval.evaluation.checker: Criterion 'file_exists' score: 1.00
2026-08-14 21:59:24 [DEBUG] coder_eval.evaluation.checker: Criterion 'command_executed' score: 1.00
2026-08-14 21:59:24 [DEBUG] coder_eval.criteria.run_command: Running command for criterion 'CreateAndWaitForQueueItem hosted on a serviceTask with bound input + captured output': python3 $TASK_DIR/check_queue_create_and_wait.py
2026-08-14 21:59:24 [DEBUG] coder_eval.sandbox: Command 'python3 $TASK_DIR/check_queue_create_and_wait.py' exited with code 0
2026-08-14 21:59:24 [DEBUG] coder_eval.sandbox: STDOUT:
---
OK: QueueCreateAndWaitBpmn/QueueCreateAndWaitBpmn.bpmn hosts Orchestrator.CreateAndWaitForQueueItem on a serviceTask with bound input and captured output
---
2026-08-14 21:59:24 [DEBUG] coder_eval.evaluation.checker: Criterion 'run_command' score: 1.00
2026-08-14 21:59:24 [INFO] coder_eval.orchestrator: Success criteria: 3/3 passed, weighted score: 1.000
2026-08-14 21:59:24 [WARNING] coder_eval.orchestrator: Visible turns (42) exceeded expected_turns (18) at iteration 1 for task skill-bpmn-queue-create-and-wait. Run continues — max_turns remains the hard cap.
2026-08-14 21:59:24 [DEBUG] coder_eval.utils: Resolved @uipath plugin-tools dir=/usr/lib/node_modules/@uipath from `uip` at /usr/lib/node_modules/@uipath/cli/dist/index.js
2026-08-14 21:59:24 [INFO] coder_eval.orchestrator: Running post-run command: find . -maxdepth 5 -type d \( -name node_modules -o -name .npm-prefix -o -name .venv \) -prune -exec rm -rf {} +
2026-08-14 21:59:24 [INFO] coder_eval.orchestrator: Sandbox preserved (in-place): /work/output/artifacts/skill-bpmn-queue-create-and-wait
2026-08-14 21:59:24 [INFO] coder_eval.orchestrator: Task finished: status=SUCCESS duration=501.9s score=1.000 iterations=1


================================================================================
TASK: default/skill-bpmn-reading-list/00
================================================================================

2026-08-14 21:55:50 [DEBUG] coder_eval.utils: Resolved @uipath plugin-tools dir=/usr/lib/node_modules/@uipath from `uip` at /usr/lib/node_modules/@uipath/cli/dist/index.js
2026-08-14 21:55:50 [INFO] coder_eval.orchestrator: API routing: aws_bedrock
2026-08-14 21:55:50 [DEBUG] coder_eval.criteria: Discovered 14 criterion checkers
2026-08-14 21:55:50 [DEBUG] coder_eval.criteria: Validated 14 criterion checkers
2026-08-14 21:55:50 [DEBUG] coder_eval.utils: Resolved @uipath plugin-tools dir=/usr/lib/node_modules/@uipath from `uip` at /usr/lib/node_modules/@uipath/cli/dist/index.js
2026-08-14 21:55:50 [DEBUG] coder_eval.orchestrator: Sending prompt: Load and follow the uipath-maestro-bpmn skill.

Author a local Maestro BPMN project named "ReadingLi...
2026-08-14 21:55:50 [DEBUG] coder_eval.agents.claude_code_agent: [coder] Starting agent query stream...
2026-08-14 22:02:29 [DEBUG] coder_eval.agents.claude_code_agent: [coder] session_id changed: None -> f8402c78-72dd-46b3-aa57-35923bfeb574
2026-08-14 22:02:29 [DEBUG] coder_eval.agents.claude_code_agent: [coder] Agent query stream ended
2026-08-14 22:02:29 [DEBUG] coder_eval.utils: Resolved @uipath plugin-tools dir=/usr/lib/node_modules/@uipath from `uip` at /usr/lib/node_modules/@uipath/cli/dist/index.js
2026-08-14 22:02:29 [DEBUG] coder_eval.orchestrator: Agent response received (4489 chars)
2026-08-14 22:02:29 [DEBUG] coder_eval.orchestrator: Checking success criteria
2026-08-14 22:02:29 [DEBUG] coder_eval.evaluation.checker: Criterion 'file_exists' score: 1.00
2026-08-14 22:02:29 [DEBUG] coder_eval.criteria.run_command: Running command for criterion 'BPMN has distinct filter and map script tasks over the catalog and valid DI': python3 $TASK_DIR/check_reading_list.py
2026-08-14 22:02:29 [DEBUG] coder_eval.sandbox: Command 'python3 $TASK_DIR/check_reading_list.py' exited with code 0
2026-08-14 22:02:29 [DEBUG] coder_eval.sandbox: STDOUT:
---
OK: ReadingListBpmn/ReadingListBpmn.bpmn curates the catalog through distinct filter and map script tasks
---
2026-08-14 22:02:29 [DEBUG] coder_eval.evaluation.checker: Criterion 'run_command' score: 1.00
2026-08-14 22:02:29 [INFO] coder_eval.orchestrator: Success criteria: 2/2 passed, weighted score: 1.000
2026-08-14 22:02:29 [WARNING] coder_eval.orchestrator: Visible turns (40) exceeded expected_turns (22) at iteration 1 for task skill-bpmn-reading-list. Run continues — max_turns remains the hard cap.
2026-08-14 22:02:29 [DEBUG] coder_eval.utils: Resolved @uipath plugin-tools dir=/usr/lib/node_modules/@uipath from `uip` at /usr/lib/node_modules/@uipath/cli/dist/index.js
2026-08-14 22:02:29 [INFO] coder_eval.orchestrator: Running post-run command: find . -maxdepth 5 -type d \( -name node_modules -o -name .npm-prefix -o -name .venv \) -prune -exec rm -rf {} +
2026-08-14 22:02:29 [INFO] coder_eval.orchestrator: Sandbox preserved (in-place): /work/output/artifacts/skill-bpmn-reading-list
2026-08-14 22:02:29 [INFO] coder_eval.orchestrator: Task finished: status=SUCCESS duration=400.0s score=1.000 iterations=1


================================================================================
TASK: default/skill-bpmn-registry-discovery/00
================================================================================

2026-08-14 21:48:26 [DEBUG] coder_eval.utils: Resolved @uipath plugin-tools dir=/usr/lib/node_modules/@uipath from `uip` at /usr/lib/node_modules/@uipath/cli/dist/index.js
2026-08-14 21:48:26 [INFO] coder_eval.orchestrator: API routing: aws_bedrock
2026-08-14 21:48:26 [DEBUG] coder_eval.criteria: Discovered 14 criterion checkers
2026-08-14 21:48:26 [DEBUG] coder_eval.criteria: Validated 14 criterion checkers
2026-08-14 21:48:26 [DEBUG] coder_eval.utils: Resolved @uipath plugin-tools dir=/usr/lib/node_modules/@uipath from `uip` at /usr/lib/node_modules/@uipath/cli/dist/index.js
2026-08-14 21:48:27 [DEBUG] coder_eval.orchestrator: Sending prompt: Use the installed `uip` CLI's Maestro BPMN registry surface to discover the
documented wrapper surfa...
2026-08-14 21:48:27 [DEBUG] coder_eval.agents.claude_code_agent: [coder] Starting agent query stream...
2026-08-14 21:50:10 [DEBUG] coder_eval.agents.claude_code_agent: [coder] session_id changed: None -> a3c22bfe-168d-4d7a-8f5e-d15e43f1e955
2026-08-14 21:50:10 [DEBUG] coder_eval.agents.claude_code_agent: [coder] Agent query stream ended
2026-08-14 21:50:10 [DEBUG] coder_eval.utils: Resolved @uipath plugin-tools dir=/usr/lib/node_modules/@uipath from `uip` at /usr/lib/node_modules/@uipath/cli/dist/index.js
2026-08-14 21:50:10 [DEBUG] coder_eval.orchestrator: Agent response received (5617 chars)
2026-08-14 21:50:10 [DEBUG] coder_eval.orchestrator: Checking success criteria
2026-08-14 21:50:10 [DEBUG] coder_eval.evaluation.checker: Criterion 'file_exists' score: 1.00
2026-08-14 21:50:10 [DEBUG] coder_eval.evaluation.checker: Criterion 'command_executed' score: 1.00
2026-08-14 21:50:10 [DEBUG] coder_eval.evaluation.checker: Criterion 'command_executed' score: 1.00
2026-08-14 21:50:10 [DEBUG] coder_eval.evaluation.checker: Criterion 'command_executed' score: 1.00
2026-08-14 21:50:10 [DEBUG] coder_eval.criteria.run_command: Running command for criterion 'Registry evidence covers documented agent, queue, and connector wrapper types': python3 $TASK_DIR/check_registry_discovery.py
2026-08-14 21:50:11 [DEBUG] coder_eval.sandbox: Command 'python3 $TASK_DIR/check_registry_discovery.py' exited with code 0
2026-08-14 21:50:11 [DEBUG] coder_eval.sandbox: STDOUT:
---
OK: registry-evidence covers agent/queue/connector wrappers across 7 files
---
2026-08-14 21:50:11 [DEBUG] coder_eval.evaluation.checker: Criterion 'run_command' score: 1.00
2026-08-14 21:50:11 [INFO] coder_eval.orchestrator: Success criteria: 5/5 passed, weighted score: 1.000
2026-08-14 21:50:11 [DEBUG] coder_eval.utils: Resolved @uipath plugin-tools dir=/usr/lib/node_modules/@uipath from `uip` at /usr/lib/node_modules/@uipath/cli/dist/index.js
2026-08-14 21:50:11 [INFO] coder_eval.orchestrator: Running post-run command: find . -maxdepth 5 -type d \( -name node_modules -o -name .npm-prefix -o -name .venv \) -prune -exec rm -rf {} +
2026-08-14 21:50:11 [INFO] coder_eval.orchestrator: Sandbox preserved (in-place): /work/output/artifacts/skill-bpmn-registry-discovery
2026-08-14 21:50:11 [INFO] coder_eval.orchestrator: Task finished: status=SUCCESS duration=111.8s score=1.000 iterations=1


================================================================================
TASK: default/skill-bpmn-rpa-job/00
================================================================================

2026-08-14 21:48:31 [DEBUG] coder_eval.utils: Resolved @uipath plugin-tools dir=/usr/lib/node_modules/@uipath from `uip` at /usr/lib/node_modules/@uipath/cli/dist/index.js
2026-08-14 21:48:31 [INFO] coder_eval.orchestrator: API routing: aws_bedrock
2026-08-14 21:48:31 [DEBUG] coder_eval.criteria: Discovered 14 criterion checkers
2026-08-14 21:48:31 [DEBUG] coder_eval.criteria: Validated 14 criterion checkers
2026-08-14 21:48:31 [DEBUG] coder_eval.utils: Resolved @uipath plugin-tools dir=/usr/lib/node_modules/@uipath from `uip` at /usr/lib/node_modules/@uipath/cli/dist/index.js
2026-08-14 21:48:31 [DEBUG] coder_eval.orchestrator: Sending prompt: Load and follow the uipath-maestro-bpmn skill.

Create a local BPMN project named "InvoiceExtraction...
2026-08-14 21:48:32 [DEBUG] coder_eval.agents.claude_code_agent: [coder] Starting agent query stream...
2026-08-14 21:58:30 [DEBUG] coder_eval.agents.claude_code_agent: [coder] session_id changed: None -> c2764ec8-3d25-4bbb-8053-d9528e961fc9
2026-08-14 21:58:30 [DEBUG] coder_eval.agents.claude_code_agent: [coder] Agent query stream ended
2026-08-14 21:58:30 [DEBUG] coder_eval.utils: Resolved @uipath plugin-tools dir=/usr/lib/node_modules/@uipath from `uip` at /usr/lib/node_modules/@uipath/cli/dist/index.js
2026-08-14 21:58:30 [DEBUG] coder_eval.orchestrator: Agent response received (4891 chars)
2026-08-14 21:58:30 [DEBUG] coder_eval.orchestrator: Checking success criteria
2026-08-14 21:58:30 [DEBUG] coder_eval.evaluation.checker: Criterion 'file_exists' score: 1.00
2026-08-14 21:58:30 [DEBUG] coder_eval.evaluation.checker: Criterion 'command_executed' score: 1.00
2026-08-14 21:58:30 [DEBUG] coder_eval.criteria.run_command: Running command for criterion 'RPA job serviceTask uses Orchestrator.StartJob with input and a declared output variable': python3 $TASK_DIR/check_rpa_job.py
2026-08-14 21:58:30 [DEBUG] coder_eval.sandbox: Command 'python3 $TASK_DIR/check_rpa_job.py' exited with code 0
2026-08-14 21:58:30 [DEBUG] coder_eval.sandbox: STDOUT:
---
OK: InvoiceExtractionRpa/InvoiceExtractionRpa.bpmn wires Orchestrator.StartJob with bound input and output variable
---
2026-08-14 21:58:30 [DEBUG] coder_eval.evaluation.checker: Criterion 'run_command' score: 1.00
2026-08-14 21:58:30 [INFO] coder_eval.orchestrator: Success criteria: 3/3 passed, weighted score: 1.000
2026-08-14 21:58:30 [WARNING] coder_eval.orchestrator: Visible turns (40) exceeded expected_turns (16) at iteration 1 for task skill-bpmn-rpa-job. Run continues — max_turns remains the hard cap.
2026-08-14 21:58:30 [DEBUG] coder_eval.utils: Resolved @uipath plugin-tools dir=/usr/lib/node_modules/@uipath from `uip` at /usr/lib/node_modules/@uipath/cli/dist/index.js
2026-08-14 21:58:30 [INFO] coder_eval.orchestrator: Running post-run command: find . -maxdepth 5 -type d \( -name node_modules -o -name .npm-prefix -o -name .venv \) -prune -exec rm -rf {} +
2026-08-14 21:58:30 [INFO] coder_eval.orchestrator: Sandbox preserved (in-place): /work/output/artifacts/skill-bpmn-rpa-job
2026-08-14 21:58:30 [INFO] coder_eval.orchestrator: Task finished: status=SUCCESS duration=608.5s score=1.000 iterations=1


================================================================================
TASK: default/skill-bpmn-safety-sanitize/00
================================================================================

2026-08-14 21:48:28 [DEBUG] coder_eval.utils: Resolved @uipath plugin-tools dir=/usr/lib/node_modules/@uipath from `uip` at /usr/lib/node_modules/@uipath/cli/dist/index.js
2026-08-14 21:48:28 [INFO] coder_eval.orchestrator: API routing: aws_bedrock
2026-08-14 21:48:28 [DEBUG] coder_eval.criteria: Discovered 14 criterion checkers
2026-08-14 21:48:28 [DEBUG] coder_eval.criteria: Validated 14 criterion checkers
2026-08-14 21:48:28 [DEBUG] coder_eval.utils: Resolved @uipath plugin-tools dir=/usr/lib/node_modules/@uipath from `uip` at /usr/lib/node_modules/@uipath/cli/dist/index.js
2026-08-14 21:48:29 [DEBUG] coder_eval.orchestrator: Sending prompt: Load and follow the uipath-maestro-bpmn skill, and apply its public-safety
rules (references/public-...
2026-08-14 21:48:29 [DEBUG] coder_eval.agents.claude_code_agent: [coder] Starting agent query stream...
2026-08-14 21:49:18 [DEBUG] coder_eval.agents.claude_code_agent: [coder] session_id changed: None -> f1c7d346-dc22-4f16-9098-f3c53fd0583e
2026-08-14 21:49:19 [DEBUG] coder_eval.agents.claude_code_agent: [coder] Agent query stream ended
2026-08-14 21:49:19 [DEBUG] coder_eval.utils: Resolved @uipath plugin-tools dir=/usr/lib/node_modules/@uipath from `uip` at /usr/lib/node_modules/@uipath/cli/dist/index.js
2026-08-14 21:49:19 [DEBUG] coder_eval.orchestrator: Agent response received (1908 chars)
2026-08-14 21:49:19 [DEBUG] coder_eval.orchestrator: Checking success criteria
2026-08-14 21:49:19 [DEBUG] coder_eval.evaluation.checker: Criterion 'file_exists' score: 1.00
2026-08-14 21:49:19 [DEBUG] coder_eval.evaluation.checker: Criterion 'file_contains' score: 1.00
2026-08-14 21:49:19 [DEBUG] coder_eval.evaluation.checker: Criterion 'file_contains' score: 1.00
2026-08-14 21:49:19 [DEBUG] coder_eval.criteria.run_command: Running command for criterion 'No seeded private data remains, no real tenant host, placeholders adopted, graph intact': python3 $TASK_DIR/check_sanitize.py
2026-08-14 21:49:19 [DEBUG] coder_eval.sandbox: Command 'python3 $TASK_DIR/check_sanitize.py' exited with code 0
2026-08-14 21:49:19 [DEBUG] coder_eval.sandbox: STDOUT:
---
OK: CustomerExport.bpmn sanitized — no seeded private data remains and the graph is intact
---
2026-08-14 21:49:19 [DEBUG] coder_eval.evaluation.checker: Criterion 'run_command' score: 1.00
2026-08-14 21:49:19 [INFO] coder_eval.orchestrator: Success criteria: 4/4 passed, weighted score: 1.000
2026-08-14 21:49:19 [DEBUG] coder_eval.utils: Resolved @uipath plugin-tools dir=/usr/lib/node_modules/@uipath from `uip` at /usr/lib/node_modules/@uipath/cli/dist/index.js
2026-08-14 21:49:19 [INFO] coder_eval.orchestrator: Running post-run command: find . -maxdepth 5 -type d \( -name node_modules -o -name .npm-prefix -o -name .venv \) -prune -exec rm -rf {} +
2026-08-14 21:49:19 [INFO] coder_eval.orchestrator: Sandbox preserved (in-place): /work/output/artifacts/skill-bpmn-safety-sanitize
2026-08-14 21:49:19 [INFO] coder_eval.orchestrator: Task finished: status=SUCCESS duration=59.7s score=1.000 iterations=1


================================================================================
TASK: default/skill-bpmn-script-jint-guidance/00
================================================================================

2026-08-14 21:48:28 [DEBUG] coder_eval.utils: Resolved @uipath plugin-tools dir=/usr/lib/node_modules/@uipath from `uip` at /usr/lib/node_modules/@uipath/cli/dist/index.js
2026-08-14 21:48:28 [INFO] coder_eval.orchestrator: API routing: aws_bedrock
2026-08-14 21:48:28 [DEBUG] coder_eval.criteria: Discovered 14 criterion checkers
2026-08-14 21:48:28 [DEBUG] coder_eval.criteria: Validated 14 criterion checkers
2026-08-14 21:48:28 [DEBUG] coder_eval.utils: Resolved @uipath plugin-tools dir=/usr/lib/node_modules/@uipath from `uip` at /usr/lib/node_modules/@uipath/cli/dist/index.js
2026-08-14 21:48:29 [DEBUG] coder_eval.orchestrator: Sending prompt: Create a local BPMN project named "RiskScoreScriptBpmn".
The process should manually start with `amo...
2026-08-14 21:48:29 [DEBUG] coder_eval.agents.claude_code_agent: [coder] Starting agent query stream...
2026-08-14 22:00:54 [DEBUG] coder_eval.agents.claude_code_agent: [coder] session_id changed: None -> 6369b5fa-86a1-497f-aed7-bf948ca2f114
2026-08-14 22:00:54 [DEBUG] coder_eval.agents.claude_code_agent: [coder] Agent query stream ended
2026-08-14 22:00:54 [WARNING] coder_eval.agents.claude_code_agent: [coder] Agent exhausted max_turns (60); turn ended without completing
2026-08-14 22:00:54 [DEBUG] coder_eval.utils: Resolved @uipath plugin-tools dir=/usr/lib/node_modules/@uipath from `uip` at /usr/lib/node_modules/@uipath/cli/dist/index.js
2026-08-14 22:00:54 [DEBUG] coder_eval.orchestrator: Agent response received (5564 chars)
2026-08-14 22:00:54 [DEBUG] coder_eval.orchestrator: Checking success criteria
2026-08-14 22:00:54 [DEBUG] coder_eval.criteria.run_command: Running command for criterion 'BPMN source was created': find . -type f -name '*.bpmn' -path '*RiskScoreScriptBpmn*' | grep -q .
2026-08-14 22:00:54 [DEBUG] coder_eval.sandbox: Command 'find . -type f -name '*.bpmn' -path '*RiskScoreScriptBpmn*' | grep -q .' exited with code 0
2026-08-14 22:00:54 [DEBUG] coder_eval.evaluation.checker: Criterion 'run_command' score: 1.00
2026-08-14 22:00:54 [DEBUG] coder_eval.criteria.run_command: Running command for criterion 'Script task follows Jint-compatible BPMN guidance': python3 $TASK_DIR/check_script_jint_guidance.py
2026-08-14 22:00:54 [DEBUG] coder_eval.sandbox: Command 'python3 $TASK_DIR/check_script_jint_guidance.py' exited with code 0
2026-08-14 22:00:54 [DEBUG] coder_eval.sandbox: STDOUT:
---
OK: RiskScoreScriptBpmn/RiskScoreScriptBpmn.bpmn contains a Jint-compatible BPMN script task
---
2026-08-14 22:00:54 [DEBUG] coder_eval.evaluation.checker: Criterion 'run_command' score: 1.00
2026-08-14 22:00:54 [INFO] coder_eval.orchestrator: Success criteria: 2/2 passed, weighted score: 1.000
2026-08-14 22:00:54 [WARNING] coder_eval.orchestrator: Agent exhausted max_turns (60) without passing criteria.
2026-08-14 22:00:54 [WARNING] coder_eval.orchestrator: Visible turns (72) exceeded expected_turns (15) at iteration 1 for task skill-bpmn-script-jint-guidance. Run continues — max_turns remains the hard cap.
2026-08-14 22:00:54 [DEBUG] coder_eval.utils: Resolved @uipath plugin-tools dir=/usr/lib/node_modules/@uipath from `uip` at /usr/lib/node_modules/@uipath/cli/dist/index.js
2026-08-14 22:00:54 [INFO] coder_eval.orchestrator: Running post-run command: find . -maxdepth 5 -type d \( -name node_modules -o -name .npm-prefix -o -name .venv \) -prune -exec rm -rf {} +
2026-08-14 22:00:54 [INFO] coder_eval.orchestrator: Sandbox preserved (in-place): /work/output/artifacts/skill-bpmn-script-jint-guidance
2026-08-14 22:00:54 [INFO] coder_eval.orchestrator: Task finished: status=SUCCESS duration=755.3s score=1.000 iterations=1


================================================================================
TASK: default/skill-bpmn-script-jint-lifecycle/00
================================================================================

2026-08-14 21:48:29 [DEBUG] coder_eval.utils: Resolved @uipath plugin-tools dir=/usr/lib/node_modules/@uipath from `uip` at /usr/lib/node_modules/@uipath/cli/dist/index.js
2026-08-14 21:48:29 [INFO] coder_eval.orchestrator: API routing: aws_bedrock
2026-08-14 21:48:30 [DEBUG] coder_eval.criteria: Discovered 14 criterion checkers
2026-08-14 21:48:30 [DEBUG] coder_eval.criteria: Validated 14 criterion checkers
2026-08-14 21:48:30 [DEBUG] coder_eval.utils: Resolved @uipath plugin-tools dir=/usr/lib/node_modules/@uipath from `uip` at /usr/lib/node_modules/@uipath/cli/dist/index.js
2026-08-14 21:48:30 [DEBUG] coder_eval.orchestrator: Sending prompt: Create a UiPath Maestro BPMN Process Orchestration project at:
  ScriptNormalizer/ScriptNormalizer

...
2026-08-14 21:48:30 [DEBUG] coder_eval.agents.claude_code_agent: [coder] Starting agent query stream...
2026-08-14 21:53:46 [DEBUG] coder_eval.agents.claude_code_agent: [coder] session_id changed: None -> e45bb967-2d40-4cfc-baa1-8aca5a12d3c9
2026-08-14 21:53:46 [DEBUG] coder_eval.agents.claude_code_agent: [coder] Agent query stream ended
2026-08-14 21:53:46 [DEBUG] coder_eval.utils: Resolved @uipath plugin-tools dir=/usr/lib/node_modules/@uipath from `uip` at /usr/lib/node_modules/@uipath/cli/dist/index.js
2026-08-14 21:53:46 [DEBUG] coder_eval.orchestrator: Agent response received (5369 chars)
2026-08-14 21:53:46 [DEBUG] coder_eval.orchestrator: Checking success criteria
2026-08-14 21:53:46 [DEBUG] coder_eval.evaluation.checker: Criterion 'file_exists' score: 1.00
2026-08-14 21:53:46 [DEBUG] coder_eval.criteria.run_command: Running command for criterion 'Script task uses JavaScript/v3 Jint-safe source and package lifecycle files': python3 $TASK_DIR/check_script_jint_lifecycle.py
2026-08-14 21:53:46 [DEBUG] coder_eval.sandbox: Command 'python3 $TASK_DIR/check_script_jint_lifecycle.py' exited with code 0
2026-08-14 21:53:46 [DEBUG] coder_eval.sandbox: STDOUT:
---
OK: scriptTask uses JavaScript/v3 Jint-safe source and package lifecycle files
---
2026-08-14 21:53:46 [DEBUG] coder_eval.evaluation.checker: Criterion 'run_command' score: 1.00
2026-08-14 21:53:46 [INFO] coder_eval.orchestrator: Success criteria: 2/2 passed, weighted score: 1.000
2026-08-14 21:53:46 [WARNING] coder_eval.orchestrator: Visible turns (34) exceeded expected_turns (22) at iteration 1 for task skill-bpmn-script-jint-lifecycle. Run continues — max_turns remains the hard cap.
2026-08-14 21:53:46 [DEBUG] coder_eval.utils: Resolved @uipath plugin-tools dir=/usr/lib/node_modules/@uipath from `uip` at /usr/lib/node_modules/@uipath/cli/dist/index.js
2026-08-14 21:53:46 [INFO] coder_eval.orchestrator: Running post-run command: find . -maxdepth 5 -type d \( -name node_modules -o -name .npm-prefix -o -name .venv \) -prune -exec rm -rf {} +
2026-08-14 21:53:46 [INFO] coder_eval.orchestrator: Sandbox preserved (in-place): /work/output/artifacts/skill-bpmn-script-jint-lifecycle
2026-08-14 21:53:46 [INFO] coder_eval.orchestrator: Task finished: status=SUCCESS duration=324.5s score=1.000 iterations=1


================================================================================
TASK: default/skill-bpmn-script-task-filter/00
================================================================================

2026-08-14 21:48:30 [DEBUG] coder_eval.utils: Resolved @uipath plugin-tools dir=/usr/lib/node_modules/@uipath from `uip` at /usr/lib/node_modules/@uipath/cli/dist/index.js
2026-08-14 21:48:30 [INFO] coder_eval.orchestrator: API routing: aws_bedrock
2026-08-14 21:48:30 [DEBUG] coder_eval.criteria: Discovered 14 criterion checkers
2026-08-14 21:48:30 [DEBUG] coder_eval.criteria: Validated 14 criterion checkers
2026-08-14 21:48:30 [DEBUG] coder_eval.utils: Resolved @uipath plugin-tools dir=/usr/lib/node_modules/@uipath from `uip` at /usr/lib/node_modules/@uipath/cli/dist/index.js
2026-08-14 21:48:31 [DEBUG] coder_eval.orchestrator: Sending prompt: Load and follow the uipath-maestro-bpmn skill.

Author a single Maestro BPMN file `ScriptTaskFilterD...
2026-08-14 21:48:31 [DEBUG] coder_eval.agents.claude_code_agent: [coder] Starting agent query stream...
2026-08-14 21:55:50 [DEBUG] coder_eval.agents.claude_code_agent: [coder] is_error ResultMessage; not advancing session_id (kept None)
2026-08-14 21:55:50 [DEBUG] coder_eval.agents.claude_code_agent: [coder] Generic Exception is error_max_turns; treating as clean turn
2026-08-14 21:55:50 [WARNING] coder_eval.agents.claude_code_agent: [coder] Agent exhausted max_turns (55); turn ended without completing
2026-08-14 21:55:50 [DEBUG] coder_eval.utils: Resolved @uipath plugin-tools dir=/usr/lib/node_modules/@uipath from `uip` at /usr/lib/node_modules/@uipath/cli/dist/index.js
2026-08-14 21:55:50 [DEBUG] coder_eval.orchestrator: Agent response received (1502 chars)
2026-08-14 21:55:50 [DEBUG] coder_eval.orchestrator: Checking success criteria
2026-08-14 21:55:50 [DEBUG] coder_eval.evaluation.checker: Criterion 'file_exists' score: 0.00
2026-08-14 21:55:50 [INFO] coder_eval.evaluation.checker: Criterion 'file_exists' FAILED (score=0.00, threshold=1.00): File 'ScriptTaskFilterDemo.bpmn' does not exist
2026-08-14 21:55:50 [DEBUG] coder_eval.evaluation.checker: Criterion 'file_contains' score: 0.00
2026-08-14 21:55:50 [INFO] coder_eval.evaluation.checker: Criterion 'file_contains' FAILED (score=0.00, threshold=1.00): File 'ScriptTaskFilterDemo.bpmn' does not exist
2026-08-14 21:55:50 [DEBUG] coder_eval.criteria.run_command: Running command for criterion 'BPMN has a Jint-safe scriptTask (v3, mapped I/O) implementing a filter operation, with full DI': python3 $TASK_DIR/check_script_task_filter.py
2026-08-14 21:55:50 [DEBUG] coder_eval.sandbox: Command 'python3 $TASK_DIR/check_script_task_filter.py' exited with code 1
2026-08-14 21:55:50 [DEBUG] coder_eval.sandbox: STDERR:
---
FAIL: no BPMN file found
---
2026-08-14 21:55:50 [DEBUG] coder_eval.evaluation.checker: Criterion 'run_command' score: 0.00
2026-08-14 21:55:50 [INFO] coder_eval.evaluation.checker: Criterion 'run_command' FAILED (score=0.00, threshold=1.00): Command: python3 $TASK_DIR/check_script_task_filter.py
2026-08-14 21:55:50 [INFO] coder_eval.orchestrator: Success criteria: 0/3 passed, weighted score: 0.000
2026-08-14 21:55:50 [WARNING] coder_eval.orchestrator: Agent exhausted max_turns (55) without passing criteria.
2026-08-14 21:55:50 [WARNING] coder_eval.orchestrator: Visible turns (70) exceeded expected_turns (20) at iteration 1 for task skill-bpmn-script-task-filter. Run continues — max_turns remains the hard cap.
2026-08-14 21:55:50 [DEBUG] coder_eval.utils: Resolved @uipath plugin-tools dir=/usr/lib/node_modules/@uipath from `uip` at /usr/lib/node_modules/@uipath/cli/dist/index.js
2026-08-14 21:55:51 [INFO] coder_eval.orchestrator: Running post-run command: find . -maxdepth 5 -type d \( -name node_modules -o -name .npm-prefix -o -name .venv \) -prune -exec rm -rf {} +
2026-08-14 21:55:51 [INFO] coder_eval.orchestrator: Sandbox preserved (in-place): /work/output/artifacts/skill-bpmn-script-task-filter
2026-08-14 21:55:51 [INFO] coder_eval.orchestrator: Task finished: status=MAX_TURNS_EXHAUSTED duration=449.1s score=0.000 iterations=1


================================================================================
TASK: default/skill-bpmn-script-task-group-by/00
================================================================================

2026-08-14 21:55:07 [DEBUG] coder_eval.utils: Resolved @uipath plugin-tools dir=/usr/lib/node_modules/@uipath from `uip` at /usr/lib/node_modules/@uipath/cli/dist/index.js
2026-08-14 21:55:07 [INFO] coder_eval.orchestrator: API routing: aws_bedrock
2026-08-14 21:55:07 [DEBUG] coder_eval.criteria: Discovered 14 criterion checkers
2026-08-14 21:55:07 [DEBUG] coder_eval.criteria: Validated 14 criterion checkers
2026-08-14 21:55:07 [DEBUG] coder_eval.utils: Resolved @uipath plugin-tools dir=/usr/lib/node_modules/@uipath from `uip` at /usr/lib/node_modules/@uipath/cli/dist/index.js
2026-08-14 21:55:08 [DEBUG] coder_eval.orchestrator: Sending prompt: Load and follow the uipath-maestro-bpmn skill.

Author a single Maestro BPMN file `ScriptTaskGroupBy...
2026-08-14 21:55:08 [DEBUG] coder_eval.agents.claude_code_agent: [coder] Starting agent query stream...
2026-08-14 22:00:49 [DEBUG] coder_eval.agents.claude_code_agent: [coder] session_id changed: None -> 5e1ef69a-db14-48c8-b502-16575897d2f9
2026-08-14 22:00:49 [DEBUG] coder_eval.agents.claude_code_agent: [coder] Agent query stream ended
2026-08-14 22:00:49 [DEBUG] coder_eval.utils: Resolved @uipath plugin-tools dir=/usr/lib/node_modules/@uipath from `uip` at /usr/lib/node_modules/@uipath/cli/dist/index.js
2026-08-14 22:00:49 [DEBUG] coder_eval.orchestrator: Agent response received (2882 chars)
2026-08-14 22:00:49 [DEBUG] coder_eval.orchestrator: Checking success criteria
2026-08-14 22:00:49 [DEBUG] coder_eval.evaluation.checker: Criterion 'file_exists' score: 1.00
2026-08-14 22:00:49 [DEBUG] coder_eval.evaluation.checker: Criterion 'file_contains' score: 1.00
2026-08-14 22:00:49 [DEBUG] coder_eval.criteria.run_command: Running command for criterion 'BPMN has a Jint-safe scriptTask (v3, mapped I/O) implementing a group-by with aggregation, with full DI': python3 $TASK_DIR/check_script_task_group_by.py
2026-08-14 22:00:49 [DEBUG] coder_eval.sandbox: Command 'python3 $TASK_DIR/check_script_task_group_by.py' exited with code 0
2026-08-14 22:00:49 [DEBUG] coder_eval.sandbox: STDOUT:
---
OK: ScriptTaskGroupByDemo.bpmn has a Jint-safe scriptTask performing a group-by operation
---
2026-08-14 22:00:49 [DEBUG] coder_eval.evaluation.checker: Criterion 'run_command' score: 1.00
2026-08-14 22:00:49 [INFO] coder_eval.orchestrator: Success criteria: 3/3 passed, weighted score: 1.000
2026-08-14 22:00:49 [WARNING] coder_eval.orchestrator: Visible turns (44) exceeded expected_turns (20) at iteration 1 for task skill-bpmn-script-task-group-by. Run continues — max_turns remains the hard cap.
2026-08-14 22:00:49 [DEBUG] coder_eval.utils: Resolved @uipath plugin-tools dir=/usr/lib/node_modules/@uipath from `uip` at /usr/lib/node_modules/@uipath/cli/dist/index.js
2026-08-14 22:00:49 [INFO] coder_eval.orchestrator: Running post-run command: find . -maxdepth 5 -type d \( -name node_modules -o -name .npm-prefix -o -name .venv \) -prune -exec rm -rf {} +
2026-08-14 22:00:49 [INFO] coder_eval.orchestrator: Sandbox preserved (in-place): /work/output/artifacts/skill-bpmn-script-task-group-by
2026-08-14 22:00:49 [INFO] coder_eval.orchestrator: Task finished: status=SUCCESS duration=342.8s score=1.000 iterations=1


================================================================================
TASK: default/skill-bpmn-script-task-map/00
================================================================================

2026-08-14 21:49:31 [DEBUG] coder_eval.utils: Resolved @uipath plugin-tools dir=/usr/lib/node_modules/@uipath from `uip` at /usr/lib/node_modules/@uipath/cli/dist/index.js
2026-08-14 21:49:31 [INFO] coder_eval.orchestrator: API routing: aws_bedrock
2026-08-14 21:49:31 [DEBUG] coder_eval.criteria: Discovered 14 criterion checkers
2026-08-14 21:49:31 [DEBUG] coder_eval.criteria: Validated 14 criterion checkers
2026-08-14 21:49:31 [DEBUG] coder_eval.utils: Resolved @uipath plugin-tools dir=/usr/lib/node_modules/@uipath from `uip` at /usr/lib/node_modules/@uipath/cli/dist/index.js
2026-08-14 21:49:31 [DEBUG] coder_eval.orchestrator: Sending prompt: Load and follow the uipath-maestro-bpmn skill.

Author a single Maestro BPMN file `ScriptTaskMapDemo...
2026-08-14 21:49:31 [DEBUG] coder_eval.agents.claude_code_agent: [coder] Starting agent query stream...
2026-08-14 21:54:26 [DEBUG] coder_eval.agents.claude_code_agent: [coder] session_id changed: None -> 3abdea02-18f6-4fe9-86d8-792c96bba768
2026-08-14 21:54:26 [DEBUG] coder_eval.agents.claude_code_agent: [coder] Agent query stream ended
2026-08-14 21:54:26 [DEBUG] coder_eval.utils: Resolved @uipath plugin-tools dir=/usr/lib/node_modules/@uipath from `uip` at /usr/lib/node_modules/@uipath/cli/dist/index.js
2026-08-14 21:54:26 [DEBUG] coder_eval.orchestrator: Agent response received (3780 chars)
2026-08-14 21:54:26 [DEBUG] coder_eval.orchestrator: Checking success criteria
2026-08-14 21:54:26 [DEBUG] coder_eval.evaluation.checker: Criterion 'file_exists' score: 1.00
2026-08-14 21:54:26 [DEBUG] coder_eval.evaluation.checker: Criterion 'file_contains' score: 1.00
2026-08-14 21:54:26 [DEBUG] coder_eval.criteria.run_command: Running command for criterion 'BPMN has a Jint-safe scriptTask (v3, mapped I/O) implementing a map/uppercase operation, with full DI': python3 $TASK_DIR/check_script_task_map.py
2026-08-14 21:54:26 [DEBUG] coder_eval.sandbox: Command 'python3 $TASK_DIR/check_script_task_map.py' exited with code 0
2026-08-14 21:54:26 [DEBUG] coder_eval.sandbox: STDOUT:
---
OK: ScriptTaskMapDemo.bpmn has a Jint-safe scriptTask performing a map/uppercase operation
---
2026-08-14 21:54:26 [DEBUG] coder_eval.evaluation.checker: Criterion 'run_command' score: 1.00
2026-08-14 21:54:26 [INFO] coder_eval.orchestrator: Success criteria: 3/3 passed, weighted score: 1.000
2026-08-14 21:54:26 [WARNING] coder_eval.orchestrator: Visible turns (45) exceeded expected_turns (20) at iteration 1 for task skill-bpmn-script-task-map. Run continues — max_turns remains the hard cap.
2026-08-14 21:54:26 [DEBUG] coder_eval.utils: Resolved @uipath plugin-tools dir=/usr/lib/node_modules/@uipath from `uip` at /usr/lib/node_modules/@uipath/cli/dist/index.js
2026-08-14 21:54:26 [INFO] coder_eval.orchestrator: Running post-run command: find . -maxdepth 5 -type d \( -name node_modules -o -name .npm-prefix -o -name .venv \) -prune -exec rm -rf {} +
2026-08-14 21:54:26 [INFO] coder_eval.orchestrator: Sandbox preserved (in-place): /work/output/artifacts/skill-bpmn-script-task-map
2026-08-14 21:54:26 [INFO] coder_eval.orchestrator: Task finished: status=SUCCESS duration=296.3s score=1.000 iterations=1


================================================================================
TASK: default/skill-bpmn-simple-approval-bpmn/00
================================================================================

2026-08-14 21:55:38 [DEBUG] coder_eval.utils: Resolved @uipath plugin-tools dir=/usr/lib/node_modules/@uipath from `uip` at /usr/lib/node_modules/@uipath/cli/dist/index.js
2026-08-14 21:55:38 [INFO] coder_eval.orchestrator: API routing: aws_bedrock
2026-08-14 21:55:38 [DEBUG] coder_eval.criteria: Discovered 14 criterion checkers
2026-08-14 21:55:38 [DEBUG] coder_eval.criteria: Validated 14 criterion checkers
2026-08-14 21:55:38 [DEBUG] coder_eval.utils: Resolved @uipath plugin-tools dir=/usr/lib/node_modules/@uipath from `uip` at /usr/lib/node_modules/@uipath/cli/dist/index.js
2026-08-14 21:55:38 [DEBUG] coder_eval.orchestrator: Sending prompt: Create a local BPMN project named "ExpenseApprovalBpmn" for this process:
- Manual start with input ...
2026-08-14 21:55:38 [DEBUG] coder_eval.agents.claude_code_agent: [coder] Starting agent query stream...
2026-08-14 22:09:28 [DEBUG] coder_eval.agents.claude_code_agent: [coder] session_id changed: None -> 2d771b3a-0f4b-4523-8c73-4213c017c2ce
2026-08-14 22:09:28 [DEBUG] coder_eval.agents.claude_code_agent: [coder] Agent query stream ended
2026-08-14 22:09:28 [DEBUG] coder_eval.utils: Resolved @uipath plugin-tools dir=/usr/lib/node_modules/@uipath from `uip` at /usr/lib/node_modules/@uipath/cli/dist/index.js
2026-08-14 22:09:28 [DEBUG] coder_eval.orchestrator: Agent response received (6660 chars)
2026-08-14 22:09:28 [DEBUG] coder_eval.orchestrator: Checking success criteria
2026-08-14 22:09:28 [DEBUG] coder_eval.evaluation.checker: Criterion 'file_exists' score: 1.00
2026-08-14 22:09:28 [DEBUG] coder_eval.evaluation.checker: Criterion 'file_exists' score: 1.00
2026-08-14 22:09:28 [DEBUG] coder_eval.criteria.run_command: Running command for criterion 'Simple approval BPMN combines StartAgentJob, gateway, CreateQueueItem, script, variables, migration, and DI': python3 $TASK_DIR/check_simple_approval_bpmn.py
2026-08-14 22:09:28 [DEBUG] coder_eval.sandbox: Command 'python3 $TASK_DIR/check_simple_approval_bpmn.py' exited with code 0
2026-08-14 22:09:28 [DEBUG] coder_eval.sandbox: STDOUT:
---
OK: ExpenseApprovalBpmn/ExpenseApprovalBpmn.bpmn contains the documented simple approval BPMN shape
---
2026-08-14 22:09:28 [DEBUG] coder_eval.evaluation.checker: Criterion 'run_command' score: 1.00
2026-08-14 22:09:28 [INFO] coder_eval.orchestrator: Success criteria: 3/3 passed, weighted score: 1.000
2026-08-14 22:09:28 [WARNING] coder_eval.orchestrator: Visible turns (77) exceeded expected_turns (24) at iteration 1 for task skill-bpmn-simple-approval-bpmn. Run continues — max_turns remains the hard cap.
2026-08-14 22:09:28 [DEBUG] coder_eval.utils: Resolved @uipath plugin-tools dir=/usr/lib/node_modules/@uipath from `uip` at /usr/lib/node_modules/@uipath/cli/dist/index.js
2026-08-14 22:09:28 [INFO] coder_eval.orchestrator: Running post-run command: find . -maxdepth 5 -type d \( -name node_modules -o -name .npm-prefix -o -name .venv \) -prune -exec rm -rf {} +
2026-08-14 22:09:28 [INFO] coder_eval.orchestrator: Sandbox preserved (in-place): /work/output/artifacts/skill-bpmn-simple-approval-bpmn
2026-08-14 22:09:28 [INFO] coder_eval.orchestrator: Task finished: status=SUCCESS duration=831.4s score=1.000 iterations=1


================================================================================
TASK: default/skill-bpmn-smoke-registry-discovery/00
================================================================================

2026-08-14 21:50:16 [DEBUG] coder_eval.utils: Resolved @uipath plugin-tools dir=/usr/lib/node_modules/@uipath from `uip` at /usr/lib/node_modules/@uipath/cli/dist/index.js
2026-08-14 21:50:16 [INFO] coder_eval.orchestrator: API routing: aws_bedrock
2026-08-14 21:50:16 [DEBUG] coder_eval.criteria: Discovered 14 criterion checkers
2026-08-14 21:50:16 [DEBUG] coder_eval.criteria: Validated 14 criterion checkers
2026-08-14 21:50:16 [DEBUG] coder_eval.utils: Resolved @uipath plugin-tools dir=/usr/lib/node_modules/@uipath from `uip` at /usr/lib/node_modules/@uipath/cli/dist/index.js
2026-08-14 21:50:16 [DEBUG] coder_eval.orchestrator: Sending prompt: I want to author a UiPath Maestro BPMN process that starts an RPA job and
waits for an internal mess...
2026-08-14 21:50:16 [DEBUG] coder_eval.agents.claude_code_agent: [coder] Starting agent query stream...
2026-08-14 21:50:59 [DEBUG] coder_eval.agents.claude_code_agent: [coder] session_id changed: None -> e9cf55b1-aa34-4b60-807e-2cfe3653ac88
2026-08-14 21:50:59 [DEBUG] coder_eval.agents.claude_code_agent: [coder] Agent query stream ended
2026-08-14 21:50:59 [DEBUG] coder_eval.utils: Resolved @uipath plugin-tools dir=/usr/lib/node_modules/@uipath from `uip` at /usr/lib/node_modules/@uipath/cli/dist/index.js
2026-08-14 21:50:59 [DEBUG] coder_eval.orchestrator: Agent response received (4518 chars)
2026-08-14 21:50:59 [DEBUG] coder_eval.orchestrator: Checking success criteria
2026-08-14 21:50:59 [DEBUG] coder_eval.evaluation.checker: Criterion 'command_executed' score: 1.00
2026-08-14 21:50:59 [DEBUG] coder_eval.evaluation.checker: Criterion 'command_executed' score: 1.00
2026-08-14 21:50:59 [DEBUG] coder_eval.evaluation.checker: Criterion 'command_executed' score: 1.00
2026-08-14 21:50:59 [DEBUG] coder_eval.criteria.run_command: Running command for criterion 'Raw registry evidence covers the RPA-job and receive-message types': python3 $TASK_DIR/check_registry_discovery.py
2026-08-14 21:50:59 [DEBUG] coder_eval.sandbox: Command 'python3 $TASK_DIR/check_registry_discovery.py' exited with code 0
2026-08-14 21:50:59 [DEBUG] coder_eval.sandbox: STDOUT:
---
OK: registry-evidence covers Orchestrator.StartJob, Maestro.ReceiveMessageEvent across 4 raw output files
---
2026-08-14 21:50:59 [DEBUG] coder_eval.evaluation.checker: Criterion 'run_command' score: 1.00
2026-08-14 21:50:59 [INFO] coder_eval.orchestrator: Success criteria: 4/4 passed, weighted score: 1.000
2026-08-14 21:50:59 [DEBUG] coder_eval.utils: Resolved @uipath plugin-tools dir=/usr/lib/node_modules/@uipath from `uip` at /usr/lib/node_modules/@uipath/cli/dist/index.js
2026-08-14 21:50:59 [INFO] coder_eval.orchestrator: Running post-run command: find . -maxdepth 5 -type d \( -name node_modules -o -name .npm-prefix -o -name .venv \) -prune -exec rm -rf {} +
2026-08-14 21:50:59 [INFO] coder_eval.orchestrator: Sandbox preserved (in-place): /work/output/artifacts/skill-bpmn-smoke-registry-discovery
2026-08-14 21:50:59 [INFO] coder_eval.orchestrator: Task finished: status=SUCCESS duration=44.4s score=1.000 iterations=1


================================================================================
TASK: default/skill-bpmn-subprocess/00
================================================================================

2026-08-14 21:48:29 [DEBUG] coder_eval.utils: Resolved @uipath plugin-tools dir=/usr/lib/node_modules/@uipath from `uip` at /usr/lib/node_modules/@uipath/cli/dist/index.js
2026-08-14 21:48:29 [INFO] coder_eval.orchestrator: API routing: aws_bedrock
2026-08-14 21:48:29 [DEBUG] coder_eval.criteria: Discovered 14 criterion checkers
2026-08-14 21:48:29 [DEBUG] coder_eval.criteria: Validated 14 criterion checkers
2026-08-14 21:48:29 [DEBUG] coder_eval.utils: Resolved @uipath plugin-tools dir=/usr/lib/node_modules/@uipath from `uip` at /usr/lib/node_modules/@uipath/cli/dist/index.js
2026-08-14 21:48:30 [DEBUG] coder_eval.orchestrator: Sending prompt: Load and follow the uipath-maestro-bpmn skill.

Author a single Maestro BPMN file `SubflowDemo.bpmn`...
2026-08-14 21:48:30 [DEBUG] coder_eval.agents.claude_code_agent: [coder] Starting agent query stream...
2026-08-14 21:54:58 [DEBUG] coder_eval.agents.claude_code_agent: [coder] session_id changed: None -> 029e5b2b-e984-462b-80e0-ee62511a0187
2026-08-14 21:54:58 [DEBUG] coder_eval.agents.claude_code_agent: [coder] Agent query stream ended
2026-08-14 21:54:58 [DEBUG] coder_eval.utils: Resolved @uipath plugin-tools dir=/usr/lib/node_modules/@uipath from `uip` at /usr/lib/node_modules/@uipath/cli/dist/index.js
2026-08-14 21:54:58 [DEBUG] coder_eval.orchestrator: Agent response received (3402 chars)
2026-08-14 21:54:58 [DEBUG] coder_eval.orchestrator: Checking success criteria
2026-08-14 21:54:58 [DEBUG] coder_eval.evaluation.checker: Criterion 'file_exists' score: 1.00
2026-08-14 21:54:58 [DEBUG] coder_eval.evaluation.checker: Criterion 'file_contains' score: 1.00
2026-08-14 21:54:58 [DEBUG] coder_eval.criteria.run_command: Running command for criterion 'BPMN encapsulates logic in a subProcess (nested start/activity/end) or callActivity, with a shape and resolvable flows': python3 $TASK_DIR/check_subprocess.py
2026-08-14 21:54:58 [DEBUG] coder_eval.sandbox: Command 'python3 $TASK_DIR/check_subprocess.py' exited with code 0
2026-08-14 21:54:58 [DEBUG] coder_eval.sandbox: STDOUT:
---
OK: SubflowDemo.bpmn encapsulates logic in a subProcess with a diagram shape
---
2026-08-14 21:54:58 [DEBUG] coder_eval.evaluation.checker: Criterion 'run_command' score: 1.00
2026-08-14 21:54:58 [DEBUG] coder_eval.evaluation.judge_context: judge_context: include_reference=True but reference not set
2026-08-14 21:55:04 [DEBUG] coder_eval.evaluation.checker: Criterion 'llm_judge' score: 1.00
2026-08-14 21:55:04 [INFO] coder_eval.orchestrator: Success criteria: 4/4 passed, weighted score: 1.000
2026-08-14 21:55:04 [WARNING] coder_eval.orchestrator: Visible turns (33) exceeded expected_turns (22) at iteration 1 for task skill-bpmn-subprocess. Run continues — max_turns remains the hard cap.
2026-08-14 21:55:04 [DEBUG] coder_eval.utils: Resolved @uipath plugin-tools dir=/usr/lib/node_modules/@uipath from `uip` at /usr/lib/node_modules/@uipath/cli/dist/index.js
2026-08-14 21:55:04 [INFO] coder_eval.orchestrator: Running post-run command: find . -maxdepth 5 -type d \( -name node_modules -o -name .npm-prefix -o -name .venv \) -prune -exec rm -rf {} +
2026-08-14 21:55:04 [INFO] coder_eval.orchestrator: Sandbox preserved (in-place): /work/output/artifacts/skill-bpmn-subprocess
2026-08-14 21:55:04 [INFO] coder_eval.orchestrator: Task finished: status=SUCCESS duration=402.8s score=1.000 iterations=1
2026-08-14 21:55:04 [DEBUG] coder_eval.evaluation.judge_persistence: spilled 1 judge transcript(s) to /work/output


================================================================================
TASK: default/skill-bpmn-switch/00
================================================================================

2026-08-14 21:55:37 [DEBUG] coder_eval.utils: Resolved @uipath plugin-tools dir=/usr/lib/node_modules/@uipath from `uip` at /usr/lib/node_modules/@uipath/cli/dist/index.js
2026-08-14 21:55:37 [INFO] coder_eval.orchestrator: API routing: aws_bedrock
2026-08-14 21:55:37 [DEBUG] coder_eval.criteria: Discovered 14 criterion checkers
2026-08-14 21:55:37 [DEBUG] coder_eval.criteria: Validated 14 criterion checkers
2026-08-14 21:55:37 [DEBUG] coder_eval.utils: Resolved @uipath plugin-tools dir=/usr/lib/node_modules/@uipath from `uip` at /usr/lib/node_modules/@uipath/cli/dist/index.js
2026-08-14 21:55:37 [DEBUG] coder_eval.orchestrator: Sending prompt: Load and follow the uipath-maestro-bpmn skill.

Author a single Maestro BPMN file `SeasonLookup.bpmn...
2026-08-14 21:55:37 [DEBUG] coder_eval.agents.claude_code_agent: [coder] Starting agent query stream...
2026-08-14 21:56:41 [DEBUG] coder_eval.agents.claude_code_agent: [coder] session_id changed: None -> d36b9e1d-17f4-4eae-8fd1-c0b19e874cb6
2026-08-14 21:56:41 [DEBUG] coder_eval.agents.claude_code_agent: [coder] Agent query stream ended
2026-08-14 21:56:41 [DEBUG] coder_eval.utils: Resolved @uipath plugin-tools dir=/usr/lib/node_modules/@uipath from `uip` at /usr/lib/node_modules/@uipath/cli/dist/index.js
2026-08-14 21:56:41 [DEBUG] coder_eval.orchestrator: Agent response received (2033 chars)
2026-08-14 21:56:41 [DEBUG] coder_eval.orchestrator: Checking success criteria
2026-08-14 21:56:41 [DEBUG] coder_eval.evaluation.checker: Criterion 'file_exists' score: 1.00
2026-08-14 21:56:41 [DEBUG] coder_eval.evaluation.checker: Criterion 'file_contains' score: 1.00
2026-08-14 21:56:41 [DEBUG] coder_eval.criteria.run_command: Running command for criterion 'BPMN has a multi-way exclusive gateway (3+ conditioned branches + default), full DI, resolvable flows': python3 $TASK_DIR/check_switch.py
2026-08-14 21:56:41 [DEBUG] coder_eval.sandbox: Command 'python3 $TASK_DIR/check_switch.py' exited with code 0
2026-08-14 21:56:41 [DEBUG] coder_eval.sandbox: STDOUT:
---
OK: SeasonLookup.bpmn has a multi-way exclusive gateway (3 conditioned + 1 default)
---
2026-08-14 21:56:41 [DEBUG] coder_eval.evaluation.checker: Criterion 'run_command' score: 1.00
2026-08-14 21:56:41 [DEBUG] coder_eval.evaluation.judge_context: judge_context: include_reference=True but reference not set
2026-08-14 21:56:46 [DEBUG] coder_eval.evaluation.checker: Criterion 'llm_judge' score: 1.00
2026-08-14 21:56:46 [INFO] coder_eval.orchestrator: Success criteria: 4/4 passed, weighted score: 1.000
2026-08-14 21:56:46 [DEBUG] coder_eval.utils: Resolved @uipath plugin-tools dir=/usr/lib/node_modules/@uipath from `uip` at /usr/lib/node_modules/@uipath/cli/dist/index.js
2026-08-14 21:56:46 [INFO] coder_eval.orchestrator: Running post-run command: find . -maxdepth 5 -type d \( -name node_modules -o -name .npm-prefix -o -name .venv \) -prune -exec rm -rf {} +
2026-08-14 21:56:46 [INFO] coder_eval.orchestrator: Sandbox preserved (in-place): /work/output/artifacts/skill-bpmn-switch
2026-08-14 21:56:46 [INFO] coder_eval.orchestrator: Task finished: status=SUCCESS duration=69.9s score=1.000 iterations=1
2026-08-14 21:56:46 [DEBUG] coder_eval.evaluation.judge_persistence: spilled 1 judge transcript(s) to /work/output


================================================================================
TASK: default/skill-bpmn-terminate/00
================================================================================

2026-08-14 21:49:39 [DEBUG] coder_eval.utils: Resolved @uipath plugin-tools dir=/usr/lib/node_modules/@uipath from `uip` at /usr/lib/node_modules/@uipath/cli/dist/index.js
2026-08-14 21:49:39 [INFO] coder_eval.orchestrator: API routing: aws_bedrock
2026-08-14 21:49:39 [DEBUG] coder_eval.criteria: Discovered 14 criterion checkers
2026-08-14 21:49:39 [DEBUG] coder_eval.criteria: Validated 14 criterion checkers
2026-08-14 21:49:39 [DEBUG] coder_eval.utils: Resolved @uipath plugin-tools dir=/usr/lib/node_modules/@uipath from `uip` at /usr/lib/node_modules/@uipath/cli/dist/index.js
2026-08-14 21:49:39 [DEBUG] coder_eval.orchestrator: Sending prompt: Load and follow the uipath-maestro-bpmn skill.

Author a single Maestro BPMN file `TerminateParallel...
2026-08-14 21:49:39 [DEBUG] coder_eval.agents.claude_code_agent: [coder] Starting agent query stream...
2026-08-14 21:50:59 [DEBUG] coder_eval.agents.claude_code_agent: [coder] session_id changed: None -> b46e4081-0ae7-4381-a58d-5d752984dfab
2026-08-14 21:50:59 [DEBUG] coder_eval.agents.claude_code_agent: [coder] Agent query stream ended
2026-08-14 21:50:59 [DEBUG] coder_eval.utils: Resolved @uipath plugin-tools dir=/usr/lib/node_modules/@uipath from `uip` at /usr/lib/node_modules/@uipath/cli/dist/index.js
2026-08-14 21:50:59 [DEBUG] coder_eval.orchestrator: Agent response received (2202 chars)
2026-08-14 21:50:59 [DEBUG] coder_eval.orchestrator: Checking success criteria
2026-08-14 21:50:59 [DEBUG] coder_eval.evaluation.checker: Criterion 'file_exists' score: 1.00
2026-08-14 21:50:59 [DEBUG] coder_eval.evaluation.checker: Criterion 'file_contains' score: 1.00
2026-08-14 21:50:59 [DEBUG] coder_eval.criteria.run_command: Running command for criterion 'BPMN has a terminate end event on one branch, a normal end on another, a fork, full DI, resolvable flows': python3 $TASK_DIR/check_terminate.py
2026-08-14 21:50:59 [DEBUG] coder_eval.sandbox: Command 'python3 $TASK_DIR/check_terminate.py' exited with code 0
2026-08-14 21:50:59 [DEBUG] coder_eval.sandbox: STDOUT:
---
OK: TerminateParallel.bpmn has a terminate end event on one branch and a normal end on another
---
2026-08-14 21:50:59 [DEBUG] coder_eval.evaluation.checker: Criterion 'run_command' score: 1.00
2026-08-14 21:50:59 [DEBUG] coder_eval.evaluation.judge_context: judge_context: include_reference=True but reference not set
2026-08-14 21:51:05 [DEBUG] coder_eval.evaluation.checker: Criterion 'llm_judge' score: 1.00
2026-08-14 21:51:05 [INFO] coder_eval.orchestrator: Success criteria: 4/4 passed, weighted score: 1.000
2026-08-14 21:51:05 [DEBUG] coder_eval.utils: Resolved @uipath plugin-tools dir=/usr/lib/node_modules/@uipath from `uip` at /usr/lib/node_modules/@uipath/cli/dist/index.js
2026-08-14 21:51:05 [INFO] coder_eval.orchestrator: Running post-run command: find . -maxdepth 5 -type d \( -name node_modules -o -name .npm-prefix -o -name .venv \) -prune -exec rm -rf {} +
2026-08-14 21:51:05 [INFO] coder_eval.orchestrator: Sandbox preserved (in-place): /work/output/artifacts/skill-bpmn-terminate
2026-08-14 21:51:05 [INFO] coder_eval.orchestrator: Task finished: status=SUCCESS duration=87.3s score=1.000 iterations=1
2026-08-14 21:51:05 [DEBUG] coder_eval.evaluation.judge_persistence: spilled 1 judge transcript(s) to /work/output


================================================================================
TASK: default/skill-bpmn-timer/00
================================================================================

2026-08-14 21:54:26 [DEBUG] coder_eval.utils: Resolved @uipath plugin-tools dir=/usr/lib/node_modules/@uipath from `uip` at /usr/lib/node_modules/@uipath/cli/dist/index.js
2026-08-14 21:54:26 [INFO] coder_eval.orchestrator: API routing: aws_bedrock
2026-08-14 21:54:26 [DEBUG] coder_eval.criteria: Discovered 14 criterion checkers
2026-08-14 21:54:26 [DEBUG] coder_eval.criteria: Validated 14 criterion checkers
2026-08-14 21:54:26 [DEBUG] coder_eval.utils: Resolved @uipath plugin-tools dir=/usr/lib/node_modules/@uipath from `uip` at /usr/lib/node_modules/@uipath/cli/dist/index.js
2026-08-14 21:54:26 [DEBUG] coder_eval.orchestrator: Sending prompt: Load and follow the uipath-maestro-bpmn skill.

Author a single Maestro BPMN file `TimerWait.bpmn` i...
2026-08-14 21:54:26 [DEBUG] coder_eval.agents.claude_code_agent: [coder] Starting agent query stream...
2026-08-14 21:55:00 [DEBUG] coder_eval.agents.claude_code_agent: [coder] session_id changed: None -> 5f6a0f0f-49e5-444b-83c7-073fc1745ec7
2026-08-14 21:55:00 [DEBUG] coder_eval.agents.claude_code_agent: [coder] Agent query stream ended
2026-08-14 21:55:00 [DEBUG] coder_eval.utils: Resolved @uipath plugin-tools dir=/usr/lib/node_modules/@uipath from `uip` at /usr/lib/node_modules/@uipath/cli/dist/index.js
2026-08-14 21:55:00 [DEBUG] coder_eval.orchestrator: Agent response received (1926 chars)
2026-08-14 21:55:00 [DEBUG] coder_eval.orchestrator: Checking success criteria
2026-08-14 21:55:00 [DEBUG] coder_eval.evaluation.checker: Criterion 'file_exists' score: 1.00
2026-08-14 21:55:00 [DEBUG] coder_eval.evaluation.checker: Criterion 'file_contains' score: 1.00
2026-08-14 21:55:00 [DEBUG] coder_eval.criteria.run_command: Running command for criterion 'BPMN has a wired intermediate timer catch event with a valid ISO-8601 definition, full DI, resolvable flows': python3 $TASK_DIR/check_timer.py
2026-08-14 21:55:00 [DEBUG] coder_eval.sandbox: Command 'python3 $TASK_DIR/check_timer.py' exited with code 0
2026-08-14 21:55:00 [DEBUG] coder_eval.sandbox: STDOUT:
---
OK: TimerWait.bpmn has a wired intermediate timer catch event with a valid definition
---
2026-08-14 21:55:00 [DEBUG] coder_eval.evaluation.checker: Criterion 'run_command' score: 1.00
2026-08-14 21:55:00 [INFO] coder_eval.orchestrator: Success criteria: 3/3 passed, weighted score: 1.000
2026-08-14 21:55:00 [DEBUG] coder_eval.utils: Resolved @uipath plugin-tools dir=/usr/lib/node_modules/@uipath from `uip` at /usr/lib/node_modules/@uipath/cli/dist/index.js
2026-08-14 21:55:00 [INFO] coder_eval.orchestrator: Running post-run command: find . -maxdepth 5 -type d \( -name node_modules -o -name .npm-prefix -o -name .venv \) -prune -exec rm -rf {} +
2026-08-14 21:55:00 [INFO] coder_eval.orchestrator: Sandbox preserved (in-place): /work/output/artifacts/skill-bpmn-timer
2026-08-14 21:55:00 [INFO] coder_eval.orchestrator: Task finished: status=SUCCESS duration=34.7s score=1.000 iterations=1


================================================================================
TASK: default/skill-bpmn-timer-boundary-noninterrupting/00
================================================================================

2026-08-14 21:48:28 [DEBUG] coder_eval.utils: Resolved @uipath plugin-tools dir=/usr/lib/node_modules/@uipath from `uip` at /usr/lib/node_modules/@uipath/cli/dist/index.js
2026-08-14 21:48:28 [INFO] coder_eval.orchestrator: API routing: aws_bedrock
2026-08-14 21:48:29 [DEBUG] coder_eval.criteria: Discovered 14 criterion checkers
2026-08-14 21:48:29 [DEBUG] coder_eval.criteria: Validated 14 criterion checkers
2026-08-14 21:48:29 [DEBUG] coder_eval.utils: Resolved @uipath plugin-tools dir=/usr/lib/node_modules/@uipath from `uip` at /usr/lib/node_modules/@uipath/cli/dist/index.js
2026-08-14 21:48:29 [DEBUG] coder_eval.orchestrator: Sending prompt: Load and follow the uipath-maestro-bpmn skill.

Author a single Maestro BPMN file `ApprovalReminder....
2026-08-14 21:48:30 [DEBUG] coder_eval.agents.claude_code_agent: [coder] Starting agent query stream...
2026-08-14 21:51:59 [DEBUG] coder_eval.agents.claude_code_agent: [coder] session_id changed: None -> d0f89e22-95d9-4e25-bd40-f3a03dabc4d6
2026-08-14 21:51:59 [DEBUG] coder_eval.agents.claude_code_agent: [coder] Agent query stream ended
2026-08-14 21:51:59 [DEBUG] coder_eval.utils: Resolved @uipath plugin-tools dir=/usr/lib/node_modules/@uipath from `uip` at /usr/lib/node_modules/@uipath/cli/dist/index.js
2026-08-14 21:51:59 [DEBUG] coder_eval.orchestrator: Agent response received (3531 chars)
2026-08-14 21:51:59 [DEBUG] coder_eval.orchestrator: Checking success criteria
2026-08-14 21:51:59 [DEBUG] coder_eval.evaluation.checker: Criterion 'file_exists' score: 1.00
2026-08-14 21:51:59 [DEBUG] coder_eval.evaluation.checker: Criterion 'command_executed' score: 1.00
2026-08-14 21:51:59 [DEBUG] coder_eval.evaluation.checker: Criterion 'file_contains' score: 1.00
2026-08-14 21:51:59 [DEBUG] coder_eval.criteria.run_command: Running command for criterion 'Non-interrupting timer boundary on a userTask does not cancel it, fully shaped': python3 $TASK_DIR/check_timer_boundary_noninterrupting.py
2026-08-14 21:51:59 [DEBUG] coder_eval.sandbox: Command 'python3 $TASK_DIR/check_timer_boundary_noninterrupting.py' exited with code 0
2026-08-14 21:51:59 [DEBUG] coder_eval.sandbox: STDOUT:
---
OK: ApprovalReminder.bpmn has a non-interrupting timer boundary on a userTask that does not cancel it
---
2026-08-14 21:51:59 [DEBUG] coder_eval.evaluation.checker: Criterion 'run_command' score: 1.00
2026-08-14 21:51:59 [INFO] coder_eval.orchestrator: Success criteria: 4/4 passed, weighted score: 1.000
2026-08-14 21:51:59 [DEBUG] coder_eval.utils: Resolved @uipath plugin-tools dir=/usr/lib/node_modules/@uipath from `uip` at /usr/lib/node_modules/@uipath/cli/dist/index.js
2026-08-14 21:51:59 [INFO] coder_eval.orchestrator: Running post-run command: find . -maxdepth 5 -type d \( -name node_modules -o -name .npm-prefix -o -name .venv \) -prune -exec rm -rf {} +
2026-08-14 21:51:59 [INFO] coder_eval.orchestrator: Sandbox preserved (in-place): /work/output/artifacts/skill-bpmn-timer-boundary-noninterrupting
2026-08-14 21:51:59 [INFO] coder_eval.orchestrator: Task finished: status=SUCCESS duration=218.3s score=1.000 iterations=1


================================================================================
TASK: default/skill-bpmn-timer-start/00
================================================================================

2026-08-14 21:52:59 [DEBUG] coder_eval.utils: Resolved @uipath plugin-tools dir=/usr/lib/node_modules/@uipath from `uip` at /usr/lib/node_modules/@uipath/cli/dist/index.js
2026-08-14 21:52:59 [INFO] coder_eval.orchestrator: API routing: aws_bedrock
2026-08-14 21:52:59 [DEBUG] coder_eval.criteria: Discovered 14 criterion checkers
2026-08-14 21:52:59 [DEBUG] coder_eval.criteria: Validated 14 criterion checkers
2026-08-14 21:52:59 [DEBUG] coder_eval.utils: Resolved @uipath plugin-tools dir=/usr/lib/node_modules/@uipath from `uip` at /usr/lib/node_modules/@uipath/cli/dist/index.js
2026-08-14 21:52:59 [DEBUG] coder_eval.orchestrator: Sending prompt: Load and follow the uipath-maestro-bpmn skill.

Create a local BPMN project named "ScheduledReportBp...
2026-08-14 21:52:59 [DEBUG] coder_eval.agents.claude_code_agent: [coder] Starting agent query stream...
2026-08-14 21:55:33 [DEBUG] coder_eval.agents.claude_code_agent: [coder] session_id changed: None -> f7cd1e4e-f0a5-4728-9ef2-395d2b69d4fc
2026-08-14 21:55:33 [DEBUG] coder_eval.agents.claude_code_agent: [coder] Agent query stream ended
2026-08-14 21:55:33 [DEBUG] coder_eval.utils: Resolved @uipath plugin-tools dir=/usr/lib/node_modules/@uipath from `uip` at /usr/lib/node_modules/@uipath/cli/dist/index.js
2026-08-14 21:55:33 [DEBUG] coder_eval.orchestrator: Agent response received (3573 chars)
2026-08-14 21:55:33 [DEBUG] coder_eval.orchestrator: Checking success criteria
2026-08-14 21:55:33 [DEBUG] coder_eval.evaluation.checker: Criterion 'file_exists' score: 1.00
2026-08-14 21:55:33 [DEBUG] coder_eval.evaluation.checker: Criterion 'file_contains' score: 1.00
2026-08-14 21:55:33 [DEBUG] coder_eval.evaluation.checker: Criterion 'command_executed' score: 1.00
2026-08-14 21:55:33 [DEBUG] coder_eval.criteria.run_command: Running command for criterion 'Timer start event is a recurring scheduled start with valid structure': python3 $TASK_DIR/check_timer_start.py
2026-08-14 21:55:33 [DEBUG] coder_eval.sandbox: Command 'python3 $TASK_DIR/check_timer_start.py' exited with code 0
2026-08-14 21:55:33 [DEBUG] coder_eval.sandbox: STDOUT:
---
OK: ScheduledReportBpmn/ScheduledReportBpmn.bpmn starts on a recurring timer schedule (R/PT1H)
---
2026-08-14 21:55:33 [DEBUG] coder_eval.evaluation.checker: Criterion 'run_command' score: 1.00
2026-08-14 21:55:33 [INFO] coder_eval.orchestrator: Success criteria: 4/4 passed, weighted score: 1.000
2026-08-14 21:55:33 [WARNING] coder_eval.orchestrator: Visible turns (28) exceeded expected_turns (18) at iteration 1 for task skill-bpmn-timer-start. Run continues — max_turns remains the hard cap.
2026-08-14 21:55:33 [DEBUG] coder_eval.utils: Resolved @uipath plugin-tools dir=/usr/lib/node_modules/@uipath from `uip` at /usr/lib/node_modules/@uipath/cli/dist/index.js
2026-08-14 21:55:33 [INFO] coder_eval.orchestrator: Running post-run command: find . -maxdepth 5 -type d \( -name node_modules -o -name .npm-prefix -o -name .venv \) -prune -exec rm -rf {} +
2026-08-14 21:55:33 [INFO] coder_eval.orchestrator: Sandbox preserved (in-place): /work/output/artifacts/skill-bpmn-timer-start
2026-08-14 21:55:33 [INFO] coder_eval.orchestrator: Task finished: status=SUCCESS duration=155.4s score=1.000 iterations=1

