2026-07-24 18:33:03 [DEBUG] coder_eval.utils: Resolved @uipath plugin-tools dir=/usr/lib/node_modules/@uipath from `uip` at /usr/lib/node_modules/@uipath/cli/dist/index.js
2026-07-24 18:33:03 [INFO] coder_eval.orchestrator: API routing: aws_bedrock
2026-07-24 18:33:03 [DEBUG] coder_eval.criteria: Discovered 14 criterion checkers
2026-07-24 18:33:03 [DEBUG] coder_eval.criteria: Validated 14 criterion checkers
2026-07-24 18:33:03 [DEBUG] coder_eval.utils: Resolved @uipath plugin-tools dir=/usr/lib/node_modules/@uipath from `uip` at /usr/lib/node_modules/@uipath/cli/dist/index.js
2026-07-24 18:33:03 [DEBUG] coder_eval.orchestrator: Sending prompt: Build a Maestro Flow "BillingDisputeResolution" (in a solution of the same
name) that resolves a cus...
2026-07-24 18:33:03 [DEBUG] coder_eval.agents.claude_code_agent: [coder] Starting agent query stream...
2026-07-24 18:47:43 [DEBUG] coder_eval.agents.claude_code_agent: [coder] session_id changed: None -> 8460323d-2c40-4301-aea8-85d820500a87
2026-07-24 18:47:43 [DEBUG] coder_eval.agents.claude_code_agent: [coder] Agent query stream ended
2026-07-24 18:47:43 [DEBUG] coder_eval.utils: Resolved @uipath plugin-tools dir=/usr/lib/node_modules/@uipath from `uip` at /usr/lib/node_modules/@uipath/cli/dist/index.js
2026-07-24 18:47:43 [DEBUG] coder_eval.orchestrator: Agent response received (9474 chars)
2026-07-24 18:47:43 [DEBUG] coder_eval.orchestrator: Checking success criteria
2026-07-24 18:47:43 [DEBUG] coder_eval.criteria.run_command: Running command for criterion 'uip maestro flow validate passes on the flow file': uip maestro flow validate BillingDisputeResolution/BillingDisputeResolution/BillingDisputeResolution.flow
2026-07-24 18:47:46 [DEBUG] coder_eval.sandbox: Command 'uip maestro flow validate BillingDisputeResolution/BillingDisputeResolution/BillingDisputeResolution.flow' exited with code 0
2026-07-24 18:47:46 [DEBUG] coder_eval.sandbox: STDOUT:
---
{
  "Result": "Success",
  "Code": "FlowValidate",
  "Data": {
    "File": "/work/output/artifacts/skill-flow-devcon-billing-dispute-resolution/BillingDisputeResolution/BillingDisputeResolution/BillingDisputeResolution.flow",
    "Status": "Valid",
    "Warnings": "1 warning(s):\n  - [nodes[crmLookup1].inputs.detail.connectionResourceId] Connection \"d61e5d0e-04af-4f93-95cc-151d81fa08dc\" is referenced by 2 nodes (nodes[crmLookup1], nodes[erpLookup1]). Shared connections cause cross-node state leakage at runtime. If this is intentional (e.g. two connectors on the same SaaS account), ignore this warning; otherwise create a separate connection per node."
  }
}
---
2026-07-24 18:47:46 [DEBUG] coder_eval.sandbox: STDERR:
---
[ManifestClient] fetchDynamicNodes ok: total=207 agent context nodes=2 external agent nodes=6 orchestrator nodes=158 IXP nodes=41
---
2026-07-24 18:47:46 [DEBUG] coder_eval.evaluation.checker: Criterion 'run_command' score: 1.00
2026-07-24 18:47:46 [DEBUG] coder_eval.criteria.run_command: Running command for criterion 'Structural + topology check: full orchestration present AND wired in order (trigger→IxP→Data Service→analyst→switch→decision→API-workflow→writer→end; SOP index attached to an agent); NO HITL node; NO send-email node; flow returns ≥2 out variables': python3 $TASK_DIR/check_structure_billing_dispute_resolution.py
2026-07-24 18:47:47 [DEBUG] coder_eval.sandbox: Command 'python3 $TASK_DIR/check_structure_billing_dispute_resolution.py' exited with code 0
2026-07-24 18:47:47 [DEBUG] coder_eval.sandbox: STDOUT:
---
OK: full orchestration present (IxP, Data Service, 2 inline agents, SOP context index, API-workflow, switch, decision, end)
OK: topology wired correctly (trigger→IxP→Data Service→analyst→switch→decision→API-workflow→writer→end; SOP index attached to an agent)
OK: no human-in-the-loop node and no send-email node
OK: flow returns its outcome via out variables ['determination', 'recommendedAction', 'creditAmount', 'rationale', 'resolutionEmailBody']
---
2026-07-24 18:47:47 [DEBUG] coder_eval.evaluation.checker: Criterion 'run_command' score: 1.00
2026-07-24 18:47:47 [DEBUG] coder_eval.criteria.run_command: Running command for criterion 'E2E check debugs the flow: it completes and RETURNS a real SOP-grounded resolution citing the disputed invoice (no email sent)': python3 $TASK_DIR/check_e2e_billing_dispute_resolution.py
2026-07-24 18:48:21 [DEBUG] coder_eval.sandbox: Command 'python3 $TASK_DIR/check_e2e_billing_dispute_resolution.py' exited with code 1
2026-07-24 18:48:21 [DEBUG] coder_eval.sandbox: STDOUT:
---
OK: inline agent + IxP nodes present
debug inputs: object=['webhookPayload'] attachment=['disputedInvoice']
---
2026-07-24 18:48:21 [DEBUG] coder_eval.sandbox: STDERR:
---
FAIL: flow debug exit 1
stdout: {
  "Result": "Failure",
  "Code": "FlowDebug",
  "Message": "Debug session Faulted. [300501] Error invoking script task (element normalizeData)",
  "Instructions": "Incident(s):\n  - [300501] Error invoking script task (element normalizeData)\nRun 'uip maestro flow debug-instance incidents 7bf27084-81d7-4df6-b71a-afab5bcda3e2' for the full backend payload (incidentId, errorDetails, AI summary). traceId=7bf2708481d74df6b71aafab5bcda3e2.",
  "Context": {
    "ErrorCode": "300501",
    "TraceId": "7bf2708481d74df6b71aafab5bcda3e2"
  },
  "Data": {
    "jobKey": "7bf27084-81d7-4df6-b71a-afab5bcda3e2",
    "instanceId": "7bf27084-81d7-4df6-b71a-afab5bcda3e2",
    "runId": "019f9574-a0c4-7d7a-8445-79d1c32df3c4",
    "folderKey": "410fae2d-89b3-4cd1-a991-7359bda90c0b",
    "finalStatus": "Faulted",
    "solutionId": "94818dc8-ca82-49eb-749d-08dee9b21193",
    "studioWebUrl": "https://alpha.uipath.com/codereval/studio_/designer/b4ac3043-32b0-4b6b-b8e3-21fa4268737e?solutionId=94818dc8-ca82-49eb-749d-08dee9b21193",
    "elementExecutions": [
      {
        "elementId": "start",
        "elementType": "StartEvent",
        "status": "Completed",
        "startedAt": "2026-07-24T18:48:00.9179901Z",
        "completedAt": "2026-07-24T18:48:01.3437212Z"
      },
      {
        "elementId": "extractInvoice",
        "elementType": "ServiceTask",
        "status": "Completed",
        "startedAt": "2026-07-24T18:48:01.6530443Z",
        "completedAt": "2026-07-24T18:48:15.9580388Z"
      },
      {
        "elementId": "normalizeData",
        "elementType": "ScriptTask",
        "status": "Failed",
        "startedAt": "2026-07-24T18:48:16.3924115Z"
      }
    ],
    "variables": {
      "elements": [
        {
          "elementId": "start",
          "elementRunId": "e62308eb-ce46-43a9-9ebd-c50b40ae02c6",
          "isMarker": false,
          "inputs": {},
          "inputDefinitions": {},
          "outputs": {}
        },
        {
          "elementId": "extractInvoice",
          "elementRunId": "000ad8d7-68bb-4069-9b2d-0b076f5feac7",
          "isMarker": false,
          "inputs": {
            "input": {
              "downloadedFileOutput": {
                "ID": "9946a7af-6d16-49a6-2d2b-08dee96eb773",
                "FullName": "invoice-MCS-2026-04872.pdf",
                "MimeType": "application/octet-stream",
                "Metadata": {
                  "size": "131535"
                }
              }
            }
          },
          "inputDefinitions": {},
          "outputs": {
            "Taxonomy": {
              "DataContractVersion": "1.2",
              "DocumentTypes": [
                {
                  "DocumentTypeId": "00000000-0000-0000-0000-000000000000",
                  "Group": "",
                  "Category": "",
                  "Name": "Default",
                  "OptionalUniqueIdentifier": "",
                  "TypeField": {
                    "FieldId": "Default.DocumentType",
                    "FieldName": "Document Type"
                  },
                  "Fields": [
                    {
                      "FieldId": "Default.BillingDetails",
                      "FieldName": "Billing Details",
                      "IsMultiValue": true,
                      "Type": "FieldGroup",
                      "DeriveFieldsFormat": "",
                      "Components": [
                        {
                          "FieldId": "Default.BillingDetails.BillingName",
                          "FieldName": "Billing Name",
                          "IsMultiValue": false,
                          "Type": "Text",
                          "DeriveFieldsFormat": "",
                          "Components": [],
                          "SetValues": [],
                          "Metadata": [
                            {
                              "Key": "prompt",
                              "Value": "Customer name from the 'Bill To' section. Include company legal suffixes if present. If both company and contact are shown, extract the primary company name."
                            }
                          ],
                          "RuleSet": null,
                          "DefaultValue": null,
                          "DataSource": null
                        },
                        {
                          "FieldId": "Default.BillingDetails.BillingAddress",
                          "FieldName": "Billing Address",
                          "IsMultiValue": false,
                          "Type": "Text",
                          "DeriveFieldsFormat": "",
                          "Components": [],
                          "SetValues": [],
                          "Metadata": [
                            {
                              "Key": "prompt",
                              "Value": "Complete billing address: street, city, state/province, postal code, country. Preserve line breaks for multi-line addresses."
                            }
                          ],
                          "RuleSet": null,
                          "DefaultValue": null,
                          "DataSource": null
                        },
                        {
                          "FieldId": "Default.BillingDetails.BillingVATNumber",
                          "FieldName": "Billing VAT Number",
                          "IsMultiValue": false,
                          "Type": "Text",
                          "DeriveFieldsFormat": "",
                          "Components": [],
                          "SetValues": [],
                          "Metadata": [
                            {
                              "Key": "prompt",
                              "Value": "Customer's VAT/Tax ID. Labels: 'VAT Number', 'VAT ID', 'Tax ID', 'GST Number', 'BTW', 'USt-IdNr', or regional variations."
                            }
                          ],
                          "RuleSet": null,
                          "DefaultValue": null,
                          "DataSource": null
                        }
                      ],
                      "SetValues": [],
                      "Metadata": [
                        {
                          "Key": "prompt",
                          "Value": "Information about the customer/buyer being invoiced. Found under 'Bill To', 'Sold To', 'Customer', or 'Invoice To'. Distinguish from Shipping Address and Vendor Details."
                        }
                      ],
                      "RuleSet": null,
                      "DefaultValue": null,
                      "DataSource": null
                    },
                    {
                      "FieldId": "Default.FinancialSummary",
                      "FieldName": "Financial Summary",
                      "IsMultiValue": true,
                      "Type": "FieldGroup",
                      "DeriveFieldsFormat": "",
                      "Components": [
                        {
                          "FieldId": "Default.FinancialSummary.NetAmount",
                          "FieldName": "Net Amount",
                          "IsMultiValue": false,
                          "Type": "Number",
                          "DeriveFieldsFormat": "",
                          "Components": [],
                          "SetValues": [],
                          "Metadata": [
                            {
                              "Key": "prompt",
                              "Value": "Subtotal before tax, after discounts. Labels: 'Net Amount', 'Subtotal', 'Net Total', 'Taxable Amount', 'Sub Total', 'Amount Before Tax'."
                            }
                          ],
                          "RuleSet": null,
                          "DefaultValue": null,
                          "DataSource": null
                        },
                        {
                          "FieldId": "Default.FinancialSummary.DiscountAmount",
                          "FieldName": "Discount Amount",
                          "IsMultiValue": false,
                          "Type": "Number",
                          "DeriveFieldsFormat": "",
                          "Components": [],
                          "SetValues": [],
                          "Metadata": [
                            {
                              "Key": "prompt",
                              "Value": "Invoice-level discount amount (not line-level). Extract as a positive number even if displayed negative. Labels: 'Discount', 'Rebate', 'Deduction', 'Early Payment Discount'."
                            }
                          ],
                          "RuleSet": null,
                          "DefaultValue": null,
                          "DataSource": null
                        },
                        {
                          "FieldId": "Default.FinancialSummary.TaxAmount",
                          "FieldName": "Tax Amount",
                          "IsMultiValue": false,
                          "Type": "Number",
                          "DeriveFieldsFormat": "",
                          "Components": [],
                          "SetValues": [],
                          "Metadata": [
                            {
                              "Key": "prompt",
                              "Value": "Total tax. If multiple tax lines exist (e.g., federal + state), sum them. Labels: 'Tax', 'VAT', 'GST', 'Sales Tax', 'IVA', 'TVA', 'MwSt', 'Tax Total'."
                            }
                          ],
                          "RuleSet": null,
                          "DefaultValue": null,
                          "DataSource": null
                        },
                        {
                          "FieldId": "Default.FinancialSummary.TaxRate",
                          "FieldName": "Tax Rate",
                          "IsMultiValue": false,
                          "Type": "Number",
                          "DeriveFieldsFormat": "",
                          "Components": [],
                          "SetValues": [],
                          "Metadata": [
                            {
                              "Key": "prompt",
                              "Value": "Tax rate as percentage (e.g., 19, 21, 7.5 — not 0.19). Convert decimals to percentages. If multiple rates apply, extract the primary or highest."
                            }
                          ],
                          "RuleSet": null,
                          "DefaultValue": null,
                          "DataSource": null
                        },
                        {
                          "FieldId": "Default.FinancialSummary.TotalAmount",
                          "FieldName": "Total Amount",
                          "IsMultiValue": false,
                          "Type": "Number",
                          "DeriveFieldsFormat": "",
                          "Components": [],
                          "SetValues": [],
                          "Metadata": [
                            {
                              "Key": "prompt",
                              "Value": "The bottom-line amount owed. Always prefer the explicit 'Total' label over 'Net Amount'. Labels: 'Total', 'Total Due', 'Grand Total', 'Amount Due', 'Balance Due', 'Invoice Total'."
                            }
                          ],
                          "RuleSet": null,
                          "DefaultValue": null,
                          "DataSource": null
                        },
                        {
                          "FieldId": "Default.FinancialSummary.Currency",
                          "FieldName": "Currency",
                          "IsMultiValue": false,
                          "Type": "Text",
                          "DeriveFieldsFormat": "",
                          "Components": [],
                          "SetValues": [],
                          "Metadata": [
                            {
                              "Key": "prompt",
                              "Value": "ISO 4217 currency code (USD, EUR, GBP, JPY, etc.). If only a symbol is shown (£, €, $, ¥), infer the ISO code from address context. For $ disambiguate USD/CAD/AUD/etc. by vendor or billing country."
                            }
                          ],
                          "RuleSet": null,
                          "DefaultValue": null,
                          "DataSource": null
                        }
                      ],
                      "SetValues": [],
                      "Metadata": [
                        {
                          "Key": "prompt",
                          "Value": "All monetary calculations and totals. Typical relationship: Net Amount - Discount Amount + Tax Amount = Total Amount. Currency applies to all monetary values. Extract numbers without symbols (e.g., '1234.56' not '$1,234.56')."
                        }
                      ],
                      "RuleSet": null,
                      "DefaultValue": null,
                      "DataSource": null
                    },
                    {
                      "FieldId": "Default.InvoiceItemLines",
                      "FieldName": "Invoice Item Lines",
                      "IsMultiValue": true,
                      "Type": "FieldGroup",
                      "DeriveFieldsFormat": "",
                      "Components": [
                        {
                          "FieldId": "Default.InvoiceItemLines.LineNumber",
                          "FieldName": "Line Number",
                          "IsMultiValue": false,
                          "Type": "Number",
                          "DeriveFieldsFormat": "",
                          "Components": [],
                          "SetValues": [],
                          "Metadata": [
                            {
                              "Key": "prompt",
                              "Value": "Sequential row number (1, 2, 3...). If not explicitly shown, infer from visual top-to-bottom order. Distinct from Quantity."
                            }
                          ],
                          "RuleSet": null,
                          "DefaultValue": null,
                          "DataSource": null
                        },
                        {
                          "FieldId": "Default.InvoiceItemLines.PartNumber",
                          "FieldName": "Part Number",
                          "IsMultiValue": false,
                          "Type": "Text",
                          "DeriveFieldsFormat": "",
                          "Components": [],
                          "SetValues": [],
                          "Metadata": [
                            {
                              "Key": "prompt",
                              "Value": "Product/part identifier. Labels: 'Part Number', 'SKU', 'Item Code', 'Product Code', 'Article Number', 'Material Number', 'Catalog No'. Alphanumeric."
                            }
                          ],
                          "RuleSet": null,
                          "DefaultValue": null,
                          "DataSource": null
                        },
                        {
                          "FieldId": "Default.InvoiceItemLines.Description",
                          "FieldName": "Description",
                          "IsMultiValue": false,
                          "Type": "Text",
                          "DeriveFieldsFormat": "",
                          "Components": [],
                          "SetValues": [],
                          "Metadata": [
                            {
                              "Key": "prompt",
                              "Value": "Complete item description as it appears, including specifications, model numbers, and variants. Do not truncate."
                            }
                          ],
                          "RuleSet": null,
                          "DefaultValue": null,
                          "DataSource": null
                        },
                        {
                          "FieldId": "Default.InvoiceItemLines.Quantity",
                          "FieldName": "Quantity",
                          "IsMultiValue": false,
                          "Type": "Number",
                          "DeriveFieldsFormat": "",
                          "Components": [],
                          "SetValues": [],
                          "Metadata": [
                            {
                              "Key": "prompt",
                              "Value": "Quantity ordered for this line. Labels: 'Qty', 'QTY', 'Pcs', 'Units', 'Ea'. Distinct from Line Number."
                            }
                          ],
                          "RuleSet": null,
                          "DefaultValue": null,
                          "DataSource": null
                        },
                        {
                          "FieldId": "Default.InvoiceItemLines.UnitPrice",
                          "FieldName": "Unit Price",
                          "IsMultiValue": false,
                          "Type": "Number",
                          "DeriveFieldsFormat": "",
                          "Components": [],
                          "SetValues": [],
                          "Metadata": [
                            {
                              "Key": "prompt",
                              "Value": "Price per single unit, before multiplying by quantity. Labels: 'Unit Price', 'Price', 'Rate', 'Price Each', 'Unit Cost'."
                            }
                          ],
                          "RuleSet": null,
                          "DefaultValue": null,
                          "DataSource": null
                        },
                        {
                          "FieldId": "Default.InvoiceItemLines.NetAmount",
                          "FieldName": "Net Amount",
                          "IsMultiValue": false,
                          "Type": "Number",
                          "DeriveFieldsFormat": "",
                          "Components": [],
                          "SetValues": [],
                          "Metadata": [
                            {
                              "Key": "prompt",
                              "Value": "Pre-tax amount for this line. Labels: 'Net Amount', 'Pre-Tax Amount', 'Subtotal', 'Taxable Amount', 'Base Amount'."
                            }
                          ],
                          "RuleSet": null,
                          "DefaultValue": null,
                          "DataSource": null
                        },
                        {
                          "FieldId": "Default.InvoiceItemLines.TaxAmount",
                          "FieldName": "Tax Amount",
                          "IsMultiValue": false,
                          "Type": "Number",
                          "DeriveFieldsFormat": "",
                          "Components": [],
                          "SetValues": [],
                          "Metadata": [
                            {
                              "Key": "prompt",
                              "Value": "Tax amount for this line. If shown as percentage, calculate (Net Amount × Tax Rate / 100). Labels: 'Tax', 'Line Tax', 'VAT', 'GST'."
                            }
                          ],
                          "RuleSet": null,
                          "DefaultValue": null,
                          "DataSource": null
                        },
                        {
                          "FieldId": "Default.InvoiceItemLines.TotalAmount",
                          "FieldName": "Total Amount",
                          "IsMultiValue": false,
                          "Type": "Number",
                          "DeriveFieldsFormat": "",
                          "Components": [],
                          "SetValues": [],
                          "Metadata": [
                            {
                              "Key": "prompt",
                              "Value": "Total for this line, after any line-level discounts/taxes. Labels: 'Amount', 'Line Total', 'Extended Price', 'Line Amount'."
                            }
                          ],
                          "RuleSet": null,
                          "DefaultValue": null,
                          "DataSource": null
                        }
                      ],
                      "SetValues": [],
                      "Metadata": [
                        {
                          "Key": "prompt",
                          "Value": "Repeating group, one entry per line item. Mathematical relationship: Unit Price × Quantity = Total Amount (line). Line Numbers are sequential and distinct from Quantity values."
                        }
                      ],
                      "RuleSet": null,
                      "DefaultValue": null,
                      "DataSource": null
                    },
                    {
                      "FieldId": "Default.InvoiceMetadata",
                      "FieldName": "Invoice Metadata",
                      "IsMultiValue": true,
                      "Type": "FieldGroup",
                      "DeriveFieldsFormat": "",
                      "Components": [
                        {
                          "FieldId": "Default.InvoiceMetadata.InvoiceNumber",
                          "FieldName": "Invoice Number",
                          "IsMultiValue": false,
                          "Type": "Text",
                          "DeriveFieldsFormat": "",
                          "Components": [],
                          "SetValues": [],
                          "Metadata": [
                            {
                              "Key": "prompt",
                              "Value": "Extract the unique invoice identifier. Look for labels like 'Invoice Number', 'Invoice No.', 'Invoice #', 'Document Number', 'Inv. No'. May be alphanumeric with prefixes (e.g., INV-2024-001)."
                            }
                          ],
                          "RuleSet": null,
                          "DefaultValue": null,
                          "DataSource": null
                        },
                        {
                          "FieldId": "Default.InvoiceMetadata.PurchaseOrderNumber",
                          "FieldName": "Purchase Order Number",
                          "IsMultiValue": false,
                          "Type": "Text",
                          "DeriveFieldsFormat": "",
                          "Components": [],
                          "SetValues": [],
                          "Metadata": [
                            {
                              "Key": "prompt",
                              "Value": "Extract the customer's PO number this invoice references. Labels: 'PO Number', 'P.O. #', 'Purchase Order', 'Order Number', 'Customer PO'."
                            }
                          ],
                          "RuleSet": null,
                          "DefaultValue": null,
                          "DataSource": null
                        },
                        {
                          "FieldId": "Default.InvoiceMetadata.InvoiceDate",
                          "FieldName": "Invoice Date",
                          "IsMultiValue": false,
                          "Type": "Date",
                          "DeriveFieldsFormat": "",
                          "Components": [],
                          "SetValues": [],
                          "Metadata": [
                            {
                              "Key": "prompt",
                              "Value": "The date the invoice was issued. Labels: 'Invoice Date', 'Date', 'Issue Date', 'Bill Date', 'Document Date'."
                            }
                          ],
                          "RuleSet": null,
                          "DefaultValue": null,
                          "DataSource": null
                        },
                        {
                          "FieldId": "Default.InvoiceMetadata.DueDate",
                          "FieldName": "Due Date",
                          "IsMultiValue": false,
                          "Type": "Date",
                          "DeriveFieldsFormat": "",
                          "Components": [],
                          "SetValues": [],
                          "Metadata": [
                            {
                              "Key": "prompt",
                              "Value": "The payment deadline. Labels: 'Due Date', 'Payment Due', 'Pay By Date', 'Payable By'. If only Payment Terms are shown (e.g., Net 30), calculate from Invoice Date when possible."
                            }
                          ],
                          "RuleSet": null,
                          "DefaultValue": null,
                          "DataSource": null
                        }
                      ],
                      "SetValues": [],
                      "Metadata": [
                        {
                          "Key": "prompt",
                          "Value": "Core identifying information about the invoice document itself. Apply regional date format detection consistently across all dates."
                        }
                      ],
                      "RuleSet": null,
                      "DefaultValue": null,
                      "DataSource": null
                    },
                    {
                      "FieldId": "Default.PaymentInstructions",
                      "FieldName": "Payment Instructions",
                      "IsMultiValue": true,
                      "Type": "FieldGroup",
                      "DeriveFieldsFormat": "",
                      "Components": [
                        {
                          "FieldId": "Default.PaymentInstructions.BankName",
                          "FieldName": "Bank Name",
                          "IsMultiValue": false,
                          "Type": "Text",
                          "DeriveFieldsFormat": "",
                          "Components": [],
                          "SetValues": [],
                          "Metadata": [
                            {
                              "Key": "prompt",
                              "Value": "Full legal name of the vendor's bank (e.g., 'JPMorgan Chase Bank, N.A.', 'Barclays Bank PLC', 'Deutsche Bank AG')."
                            }
                          ],
                          "RuleSet": null,
                          "DefaultValue": null,
                          "DataSource": null
                        },
                        {
                          "FieldId": "Default.PaymentInstructions.BankAccountNumber",
                          "FieldName": "Bank Account Number",
                          "IsMultiValue": false,
                          "Type": "Text",
                          "DeriveFieldsFormat": "",
                          "Components": [],
                          "SetValues": [],
                          "Metadata": [
                            {
                              "Key": "prompt",
                              "Value": "Vendor's bank account number for receiving payments. Format varies by region. May be redundant with IBAN in regions where IBAN is used."
                            }
                          ],
                          "RuleSet": null,
                          "DefaultValue": null,
                          "DataSource": null
                        },
                        {
                          "FieldId": "Default.PaymentInstructions.BankIBAN",
                          "FieldName": "Bank IBAN",
                          "IsMultiValue": false,
                          "Type": "Text",
                          "DeriveFieldsFormat": "",
                          "Components": [],
                          "SetValues": [],
                          "Metadata": [
                            {
                              "Key": "prompt",
                              "Value": "International Bank Account Number — 2-letter country code + 2 check digits + up to 30 alphanumeric (e.g., DE89370400440532013000)."
                            }
                          ],
                          "RuleSet": null,
                          "DefaultValue": null,
                          "DataSource": null
                        },
                        {
                          "FieldId": "Default.PaymentInstructions.BankRoutingNumber",
                          "FieldName": "Bank Routing Number",
                          "IsMultiValue": false,
                          "Type": "Text",
                          "DeriveFieldsFormat": "",
                          "Components": [],
                          "SetValues": [],
                          "Metadata": [
                            {
                              "Key": "prompt",
                              "Value": "US/Canada domestic routing number. Labels: 'Routing Number', 'ABA Number', 'RTN', 'Transit Number'. Typically 9 digits in the US."
                            }
                          ],
                          "RuleSet": null,
                          "DefaultValue": null,
                          "DataSource": null
                        },
                        {
                          "FieldId": "Default.PaymentInstructions.SWIFTCode",
                          "FieldName": "SWIFT Code",
                          "IsMultiValue": false,
                          "Type": "Text",
                          "DeriveFieldsFormat": "",
                          "Components": [],
                          "SetValues": [],
                          "Metadata": [
                            {
                              "Key": "prompt",
                              "Value": "SWIFT/BIC code for international wires. 8 or 11 alphanumeric characters (e.g., ABCDUS33 or ABCDUS33XXX)."
                            }
                          ],
                          "RuleSet": null,
                          "DefaultValue": null,
                          "DataSource": null
                        },
                        {
                          "FieldId": "Default.PaymentInstructions.PaymentTerms",
                          "FieldName": "Payment Terms",
                          "IsMultiValue": false,
                          "Type": "Text",
                          "DeriveFieldsFormat": "",
                          "Components": [],
                          "SetValues": [],
                          "Metadata": [
                            {
                              "Key": "prompt",
                              "Value": "Payment-timing terms. Common formats: 'Net 30', 'Due on Receipt', '2/10 Net 30', 'COD', 'EOM', 'PIA'."
                            }
                          ],
                          "RuleSet": null,
                          "DefaultValue": null,
                          "DataSource": null
                        }
                      ],
                      "SetValues": [],
                      "Metadata": [
                        {
                          "Key": "prompt",
                          "Value": "Information needed to remit payment to the vendor. Not all fields appear on every invoice — extract only what is provided. IBAN is common in Europe; Account + Routing common in US; SWIFT/BIC for international wires."
                        }
                      ],
                      "RuleSet": null,
                      "DefaultValue": null,
                      "DataSource": null
                    },
                    {
                      "FieldId": "Default.VendorDetails",
                      "FieldName": "Vendor Details",
                      "IsMultiValue": true,
                      "Type": "FieldGroup",
                      "DeriveFieldsFormat": "",
                      "Components": [
                        {
                          "FieldId": "Default.VendorDetails.VendorName",
                          "FieldName": "Vendor Name",
                          "IsMultiValue": false,
                          "Type": "Text",
                          "DeriveFieldsFormat": "",
                          "Components": [],
                          "SetValues": [],
                          "Metadata": [
                            {
                              "Key": "prompt",
                              "Value": "Full legal vendor/supplier name including legal suffixes (Inc., LLC, Ltd., GmbH, S.A., AG). Prefer legal name over trade name when both shown."
                            }
                          ],
                          "RuleSet": null,
                          "DefaultValue": null,
                          "DataSource": null
                        },
                        {
                          "FieldId": "Default.VendorDetails.VendorAddress",
                          "FieldName": "Vendor Address",
                          "IsMultiValue": false,
                          "Type": "Text",
                          "DeriveFieldsFormat": "",
                          "Components": [],
                          "SetValues": [],
                          "Metadata": [
                            {
                              "Key": "prompt",
                              "Value": "Vendor's primary business/headquarters address — street, city, state/province, postal code, country. Distinct from Payment Address and Bank Address."
                            }
                          ],
                          "RuleSet": null,
                          "DefaultValue": null,
                          "DataSource": null
                        },
                        {
                          "FieldId": "Default.VendorDetails.VendorVATNumber",
                          "FieldName": "Vendor VAT Number",
                          "IsMultiValue": false,
                          "Type": "Text",
                          "DeriveFieldsFormat": "",
                          "Components": [],
                          "SetValues": [],
                          "Metadata": [
                            {
                              "Key": "prompt",
                              "Value": "Vendor's tax/VAT ID. Labels: 'VAT Number', 'VAT ID', 'Tax ID', 'VAT Reg No', 'BTW', 'USt-IdNr', 'TIN', 'Fiscal Code'."
                            }
                          ],
                          "RuleSet": null,
                          "DefaultValue": null,
                          "DataSource": null
                        },
                        {
                          "FieldId": "Default.VendorDetails.VendorEmail",
                          "FieldName": "Vendor Email",
                          "IsMultiValue": false,
                          "Type": "Text",
                          "DeriveFieldsFormat": "",
                          "Components": [],
                          "SetValues": [],
                          "Metadata": [
                            {
                              "Key": "prompt",
                              "Value": "Vendor's contact email. Prefer general business emails (info@, sales@, billing@) over individual contacts when multiple are present."
                            }
                          ],
                          "RuleSet": null,
                          "DefaultValue": null,
                          "DataSource": null
                        }
                      ],
                      "SetValues": [],
                      "Metadata": [
                        {
                          "Key": "prompt",
                          "Value": "Information about the seller/supplier issuing the invoice. Found in the header, letterhead, or 'From' section. Distinguish Vendor Address from Payment Address and Bank Address."
                        }
                      ],
                      "RuleSet": null,
                      "DefaultValue": null,
                      "DataSource": null
                    }
                  ],
                  "Metadata": null
                }
              ],
              "Groups": [],
              "SupportedLanguages": [
                {
                  "Name": "Undetermined Language",
                  "Code": "und"
                },
                {
                  "Name": "Bulgarian",
                  "Code": "bul"
                },
                {
                  "Name": "Cantonese",
                  "Code": "yue"
                },
                {
                  "Name": "Danish",
                  "Code": "dan"
                },
                {
                  "Name": "Dutch",
                  "Code": "nld"
                },
                {
                  "Name": "English",
                  "Code": "eng"
                },
                {
                  "Name": "French",
                  "Code": "fra"
                },
                {
                  "Name": "Georgian",
                  "Code": "kat"
                },
                {
                  "Name": "German",
                  "Code": "deu"
                },
                {
                  "Name": "Greek",
                  "Code": "ell"
                },
                {
                  "Name": "Hebrew",
                  "Code": "heb"
                },
                {
                  "Name": "Hindi",
                  "Code": "hin"
                },
                {
                  "Name": "Italian",
                  "Code": "ita"
                },
                {
                  "Name": "Japanese",
                  "Code": "jpn"
                },
                {
                  "Name": "Korean",
                  "Code": "kor"
                },
                {
                  "Name": "Macedonian",
                  "Code": "mkd"
                },
                {
                  "Name": "Mandarin",
                  "Code": "zho"
                },
                {
                  "Name": "Marathi",
                  "Code": "mar"
                },
                {
                  "Name": "Norwegian",
                  "Code": "nor"
                },
                {
                  "Name": "Polish",
                  "Code": "pol"
                },
                {
                  "Name": "Portuguese",
                  "Code": "por"
                },
                {
                  "Name": "Romanian",
                  "Code": "ron"
                },
                {
                  "Name": "Russian",
                  "Code": "rus"
                },
                {
                  "Name": "Serbian",
                  "Code": "srp"
                },
                {
                  "Name": "Spanish",
                  "Code": "spa"
                },
                {
                  "Name": "Swedish",
                  "Code": "swe"
                },
                {
                  "Name": "Telugu",
                  "Code": "tel"
                },
                {
                  "Name": "Turkish",
                  "Code": "tur"
                }
              ],
              "ReportAsExceptionSettings": null
            },
            "ExtractionResult": {
              "DocumentId": "1ce119a0-5586-f111-b337-000d3abb8b7d",
              "ResultsVersion": 0,
              "ResultsDocument": {
                "Bounds": {
                  "PageCount": 2,
                  "PageRange": "1-2"
                },
                "Language": "eng",
                "DocumentGroup": "",
                "DocumentCategory": "",
                "DocumentTypeId": "00000000-0000-0000-0000-000000000000",
                "DocumentTypeName": "Default",
                "DocumentTypeDataVersion": 0,
                "DataVersion": 0,
                "DocumentTypeSource": "Automatic",
                "DocumentTypeField": {
                  "Components": [],
                  "Value": "Default",
                  "UnformattedValue": "",
                  "Reference": {
                    "TextStartIndex": 0,
                    "TextLength": 0,
                    "Tokens": []
                  },
                  "DerivedFields": [],
                  "Confidence": 1,
                  "OperatorConfirmed": false,
                  "OcrConfidence": -1,
                  "TextType": "Unknown",
                  "ValidatorNotes": "",
                  "ValidatorNotesInfo": ""
                },
                "Fields": [
                  {
                    "FieldId": "Default.BillingDetails",
                    "FieldName": "Billing Details",
                    "FieldType": "FieldGroup",
                    "IsMissing": false,
                    "DataSource": "Automatic",
                    "Values": [
                      {
                        "Components": [
                          {
                            "FieldId": "Default.BillingDetails.BillingName",
                            "FieldName": "Billing Name",
                            "FieldType": "Text",
                            "IsMissing": false,
                            "DataSource": "Automatic",
                            "Values": [
                              {
                                "Components": [],
                                "Value": "Northwind Electronics Corp.",
                                "UnformattedValue": "Northwind Electronics Corp.",
                                "Reference": {
                                  "TextStartIndex": 234,
                                  "TextLength": 27,
                                  "Tokens": [
                                    {
                                      "TextStartIndex": 234,
                                      "TextLength": 9,
                                      "Page": 0,
                                      "PageWidth": 612,
                                      "PageHeight": 792,
                                      "Boxes": [
                                        [
                                          204.95,
                                          43.5,
                                          54.56,
                                          17.83
                                        ]
                                      ]
                                    },
                                    {
                                      "TextStartIndex": 244,
                                      "TextLength": 11,
                                      "Page": 0,
                                      "PageWidth": 612,
                                      "PageHeight": 792,
                                      "Boxes": [
                                        [
                                          204.95,
                                          101.11,
                                          58.82,
                                          17.83
                                        ]
                                      ]
                                    },
                                    {
                                      "TextStartIndex": 256,
                                      "TextLength": 5,
                                      "Page": 0,
                                      "PageWidth": 612,
                                      "PageHeight": 792,
                                      "Boxes": [
                                        [
                                          204.95,
                                          162.99,
                                          28.92,
                                          17.83
                                        ]
                                      ]
                                    }
                                  ]
                                },
                                "DerivedFields": [],
                                "Confidence": 0.99949235,
                                "OperatorConfirmed": false,
                                "OcrConfidence": 1,
                                "TextType": "Text",
                                "ValidatorNotes": "",
                                "ValidatorNotesInfo": ""
                              }
                            ],
                            "DataVersion": 0,
                            "OperatorConfirmed": false,
                            "ValidatorNotes": "",
                            "ValidatorNotesInfo": ""
                          },
                          {
                            "FieldId": "Default.BillingDetails.BillingAddress",
                            "FieldName": "Billing Address",
                            "FieldType": "Text",
                            "IsMissing": false,
                            "DataSource": "Automatic",
                            "Values": [
                              {
                                "Components": [],
                                "Value": "890 Industrial Parkway, Building C Omaha, NE 68102",
                                "UnformattedValue": "890 Industrial Parkway, Building C Omaha, NE 68102",
                                "Reference": {
                                  "TextStartIndex": 279,
                                  "TextLength": 50,
                                  "Tokens": [
                                    {
                                      "TextStartIndex": 279,
                                      "TextLength": 3,
                                      "Page": 0,
                                      "PageWidth": 612,
                                      "PageHeight": 792,
                                      "Boxes": [
                                        [
                                          236.95,
                                          43.5,
                                          17.51,
                                          16.35
                                        ]
                                      ]
                                    },
                                    {
                                      "TextStartIndex": 283,
                                      "TextLength": 10,
                                      "Page": 0,
                                      "PageWidth": 612,
                                      "PageHeight": 792,
                                      "Boxes": [
                                        [
                                          236.95,
                                          63.93,
                                          42.98,
                                          16.35
                                        ]
                                      ]
                                    },
                                    {
                                      "TextStartIndex": 294,
                                      "TextLength": 8,
                                      "Page": 0,
                                      "PageWidth": 612,
                                      "PageHeight": 792,
                                      "Boxes": [
                                        [
                                          236.95,
                                          109.83,
                                          42.38,
                                          16.35
                                        ]
                                      ]
                                    },
                                    {
                                      "TextStartIndex": 303,
                                      "TextLength": 8,
                                      "Page": 0,
                                      "PageWidth": 612,
                                      "PageHeight": 792,
                                      "Boxes": [
                                        [
                                          236.95,
                                          155.13,
                                          38.11,
                                          16.35
                                        ]
                                      ]
                                    },
                                    {
                                      "TextStartIndex": 312,
                                      "TextLength": 1,
                                      "Page": 0,
                                      "PageWidth": 612,
                                      "PageHeight": 792,
                                      "Boxes": [
                                        [
                                          236.95,
                                          196.16,
                                          7.58,
                                          16.35
                                        ]
                                      ]
                                    },
                                    {
                                      "TextStartIndex": 314,
                                      "TextLength": 6,
                                      "Page": 0,
                                      "PageWidth": 612,
                                      "PageHeight": 792,
                                      "Boxes": [
                                        [
                                          251.95,
                                          43.5,
                                          36.97,
                                          16.35
                                        ]
                                      ]
                                    },
                                    {
                                      "TextStartIndex": 321,
                                      "TextLength": 2,
                                      "Page": 0,
                                      "PageWidth": 612,
                                      "PageHeight": 792,
                                      "Boxes": [
                                        [
                                          251.95,
                                          83.39,
                                          14,
                                          16.35
                                        ]
                                      ]
                                    },
                                    {
                                      "TextStartIndex": 324,
                                      "TextLength": 5,
                                      "Page": 0,
                                      "PageWidth": 612,
                                      "PageHeight": 792,
                                      "Boxes": [
                                        [
                                          251.95,
                                          100.3,
                                          29.19,
                                          16.35
                                        ]
                                      ]
                                    }
                                  ]
                                },
                                "DerivedFields": [],
                                "Confidence": 0.9168173,
                                "OperatorConfirmed": false,
                                "OcrConfidence": 1,
                                "TextType": "Text",
                                "ValidatorNotes": "",
                                "ValidatorNotesInfo": ""
                              }
                            ],
                            "DataVersion": 0,
                            "OperatorConfirmed": false,
                            "ValidatorNotes": "",
                            "ValidatorNotesInfo": ""
                          },
                          {
                            "FieldId": "Default.BillingDetails.BillingVATNumber",
                            "FieldName": "Billing VAT Number",
                            "FieldType": "Text",
                            "IsMissing": true,
                            "DataSource": "Automatic",
                            "Values": null,
                            "DataVersion": 0,
                            "OperatorConfirmed": false,
                            "ValidatorNotes": "",
                            "ValidatorNotesInfo": ""
                          }
                        ],
                        "Value": "",
                        "UnformattedValue": "",
                        "Reference": {
                          "TextStartIndex": 0,
                          "TextLength": 0,
                          "Tokens": []
                        },
                        "DerivedFields": [],
                        "Confidence": 0.9163043,
                        "OperatorConfirmed": false,
                        "OcrConfidence": 1,
                        "TextType": "Unknown",
                        "ValidatorNotes": "",
                        "ValidatorNotesInfo": ""
                      }
                    ],
                    "DataVersion": 0,
                    "OperatorConfirmed": false,
                    "ValidatorNotes": "",
                    "ValidatorNotesInfo": ""
                  },
                  {
                    "FieldId": "Default.FinancialSummary",
                    "FieldName": "Financial Summary",
                    "FieldType": "FieldGroup",
                    "IsMissing": false,
                    "DataSource": "Automatic",
                    "Values": [
                      {
                        "Components": [
                          {
                            "FieldId": "Default.FinancialSummary.NetAmount",
                            "FieldName": "Net Amount",
                            "FieldType": "Number",
                            "IsMissing": false,
                            "DataSource": "Automatic",
                            "Values": [
                              {
                                "Components": [],
                                "Value": "30470.00",
                                "UnformattedValue": "30470.00",
                                "Reference": {
                                  "TextStartIndex": 1669,
                                  "TextLength": 10,
                                  "Tokens": [
                                    {
                                      "TextStartIndex": 1669,
                                      "TextLength": 10,
                                      "Page": 1,
                                      "PageWidth": 612,
                                      "PageHeight": 792,
                                      "Boxes": [
                                        [
                                          39.7,
                                          516.7,
                                          52.54,
                                          16.35
                                        ]
                                      ]
                                    }
                                  ]
                                },
                                "DerivedFields": [
                                  {
                                    "FieldId": "Value",
                                    "Value": "30470.00"
                                  }
                                ],
                                "Confidence": 0.7804474,
                                "OperatorConfirmed": false,
                                "OcrConfidence": 1,
                                "TextType": "Text",
                                "ValidatorNotes": "",
                                "ValidatorNotesInfo": ""
                              }
                            ],
                            "DataVersion": 0,
                            "OperatorConfirmed": false,
                            "ValidatorNotes": "",
                            "ValidatorNotesInfo": ""
                          },
                          {
                            "FieldId": "Default.FinancialSummary.DiscountAmount",
                            "FieldName": "Discount Amount",
                            "FieldType": "Number",
                            "IsMissing": true,
                            "DataSource": "Automatic",
                            "Values": null,
                            "DataVersion": 0,
                            "OperatorConfirmed": false,
                            "ValidatorNotes": "",
                            "ValidatorNotesInfo": ""
                          },
                          {
                            "FieldId": "Default.FinancialSummary.TaxAmount",
                            "FieldName": "Tax Amount",
                            "FieldType": "Number",
                            "IsMissing": false,
                            "DataSource": "Automatic",
                            "Values": [
                              {
                                "Components": [],
                                "Value": "0.00",
                                "UnformattedValue": "0.00",
                                "Reference": {
                                  "TextStartIndex": 1698,
                                  "TextLength": 5,
                                  "Tokens": [
                                    {
                                      "TextStartIndex": 1698,
                                      "TextLength": 5,
                                      "Page": 1,
                                      "PageWidth": 612,
                                      "PageHeight": 792,
                                      "Boxes": [
                                        [
                                          63.7,
                                          542.98,
                                          26.27,
                                          16.35
                                        ]
                                      ]
                                    }
                                  ]
                                },
                                "DerivedFields": [
                                  {
                                    "FieldId": "Value",
                                    "Value": "0.00"
                                  }
                                ],
                                "Confidence": 0.9960855,
                                "OperatorConfirmed": false,
                                "OcrConfidence": 1,
                                "TextType": "Text",
                                "ValidatorNotes": "",
                                "ValidatorNotesInfo": ""
                              }
                            ],
                            "DataVersion": 0,
                            "OperatorConfirmed": false,
                            "ValidatorNotes": "",
                            "ValidatorNotesInfo": ""
                          },
                          {
                            "FieldId": "Default.FinancialSummary.TaxRate",
                            "FieldName": "Tax Rate",
                            "FieldType": "Number",
                            "IsMissing": true,
                            "DataSource": "Automatic",
                            "Values": null,
                            "DataVersion": 0,
                            "OperatorConfirmed": false,
                            "ValidatorNotes": "",
                            "ValidatorNotesInfo": ""
                          },
                          {
                            "FieldId": "Default.FinancialSummary.TotalAmount",
                            "FieldName": "Total Amount",
                            "FieldType": "Number",
                            "IsMissing": false,
                            "DataSource": "Automatic",
                            "Values": [
                              {
                                "Components": [],
                                "Value": "30425.00",
                                "UnformattedValue": "30425.00",
                                "Reference": {
                                  "TextStartIndex": 1727,
                                  "TextLength": 10,
                                  "Tokens": [
                                    {
                                      "TextStartIndex": 1727,
                                      "TextLength": 10,
                                      "Page": 1,
                                      "PageWidth": 612,
                                      "PageHeight": 792,
                                      "Boxes": [
                                        [
                                          96.92,
                                          504.2,
                                          65.04,
                                          21.08
                                        ]
                                      ]
                                    }
                                  ]
                                },
                                "DerivedFields": [
                                  {
                                    "FieldId": "Value",
                                    "Value": "30425.00"
                                  }
                                ],
                                "Confidence": 0.99923927,
                                "OperatorConfirmed": false,
                                "OcrConfidence": 1,
                                "TextType": "Text",
                                "ValidatorNotes": "",
                                "ValidatorNotesInfo": ""
                              }
                            ],
                            "DataVersion": 0,
                            "OperatorConfirmed": false,
                            "ValidatorNotes": "",
                            "ValidatorNotesInfo": ""
                          },
                          {
                            "FieldId": "Default.FinancialSummary.Currency",
                            "FieldName": "Currency",
                            "FieldType": "Text",
                            "IsMissing": false,
                            "DataSource": "Automatic",
                            "Values": [
                              {
                                "Components": [],
                                "Value": "USD",
                                "UnformattedValue": "USD",
                                "Reference": {
                                  "TextStartIndex": 1719,
                                  "TextLength": 5,
                                  "Tokens": [
                                    {
                                      "TextStartIndex": 1719,
                                      "TextLength": 5,
                                      "Page": 1,
                                      "PageWidth": 612,
                                      "PageHeight": 792,
                                      "Boxes": [
                                        [
                                          96.92,
                                          391.11,
                                          35.39,
                                          21.08
                                        ]
                                      ]
                                    }
                                  ]
                                },
                                "DerivedFields": [],
                                "Confidence": 0.9663142,
                                "OperatorConfirmed": false,
                                "OcrConfidence": 1,
                                "TextType": "Text",
                                "ValidatorNotes": "",
                                "ValidatorNotesInfo": ""
                              }
                            ],
                            "DataVersion": 0,
                            "OperatorConfirmed": false,
                            "ValidatorNotes": "",
                            "ValidatorNotesInfo": ""
                          }
                        ],
                        "Value": "",
                        "UnformattedValue": "",
                        "Reference": {
                          "TextStartIndex": 0,
                          "TextLength": 0,
                          "Tokens": []
                        },
                        "DerivedFields": [],
                        "Confidence": 0.7485086,
                        "OperatorConfirmed": false,
                        "OcrConfidence": 1,
                        "TextType": "Unknown",
                        "ValidatorNotes": "",
                        "ValidatorNotesInfo": ""
                      }
                    ],
                    "DataVersion": 0,
                    "OperatorConfirmed": false,
                    "ValidatorNotes": "",
                    "ValidatorNotesInfo": ""
                  },
                  {
                    "FieldId": "Default.InvoiceItemLines",
                    "FieldName": "Invoice Item Lines",
                    "FieldType": "FieldGroup",
                    "IsMissing": false,
                    "DataSource": "Automatic",
                    "Values": [
                      {
                        "Components": [
                          {
                            "FieldId": "Default.InvoiceItemLines.LineNumber",
                            "FieldName": "Line Number",
                            "FieldType": "Number",
                            "IsMissing": false,
                            "DataSource": "Automatic",
                            "Values": [
                              {
                                "Components": [],
                                "Value": "1.00",
                                "UnformattedValue": "1",
                                "Reference": {
                                  "TextStartIndex": 570,
                                  "TextLength": 1,
                                  "Tokens": [
                                    {
                                      "TextStartIndex": 570,
                                      "TextLength": 1,
                                      "Page": 0,
                                      "PageWidth": 612,
                                      "PageHeight": 792,
                                      "Boxes": [
                                        [
                                          405.49,
                                          76.93,
                                          5.56,
                                          15.57
                                        ]
                                      ]
                                    }
                                  ]
                                },
                                "DerivedFields": [
                                  {
                                    "FieldId": "Value",
                                    "Value": "1.00"
                                  }
                                ],
                                "Confidence": 0.9995373,
                                "OperatorConfirmed": false,
                                "OcrConfidence": 1,
                                "TextType": "Text",
                                "ValidatorNotes": "",
                                "ValidatorNotesInfo": ""
                              }
                            ],
                            "DataVersion": 0,
                            "OperatorConfirmed": false,
                            "ValidatorNotes": "",
                            "ValidatorNotesInfo": ""
                          },
                          {
                            "FieldId": "Default.InvoiceItemLines.PartNumber",
                            "FieldName": "Part Number",
                            "FieldType": "Text",
                            "IsMissing": true,
                            "DataSource": "Automatic",
                            "Values": null,
                            "DataVersion": 0,
                            "OperatorConfirmed": false,
                            "ValidatorNotes": "",
                            "ValidatorNotesInfo": ""
                          },
                          {
                            "FieldId": "Default.InvoiceItemLines.Description",
                            "FieldName": "Description",
                            "FieldType": "Text",
                            "IsMissing": false,
                            "DataSource": "Automatic",
                            "Values": [
                              {
                                "Components": [],
                                "Value": "Cloud Hosting - Standard Tier",
                                "UnformattedValue": "Cloud Hosting - Standard Tier",
                                "Reference": {
                                  "TextStartIndex": 572,
                                  "TextLength": 29,
                                  "Tokens": [
                                    {
                                      "TextStartIndex": 572,
                                      "TextLength": 5,
                                      "Page": 0,
                                      "PageWidth": 612,
                                      "PageHeight": 792,
                                      "Boxes": [
                                        [
                                          404.65,
                                          100.5,
                                          27.4,
                                          14.47
                                        ]
                                      ]
                                    },
                                    {
                                      "TextStartIndex": 578,
                                      "TextLength": 7,
                                      "Page": 0,
                                      "PageWidth": 612,
                                      "PageHeight": 792,
                                      "Boxes": [
                                        [
                                          404.65,
                                          130.68,
                                          35.74,
                                          14.47
                                        ]
                                      ]
                                    },
                                    {
                                      "TextStartIndex": 0,
                                      "TextLength": 0,
                                      "Page": 0,
                                      "PageWidth": 612,
                                      "PageHeight": 792,
                                      "Boxes": [
                                        [
                                          408.5052,
                                          168.8036,
                                          4.8627,
                                          9.0316
                                        ]
                                      ]
                                    },
                                    {
                                      "TextStartIndex": 588,
                                      "TextLength": 8,
                                      "Page": 0,
                                      "PageWidth": 612,
                                      "PageHeight": 792,
                                      "Boxes": [
                                        [
                                          404.65,
                                          175.87,
                                          42.22,
                                          14.47
                                        ]
                                      ]
                                    },
                                    {
                                      "TextStartIndex": 597,
                                      "TextLength": 4,
                                      "Page": 0,
                                      "PageWidth": 612,
                                      "PageHeight": 792,
                                      "Boxes": [
                                        [
                                          404.65,
                                          220.87,
                                          17.42,
                                          14.47
                                        ]
                                      ]
                                    }
                                  ]
                                },
                                "DerivedFields": [],
                                "Confidence": 0.99992245,
                                "OperatorConfirmed": false,
                                "OcrConfidence": 1,
                                "TextType": "Text",
                                "ValidatorNotes": "",
                                "ValidatorNotesInfo": ""
                              }
                            ],
                            "DataVersion": 0,
                            "OperatorConfirmed": false,
                            "ValidatorNotes": "",
                            "ValidatorNotesInfo": ""
                          },
                          {
                            "FieldId": "Default.InvoiceItemLines.Quantity",
                            "FieldName": "Quantity",
                            "FieldType": "Number",
                            "IsMissing": false,
                            "DataSource": "Automatic",
                            "Values": [
                              {
                                "Components": [],
                                "Value": "1.00",
                                "UnformattedValue": "1",
                                "Reference": {
                                  "TextStartIndex": 608,
                                  "TextLength": 1,
                                  "Tokens": [
                                    {
                                      "TextStartIndex": 608,
                                      "TextLength": 1,
                                      "Page": 0,
                                      "PageWidth": 612,
                                      "PageHeight": 792,
                                      "Boxes": [
                                        [
                                          405.49,
                                          353.68,
                                          5.56,
                                          15.57
                                        ]
                                      ]
                                    }
                                  ]
                                },
                                "DerivedFields": [
                                  {
                                    "FieldId": "Value",
                                    "Value": "1.00"
                                  }
                                ],
                                "Confidence": 0.9999726,
                                "OperatorConfirmed": false,
                                "OcrConfidence": 1,
                                "TextType": "Text",
                                "ValidatorNotes": "",
                                "ValidatorNotesInfo": ""
                              }
                            ],
                            "DataVersion": 0,
                            "OperatorConfirmed": false,
                            "ValidatorNotes": "",
                            "ValidatorNotesInfo": ""
                          },
                          {
                            "FieldId": "Default.InvoiceItemLines.UnitPrice",
                            "FieldName": "Unit Price",
                            "FieldType": "Number",
                            "IsMissing": false,
                            "DataSource": "Automatic",
                            "Values": [
                              {
                                "Components": [],
                                "Value": "1200.00",
                                "UnformattedValue": "1200.00",
                                "Reference": {
                                  "TextStartIndex": 619,
                                  "TextLength": 9,
                                  "Tokens": [
                                    {
                                      "TextStartIndex": 619,
                                      "TextLength": 9,
                                      "Page": 0,
                                      "PageWidth": 612,
                                      "PageHeight": 792,
                                      "Boxes": [
                                        [
                                          405.49,
                                          407.78,
                                          44.47,
                                          15.57
                                        ]
                                      ]
                                    }
                                  ]
                                },
                                "DerivedFields": [
                                  {
                                    "FieldId": "Value",
                                    "Value": "1200.00"
                                  }
                                ],
                                "Confidence": 0.9902654,
                                "OperatorConfirmed": false,
                                "OcrConfidence": 1,
                                "TextType": "Text",
                                "ValidatorNotes": "",
                                "ValidatorNotesInfo": ""
                              }
                            ],
                            "DataVersion": 0,
                            "OperatorConfirmed": false,
                            "ValidatorNotes": "",
                            "ValidatorNotesInfo": ""
                          },
                          {
                            "FieldId": "Default.InvoiceItemLines.NetAmount",
                            "FieldName": "Net Amount",
                            "FieldType": "Number",
                            "IsMissing": true,
                            "DataSource": "Automatic",
                            "Values": null,
                            "DataVersion": 0,
                            "OperatorConfirmed": false,
                            "ValidatorNotes": "",
                            "ValidatorNotesInfo": ""
                          },
                          {
                            "FieldId": "Default.InvoiceItemLines.TaxAmount",
                            "FieldName": "Tax Amount",
                            "FieldType": "Number",
                            "IsMissing": true,
                            "DataSource": "Automatic",
                            "Values": null,
                            "DataVersion": 0,
                            "OperatorConfirmed": false,
                            "ValidatorNotes": "",
                            "ValidatorNotesInfo": ""
                          },
                          {
                            "FieldId": "Default.InvoiceItemLines.TotalAmount",
                            "FieldName": "Total Amount",
                            "FieldType": "Number",
                            "IsMissing": false,
                            "DataSource": "Automatic",
                            "Values": [
                              {
                                "Components": [],
                                "Value": "1200.00",
                                "UnformattedValue": "1200.00",
                                "Reference": {
                                  "TextStartIndex": 631,
                                  "TextLength": 9,
                                  "Tokens": [
                                    {
                                      "TextStartIndex": 631,
                                      "TextLength": 9,
                                      "Page": 0,
                                      "PageWidth": 612,
                                      "PageHeight": 792,
                                      "Boxes": [
                                        [
                                          405.49,
                                          515.78,
                                          44.47,
                                          15.57
                                        ]
                                      ]
                                    }
                                  ]
                                },
                                "DerivedFields": [
                                  {
                                    "FieldId": "Value",
                                    "Value": "1200.00"
                                  }
                                ],
                                "Confidence": 0.9989639,
                                "OperatorConfirmed": false,
                                "OcrConfidence": 1,
                                "TextType": "Text",
                                "ValidatorNotes": "",
                                "ValidatorNotesInfo": ""
                              }
                            ],
                            "DataVersion": 0,
                            "OperatorConfirmed": false,
                            "ValidatorNotes": "",
                            "ValidatorNotesInfo": ""
                          }
                        ],
                        "Value": "",
                        "UnformattedValue": "",
                        "Reference": {
                          "TextStartIndex": 0,
                          "TextLength": 0,
                          "Tokens": []
                        },
                        "DerivedFields": [],
                        "Confidence": 0.9848488,
                        "OperatorConfirmed": false,
                        "OcrConfidence": 1,
                        "TextType": "Unknown",
                        "ValidatorNotes": "",
                        "ValidatorNotesInfo": ""
                      },
                      {
                        "Components": [
                          {
                            "FieldId": "Default.InvoiceItemLines.LineNumber",
                            "FieldName": "Line Number",
                            "FieldType": "Number",
                            "IsMissing": false,
                            "DataSource": "Automatic",
                            "Values": [
                              {
                                "Components": [],
                                "Value": "2.00",
                                "UnformattedValue": "2",
                                "Reference": {
                                  "TextStartIndex": 642,
                                  "TextLength": 1,
                                  "Tokens": [
                                    {
                                      "TextStartIndex": 642,
                                      "TextLength": 1,
                                      "Page": 0,
                                      "PageWidth": 612,
                                      "PageHeight": 792,
                                      "Boxes": [
                                        [
                                          435.49,
                                          76.93,
                                          5.56,
                                          15.57
                                        ]
                                      ]
                                    }
                                  ]
                                },
                                "DerivedFields": [
                                  {
                                    "FieldId": "Value",
                                    "Value": "2.00"
                                  }
                                ],
                                "Confidence": 0.99999017,
                                "OperatorConfirmed": false,
                                "OcrConfidence": 1,
                                "TextType": "Text",
                                "ValidatorNotes": "",
                                "ValidatorNotesInfo": ""
                              }
                            ],
                            "DataVersion": 0,
                            "OperatorConfirmed": false,
                            "ValidatorNotes": "",
                            "ValidatorNotesInfo": ""
                          },
                          {
                            "FieldId": "Default.InvoiceItemLines.PartNumber",
                            "FieldName": "Part Number",
                            "FieldType": "Text",
                            "IsMissing": true,
                            "DataSource": "Automatic",
                            "Values": null,
                            "DataVersion": 0,
                            "OperatorConfirmed": false,
                            "ValidatorNotes": "",
                            "ValidatorNotesInfo": ""
                          },
                          {
                            "FieldId": "Default.InvoiceItemLines.Description",
                            "FieldName": "Description",
                            "FieldType": "Text",
                            "IsMissing": false,
                            "DataSource": "Automatic",
                            "Values": [
                              {
                                "Components": [],
                                "Value": "Premium Support Package SOW: NW-2025-014",
                                "UnformattedValue": "Premium Support Package SOW: NW-2025-014",
                                "Reference": {
                                  "TextStartIndex": 644,
                                  "TextLength": 86,
                                  "Tokens": [
                                    {
                                      "TextStartIndex": 644,
                                      "TextLength": 7,
                                      "Page": 0,
                                      "PageWidth": 612,
                                      "PageHeight": 792,
                                      "Boxes": [
                                        [
                                          434.65,
                                          100.5,
                                          41.11,
                                          14.47
                                        ]
                                      ]
                                    },
                                    {
                                      "TextStartIndex": 652,
                                      "TextLength": 7,
                                      "Page": 0,
                                      "PageWidth": 612,
                                      "PageHeight": 792,
                                      "Boxes": [
                                        [
                                          434.65,
                                          144.39,
                                          37.21,
                                          14.47
                                        ]
                                      ]
                                    },
                                    {
                                      "TextStartIndex": 660,
                                      "TextLength": 7,
                                      "Page": 0,
                                      "PageWidth": 612,
                                      "PageHeight": 792,
                                      "Boxes": [
                                        [
                                          434.65,
                                          184.38,
                                          40.2,
                                          14.47
                                        ]
                                      ]
                                    },
                                    {
                                      "TextStartIndex": 714,
                                      "TextLength": 4,
                                      "Page": 0,
                                      "PageWidth": 612,
                                      "PageHeight": 792,
                                      "Boxes": [
                                        [
                                          451.65,
                                          100.5,
                                          20.46,
                                          12.03
                                        ]
                                      ]
                                    },
                                    {
                                      "TextStartIndex": 719,
                                      "TextLength": 11,
                                      "Page": 0,
                                      "PageWidth": 612,
                                      "PageHeight": 792,
                                      "Boxes": [
                                        [
                                          451.65,
                                          126.08,
                                          56.28,
                                          12.03
                                        ]
                                      ]
                                    }
                                  ]
                                },
                                "DerivedFields": [],
                                "Confidence": 0.6885051,
                                "OperatorConfirmed": false,
                                "OcrConfidence": 1,
                                "TextType": "Text",
                                "ValidatorNotes": "",
                                "ValidatorNotesInfo": ""
                              }
                            ],
                            "DataVersion": 0,
                            "OperatorConfirmed": false,
                            "ValidatorNotes": "",
                            "ValidatorNotesInfo": ""
                          },
                          {
                            "FieldId": "Default.InvoiceItemLines.Quantity",
                            "FieldName": "Quantity",
                            "FieldType": "Number",
                            "IsMissing": false,
                            "DataSource": "Automatic",
                            "Values": [
                              {
                                "Components": [],
                                "Value": "1.00",
                                "UnformattedValue": "1",
                                "Reference": {
                                  "TextStartIndex": 691,
                                  "TextLength": 9,
                                  "Tokens": [
                                    {
                                      "TextStartIndex": 691,
                                      "TextLength": 9,
                                      "Page": 0,
                                      "PageWidth": 612,
                                      "PageHeight": 792,
                                      "Boxes": [
                                        [
                                          435.49,
                                          407.78,
                                          44.47,
                                          15.57
                                        ]
                                      ]
                                    }
                                  ]
                                },
                                "DerivedFields": [
                                  {
                                    "FieldId": "Value",
                                    "Value": "1.00"
                                  }
                                ],
                                "Confidence": 0.9999878,
                                "OperatorConfirmed": false,
                                "OcrConfidence": 1,
                                "TextType": "Text",
                                "ValidatorNotes": "",
                                "ValidatorNotesInfo": ""
                              }
                            ],
                            "DataVersion": 0,
                            "OperatorConfirmed": false,
                            "ValidatorNotes": "",
                            "ValidatorNotesInfo": ""
                          },
                          {
                            "FieldId": "Default.InvoiceItemLines.UnitPrice",
                            "FieldName": "Unit Price",
                            "FieldType": "Number",
                            "IsMissing": false,
                            "DataSource": "Automatic",
                            "Values": [
                              {
                                "Components": [],
                                "Value": "2500.00",
                                "UnformattedValue": "2500.00",
                                "Reference": {
                                  "TextStartIndex": 691,
                                  "TextLength": 9,
                                  "Tokens": [
                                    {
                                      "TextStartIndex": 691,
                                      "TextLength": 9,
                                      "Page": 0,
                                      "PageWidth": 612,
                                      "PageHeight": 792,
                                      "Boxes": [
                                        [
                                          435.49,
                                          407.78,
                                          44.47,
                                          15.57
                                        ]
                                      ]
                                    }
                                  ]
                                },
                                "DerivedFields": [
                                  {
                                    "FieldId": "Value",
                                    "Value": "2500.00"
                                  }
                                ],
                                "Confidence": 0.99981856,
                                "OperatorConfirmed": false,
                                "OcrConfidence": 1,
                                "TextType": "Text",
                                "ValidatorNotes": "",
                                "ValidatorNotesInfo": ""
                              }
                            ],
                            "DataVersion": 0,
                            "OperatorConfirmed": false,
                            "ValidatorNotes": "",
                            "ValidatorNotesInfo": ""
                          },
                          {
                            "FieldId": "Default.InvoiceItemLines.NetAmount",
                            "FieldName": "Net Amount",
                            "FieldType": "Number",
                            "IsMissing": true,
                            "DataSource": "Automatic",
                            "Values": null,
                            "DataVersion": 0,
                            "OperatorConfirmed": false,
                            "ValidatorNotes": "",
                            "ValidatorNotesInfo": ""
                          },
                          {
                            "FieldId": "Default.InvoiceItemLines.TaxAmount",
                            "FieldName": "Tax Amount",
                            "FieldType": "Number",
                            "IsMissing": true,
                            "DataSource": "Automatic",
                            "Values": null,
                            "DataVersion": 0,
                            "OperatorConfirmed": false,
                            "ValidatorNotes": "",
                            "ValidatorNotesInfo": ""
                          },
                          {
                            "FieldId": "Default.InvoiceItemLines.TotalAmount",
                            "FieldName": "Total Amount",
                            "FieldType": "Number",
                            "IsMissing": false,
                            "DataSource": "Automatic",
                            "Values": [
                              {
                                "Components": [],
                                "Value": "2500.00",
                                "UnformattedValue": "2500.00",
                                "Reference": {
                                  "TextStartIndex": 703,
                                  "TextLength": 9,
                                  "Tokens": [
                                    {
                                      "TextStartIndex": 703,
                                      "TextLength": 9,
                                      "Page": 0,
                                      "PageWidth": 612,
                                      "PageHeight": 792,
                                      "Boxes": [
                                        [
                                          435.49,
                                          515.78,
                                          44.47,
                                          15.57
                                        ]
                                      ]
                                    }
                                  ]
                                },
                                "DerivedFields": [
                                  {
                                    "FieldId": "Value",
                                    "Value": "2500.00"
                                  }
                                ],
                                "Confidence": 0.99982935,
                                "OperatorConfirmed": false,
                                "OcrConfidence": 1,
                                "TextType": "Text",
                                "ValidatorNotes": "",
                                "ValidatorNotesInfo": ""
                              }
                            ],
                            "DataVersion": 0,
                            "OperatorConfirmed": false,
                            "ValidatorNotes": "",
                            "ValidatorNotesInfo": ""
                          }
                        ],
                        "Value": "",
                        "UnformattedValue": "",
                        "Reference": {
                          "TextStartIndex": 0,
                          "TextLength": 0,
                          "Tokens": []
                        },
                        "DerivedFields": [],
                        "Confidence": 0.68459976,
                        "OperatorConfirmed": false,
                        "OcrConfidence": 1,
                        "TextType": "Unknown",
                        "ValidatorNotes": "",
                        "ValidatorNotesInfo": ""
                      },
                      {
                        "Components": [
                          {
                            "FieldId": "Default.InvoiceItemLines.LineNumber",
                            "FieldName": "Line Number",
                            "FieldType": "Number",
                            "IsMissing": false,
                            "DataSource": "Automatic",
                            "Values": [
                              {
                                "Components": [],
                                "Value": "3.00",
                                "UnformattedValue": "3",
                                "Reference": {
                                  "TextStartIndex": 786,
                                  "TextLength": 1,
                                  "Tokens": [
                                    {
                                      "TextStartIndex": 786,
                                      "TextLength": 1,
                                      "Page": 0,
                                      "PageWidth": 612,
                                      "PageHeight": 792,
                                      "Boxes": [
                                        [
                                          479.74,
                                          76.93,
                                          5.56,
                                          15.57
                                        ]
                                      ]
                                    }
                                  ]
                                },
                                "DerivedFields": [
                                  {
                                    "FieldId": "Value",
                                    "Value": "3.00"
                                  }
                                ],
                                "Confidence": 0.99998975,
                                "OperatorConfirmed": false,
                                "OcrConfidence": 1,
                                "TextType": "Text",
                                "ValidatorNotes": "",
                                "ValidatorNotesInfo": ""
                              }
                            ],
                            "DataVersion": 0,
                            "OperatorConfirmed": false,
                            "ValidatorNotes": "",
                            "ValidatorNotesInfo": ""
                          },
                          {
                            "FieldId": "Default.InvoiceItemLines.PartNumber",
                            "FieldName": "Part Number",
                            "FieldType": "Text",
                            "IsMissing": true,
                            "DataSource": "Automatic",
                            "Values": null,
                            "DataVersion": 0,
                            "OperatorConfirmed": false,
                            "ValidatorNotes": "",
                            "ValidatorNotesInfo": ""
                          },
                          {
                            "FieldId": "Default.InvoiceItemLines.Description",
                            "FieldName": "Description",
                            "FieldType": "Text",
                            "IsMissing": false,
                            "DataSource": "Automatic",
                            "Values": [
                              {
                                "Components": [],
                                "Value": "Storage Premium",
                                "UnformattedValue": "Storage Premium",
                                "Reference": {
                                  "TextStartIndex": 788,
                                  "TextLength": 15,
                                  "Tokens": [
                                    {
                                      "TextStartIndex": 788,
                                      "TextLength": 7,
                                      "Page": 0,
                                      "PageWidth": 612,
                                      "PageHeight": 792,
                                      "Boxes": [
                                        [
                                          478.9,
                                          100.5,
                                          36.3,
                                          14.47
                                        ]
                                      ]
                                    },
                                    {
                                      "TextStartIndex": 796,
                                      "TextLength": 7,
                                      "Page": 0,
                                      "PageWidth": 612,
                                      "PageHeight": 792,
                                      "Boxes": [
                                        [
                                          478.9,
                                          139.58,
                                          41.11,
                                          14.47
                                        ]
                                      ]
                                    }
                                  ]
                                },
                                "DerivedFields": [],
                                "Confidence": 0.999916,
                                "OperatorConfirmed": false,
                                "OcrConfidence": 1,
                                "TextType": "Text",
                                "ValidatorNotes": "",
                                "ValidatorNotesInfo": ""
                              }
                            ],
                            "DataVersion": 0,
                            "OperatorConfirmed": false,
                            "ValidatorNotes": "",
                            "ValidatorNotesInfo": ""
                          },
                          {
                            "FieldId": "Default.InvoiceItemLines.Quantity",
                            "FieldName": "Quantity",
                            "FieldType": "Number",
                            "IsMissing": false,
                            "DataSource": "Automatic",
                            "Values": [
                              {
                                "Components": [],
                                "Value": "1000.00",
                                "UnformattedValue": "1000",
                                "Reference": {
                                  "TextStartIndex": 824,
                                  "TextLength": 5,
                                  "Tokens": [
                                    {
                                      "TextStartIndex": 824,
                                      "TextLength": 5,
                                      "Page": 0,
                                      "PageWidth": 612,
                                      "PageHeight": 792,
                                      "Boxes": [
                                        [
                                          479.74,
                                          317.02,
                                          25.01,
                                          15.57
                                        ]
                                      ]
                                    }
                                  ]
                                },
                                "DerivedFields": [
                                  {
                                    "FieldId": "Value",
                                    "Value": "1000.00"
                                  }
                                ],
                                "Confidence": 0.99523693,
                                "OperatorConfirmed": false,
                                "OcrConfidence": 1,
                                "TextType": "Text",
                                "ValidatorNotes": "",
                                "ValidatorNotesInfo": ""
                              }
                            ],
                            "DataVersion": 0,
                            "OperatorConfirmed": false,
                            "ValidatorNotes": "",
                            "ValidatorNotesInfo": ""
                          },
                          {
                            "FieldId": "Default.InvoiceItemLines.UnitPrice",
                            "FieldName": "Unit Price",
                            "FieldType": "Number",
                            "IsMissing": false,
                            "DataSource": "Automatic",
                            "Values": [
                              {
                                "Components": [],
                                "Value": "0.18",
                                "UnformattedValue": "0.1800",
                                "Reference": {
                                  "TextStartIndex": 835,
                                  "TextLength": 7,
                                  "Tokens": [
                                    {
                                      "TextStartIndex": 835,
                                      "TextLength": 7,
                                      "Page": 0,
                                      "PageWidth": 612,
                                      "PageHeight": 792,
                                      "Boxes": [
                                        [
                                          479.74,
                                          416.11,
                                          36.13,
                                          15.57
                                        ]
                                      ]
                                    }
                                  ]
                                },
                                "DerivedFields": [
                                  {
                                    "FieldId": "Value",
                                    "Value": "0.18"
                                  }
                                ],
                                "Confidence": 0.99361795,
                                "OperatorConfirmed": false,
                                "OcrConfidence": 1,
                                "TextType": "Text",
                                "ValidatorNotes": "",
                                "ValidatorNotesInfo": ""
                              }
                            ],
                            "DataVersion": 0,
                            "OperatorConfirmed": false,
                            "ValidatorNotes": "",
                            "ValidatorNotesInfo": ""
                          },
                          {
                            "FieldId": "Default.InvoiceItemLines.NetAmount",
                            "FieldName": "Net Amount",
                            "FieldType": "Number",
                            "IsMissing": true,
                            "DataSource": "Automatic",
                            "Values": null,
                            "DataVersion": 0,
                            "OperatorConfirmed": false,
                            "ValidatorNotes": "",
                            "ValidatorNotesInfo": ""
                          },
                          {
                            "FieldId": "Default.InvoiceItemLines.TaxAmount",
                            "FieldName": "Tax Amount",
                            "FieldType": "Number",
                            "IsMissing": true,
                            "DataSource": "Automatic",
                            "Values": null,
                            "DataVersion": 0,
                            "OperatorConfirmed": false,
                            "ValidatorNotes": "",
                            "ValidatorNotesInfo": ""
                          },
                          {
                            "FieldId": "Default.InvoiceItemLines.TotalAmount",
                            "FieldName": "Total Amount",
                            "FieldType": "Number",
                            "IsMissing": false,
                            "DataSource": "Automatic",
                            "Values": [
                              {
                                "Components": [],
                                "Value": "180.00",
                                "UnformattedValue": "180.00",
                                "Reference": {
                                  "TextStartIndex": 847,
                                  "TextLength": 7,
                                  "Tokens": [
                                    {
                                      "TextStartIndex": 847,
                                      "TextLength": 7,
                                      "Page": 0,
                                      "PageWidth": 612,
                                      "PageHeight": 792,
                                      "Boxes": [
                                        [
                                          479.74,
                                          524.11,
                                          36.13,
                                          15.57
                                        ]
                                      ]
                                    }
                                  ]
                                },
                                "DerivedFields": [
                                  {
                                    "FieldId": "Value",
                                    "Value": "180.00"
                                  }
                                ],
                                "Confidence": 0.9990282,
                                "OperatorConfirmed": false,
                                "OcrConfidence": 1,
                                "TextType": "Text",
                                "ValidatorNotes": "",
                                "ValidatorNotesInfo": ""
                              }
                            ],
                            "DataVersion": 0,
                            "OperatorConfirmed": false,
                            "ValidatorNotes": "",
                            "ValidatorNotesInfo": ""
                          }
                        ],
                        "Value": "",
                        "UnformattedValue": "",
                        "Reference": {
                          "TextStartIndex": 0,
                          "TextLength": 0,
                          "Tokens": []
                        },
                        "DerivedFields": [],
                        "Confidence": 0.9877747,
                        "OperatorConfirmed": false,
                        "OcrConfidence": 1,
                        "TextType": "Unknown",
                        "ValidatorNotes": "",
                        "ValidatorNotesInfo": ""
                      },
                      {
                        "Components": [
                          {
                            "FieldId": "Default.InvoiceItemLines.LineNumber",
                            "FieldName": "Line Number",
                            "FieldType": "Number",
                            "IsMissing": false,
                            "DataSource": "Automatic",
                            "Values": [
                              {
                                "Components": [],
                                "Value": "4.00",
                                "UnformattedValue": "4",
                                "Reference": {
                                  "TextStartIndex": 860,
                                  "TextLength": 9,
                                  "Tokens": [
                                    {
                                      "TextStartIndex": 860,
                                      "TextLength": 9,
                                      "Page": 0,
                                      "PageWidth": 612,
                                      "PageHeight": 792,
                                      "Boxes": [
                                        [
                                          508.15,
                                          100.5,
                                          43.15,
                                          14.47
                                        ]
                                      ]
                                    }
                                  ]
                                },
                                "DerivedFields": [
                                  {
                                    "FieldId": "Value",
                                    "Value": "4.00"
                                  }
                                ],
                                "Confidence": 0.9999899,
                                "OperatorConfirmed": false,
                                "OcrConfidence": 1,
                                "TextType": "Text",
                                "ValidatorNotes": "",
                                "ValidatorNotesInfo": ""
                              }
                            ],
                            "DataVersion": 0,
                            "OperatorConfirmed": false,
                            "ValidatorNotes": "",
                            "ValidatorNotesInfo": ""
                          },
                          {
                            "FieldId": "Default.InvoiceItemLines.PartNumber",
                            "FieldName": "Part Number",
                            "FieldType": "Text",
                            "IsMissing": true,
                            "DataSource": "Automatic",
                            "Values": null,
                            "DataVersion": 0,
                            "OperatorConfirmed": false,
                            "ValidatorNotes": "",
                            "ValidatorNotesInfo": ""
                          },
                          {
                            "FieldId": "Default.InvoiceItemLines.Description",
                            "FieldName": "Description",
                            "FieldType": "Text",
                            "IsMissing": false,
                            "DataSource": "Automatic",
                            "Values": [
                              {
                                "Components": [],
                                "Value": "Solutions Architect Consulting",
                                "UnformattedValue": "Solutions Architect Consulting",
                                "Reference": {
                                  "TextStartIndex": 860,
                                  "TextLength": 30,
                                  "Tokens": [
                                    {
                                      "TextStartIndex": 860,
                                      "TextLength": 9,
                                      "Page": 0,
                                      "PageWidth": 612,
                                      "PageHeight": 792,
                                      "Boxes": [
                                        [
                                          508.15,
                                          100.5,
                                          43.15,
                                          14.47
                                        ]
                                      ]
                                    },
                                    {
                                      "TextStartIndex": 870,
                                      "TextLength": 9,
                                      "Page": 0,
                                      "PageWidth": 612,
                                      "PageHeight": 792,
                                      "Boxes": [
                                        [
                                          508.15,
                                          146.43,
                                          41.49,
                                          14.47
                                        ]
                                      ]
                                    },
                                    {
                                      "TextStartIndex": 880,
                                      "TextLength": 10,
                                      "Page": 0,
                                      "PageWidth": 612,
                                      "PageHeight": 792,
                                      "Boxes": [
                                        [
                                          508.15,
                                          190.7,
                                          49.63,
                                          14.47
                                        ]
                                      ]
                                    }
                                  ]
                                },
                                "DerivedFields": [],
                                "Confidence": 0.9999241,
                                "OperatorConfirmed": false,
                                "OcrConfidence": 1,
                                "TextType": "Text",
                                "ValidatorNotes": "",
                                "ValidatorNotesInfo": ""
                              }
                            ],
                            "DataVersion": 0,
                            "OperatorConfirmed": false,
                            "ValidatorNotes": "",
                            "ValidatorNotesInfo": ""
                          },
                          {
                            "FieldId": "Default.InvoiceItemLines.Quantity",
                            "FieldName": "Quantity",
                            "FieldType": "Number",
                            "IsMissing": false,
                            "DataSource": "Automatic",
                            "Values": [
                              {
                                "Components": [],
                                "Value": "4.00",
                                "UnformattedValue": "4",
                                "Reference": {
                                  "TextStartIndex": 896,
                                  "TextLength": 1,
                                  "Tokens": [
                                    {
                                      "TextStartIndex": 896,
                                      "TextLength": 1,
                                      "Page": 0,
                                      "PageWidth": 612,
                                      "PageHeight": 792,
                                      "Boxes": [
                                        [
                                          508.99,
                                          337.02,
                                          5.56,
                                          15.57
                                        ]
                                      ]
                                    }
                                  ]
                                },
                                "DerivedFields": [
                                  {
                                    "FieldId": "Value",
                                    "Value": "4.00"
                                  }
                                ],
                                "Confidence": 0.9996186,
                                "OperatorConfirmed": false,
                                "OcrConfidence": 1,
                                "TextType": "Text",
                                "ValidatorNotes": "",
                                "ValidatorNotesInfo": ""
                              }
                            ],
                            "DataVersion": 0,
                            "OperatorConfirmed": false,
                            "ValidatorNotes": "",
                            "ValidatorNotesInfo": ""
                          },
                          {
                            "FieldId": "Default.InvoiceItemLines.UnitPrice",
                            "FieldName": "Unit Price",
                            "FieldType": "Number",
                            "IsMissing": false,
                            "DataSource": "Automatic",
                            "Values": [
                              {
                                "Components": [],
                                "Value": "325.00",
                                "UnformattedValue": "325.00",
                                "Reference": {
                                  "TextStartIndex": 907,
                                  "TextLength": 7,
                                  "Tokens": [
                                    {
                                      "TextStartIndex": 907,
                                      "TextLength": 7,
                                      "Page": 0,
                                      "PageWidth": 612,
                                      "PageHeight": 792,
                                      "Boxes": [
                                        [
                                          508.99,
                                          416.11,
                                          36.13,
                                          15.57
                                        ]
                                      ]
                                    }
                                  ]
                                },
                                "DerivedFields": [
                                  {
                                    "FieldId": "Value",
                                    "Value": "325.00"
                                  }
                                ],
                                "Confidence": 0.9996205,
                                "OperatorConfirmed": false,
                                "OcrConfidence": 1,
                                "TextType": "Text",
                                "ValidatorNotes": "",
                                "ValidatorNotesInfo": ""
                              }
                            ],
                            "DataVersion": 0,
                            "OperatorConfirmed": false,
                            "ValidatorNotes": "",
                            "ValidatorNotesInfo": ""
                          },
                          {
                            "FieldId": "Default.InvoiceItemLines.NetAmount",
                            "FieldName": "Net Amount",
                            "FieldType": "Number",
                            "IsMissing": true,
                            "DataSource": "Automatic",
                            "Values": null,
                            "DataVersion": 0,
                            "OperatorConfirmed": false,
                            "ValidatorNotes": "",
                            "ValidatorNotesInfo": ""
                          },
                          {
                            "FieldId": "Default.InvoiceItemLines.TaxAmount",
                            "FieldName": "Tax Amount",
                            "FieldType": "Number",
                            "IsMissing": true,
                            "DataSource": "Automatic",
                            "Values": null,
                            "DataVersion": 0,
                            "OperatorConfirmed": false,
                            "ValidatorNotes": "",
                            "ValidatorNotesInfo": ""
                          },
                          {
                            "FieldId": "Default.InvoiceItemLines.TotalAmount",
                            "FieldName": "Total Amount",
                            "FieldType": "Number",
                            "IsMissing": false,
                            "DataSource": "Automatic",
                            "Values": [
                              {
                                "Components": [],
                                "Value": "1300.00",
                                "UnformattedValue": "1300.00",
                                "Reference": {
                                  "TextStartIndex": 919,
                                  "TextLength": 9,
                                  "Tokens": [
                                    {
                                      "TextStartIndex": 919,
                                      "TextLength": 9,
                                      "Page": 0,
                                      "PageWidth": 612,
                                      "PageHeight": 792,
                                      "Boxes": [
                                        [
                                          508.99,
                                          515.78,
                                          44.47,
                                          15.57
                                        ]
                                      ]
                                    }
                                  ]
                                },
                                "DerivedFields": [
                                  {
                                    "FieldId": "Value",
                                    "Value": "1300.00"
                                  }
                                ],
                                "Confidence": 0.9999574,
                                "OperatorConfirmed": false,
                                "OcrConfidence": 1,
                                "TextType": "Text",
                                "ValidatorNotes": "",
                                "ValidatorNotesInfo": ""
                              }
                            ],
                            "DataVersion": 0,
                            "OperatorConfirmed": false,
                            "ValidatorNotes": "",
                            "ValidatorNotesInfo": ""
                          }
                        ],
                        "Value": "",
                        "UnformattedValue": "",
                        "Reference": {
                          "TextStartIndex": 0,
                          "TextLength": 0,
                          "Tokens": []
                        },
                        "DerivedFields": [],
                        "Confidence": 0.99907565,
                        "OperatorConfirmed": false,
                        "OcrConfidence": 1,
                        "TextType": "Unknown",
                        "ValidatorNotes": "",
                        "ValidatorNotesInfo": ""
                      },
                      {
                        "Components": [
                          {
                            "FieldId": "Default.InvoiceItemLines.LineNumber",
                            "FieldName": "Line Number",
                            "FieldType": "Number",
                            "IsMissing": false,
                            "DataSource": "Automatic",
                            "Values": [
                              {
                                "Components": [],
                                "Value": "5.00",
                                "UnformattedValue": "5",
                                "Reference": {
                                  "TextStartIndex": 930,
                                  "TextLength": 1,
                                  "Tokens": [
                                    {
                                      "TextStartIndex": 930,
                                      "TextLength": 1,
                                      "Page": 0,
                                      "PageWidth": 612,
                                      "PageHeight": 792,
                                      "Boxes": [
                                        [
                                          538.99,
                                          76.93,
                                          5.56,
                                          15.57
                                        ]
                                      ]
                                    }
                                  ]
                                },
                                "DerivedFields": [
                                  {
                                    "FieldId": "Value",
                                    "Value": "5.00"
                                  }
                                ],
                                "Confidence": 0.9999881,
                                "OperatorConfirmed": false,
                                "OcrConfidence": 1,
                                "TextType": "Text",
                                "ValidatorNotes": "",
                                "ValidatorNotesInfo": ""
                              }
                            ],
                            "DataVersion": 0,
                            "OperatorConfirmed": false,
                            "ValidatorNotes": "",
                            "ValidatorNotesInfo": ""
                          },
                          {
                            "FieldId": "Default.InvoiceItemLines.PartNumber",
                            "FieldName": "Part Number",
                            "FieldType": "Text",
                            "IsMissing": true,
                            "DataSource": "Automatic",
                            "Values": null,
                            "DataVersion": 0,
                            "OperatorConfirmed": false,
                            "ValidatorNotes": "",
                            "ValidatorNotesInfo": ""
                          },
                          {
                            "FieldId": "Default.InvoiceItemLines.Description",
                            "FieldName": "Description",
                            "FieldType": "Text",
                            "IsMissing": false,
                            "DataSource": "Automatic",
                            "Values": [
                              {
                                "Components": [],
                                "Value": "Custom Integration Build Project: PRJ-NW-2026-022 SOW: NW-2026-022",
                                "UnformattedValue": "Custom Integration Build Project: PRJ-NW-2026-022 SOW: NW-2026-022",
                                "Reference": {
                                  "TextStartIndex": 932,
                                  "TextLength": 153,
                                  "Tokens": [
                                    {
                                      "TextStartIndex": 932,
                                      "TextLength": 6,
                                      "Page": 0,
                                      "PageWidth": 612,
                                      "PageHeight": 792,
                                      "Boxes": [
                                        [
                                          538.15,
                                          100.5,
                                          36.1,
                                          14.47
                                        ]
                                      ]
                                    },
                                    {
                                      "TextStartIndex": 939,
                                      "TextLength": 11,
                                      "Page": 0,
                                      "PageWidth": 612,
                                      "PageHeight": 792,
                                      "Boxes": [
                                        [
                                          538.15,
                                          139.38,
                                          49.82,
                                          14.47
                                        ]
                                      ]
                                    },
                                    {
                                      "TextStartIndex": 951,
                                      "TextLength": 5,
                                      "Page": 0,
                                      "PageWidth": 612,
                                      "PageHeight": 792,
                                      "Boxes": [
                                        [
                                          538.15,
                                          191.98,
                                          23.7,
                                          14.47
                                        ]
                                      ]
                                    },
                                    {
                                      "TextStartIndex": 1002,
                                      "TextLength": 8,
                                      "Page": 0,
                                      "PageWidth": 612,
                                      "PageHeight": 792,
                                      "Boxes": [
                                        [
                                          555.15,
                                          100.5,
                                          40.93,
                                          12.03
                                        ]
                                      ]
                                    },
                                    {
                                      "TextStartIndex": 1011,
                                      "TextLength": 15,
                                      "Page": 0,
                                      "PageWidth": 612,
                                      "PageHeight": 792,
                                      "Boxes": [
                                        [
                                          555.15,
                                          146.54,
                                          76.74,
                                          12.03
                                        ]
                                      ]
                                    },
                                    {
                                      "TextStartIndex": 1029,
                                      "TextLength": 4,
                                      "Page": 0,
                                      "PageWidth": 612,
                                      "PageHeight": 792,
                                      "Boxes": [
                                        [
                                          555.15,
                                          238.63,
                                          20.46,
                                          12.03
                                        ]
                                      ]
                                    },
                                    {
                                      "TextStartIndex": 1074,
                                      "TextLength": 11,
                                      "Page": 0,
                                      "PageWidth": 612,
                                      "PageHeight": 792,
                                      "Boxes": [
                                        [
                                          566.4,
                                          100.5,
                                          56.28,
                                          12.03
                                        ]
                                      ]
                                    }
                                  ]
                                },
                                "DerivedFields": [],
                                "Confidence": 0.51804477,
                                "OperatorConfirmed": false,
                                "OcrConfidence": 1,
                                "TextType": "Text",
                                "ValidatorNotes": "",
                                "ValidatorNotesInfo": ""
                              }
                            ],
                            "DataVersion": 0,
                            "OperatorConfirmed": false,
                            "ValidatorNotes": "",
                            "ValidatorNotesInfo": ""
                          },
                          {
                            "FieldId": "Default.InvoiceItemLines.Quantity",
                            "FieldName": "Quantity",
                            "FieldType": "Number",
                            "IsMissing": false,
                            "DataSource": "Automatic",
                            "Values": [
                              {
                                "Components": [],
                                "Value": "14.00",
                                "UnformattedValue": "14",
                                "Reference": {
                                  "TextStartIndex": 968,
                                  "TextLength": 2,
                                  "Tokens": [
                                    {
                                      "TextStartIndex": 968,
                                      "TextLength": 2,
                                      "Page": 0,
                                      "PageWidth": 612,
                                      "PageHeight": 792,
                                      "Boxes": [
                                        [
                                          538.99,
                                          331.46,
                                          11.12,
                                          15.57
                                        ]
                                      ]
                                    }
                                  ]
                                },
                                "DerivedFields": [
                                  {
                                    "FieldId": "Value",
                                    "Value": "14.00"
                                  }
                                ],
                                "Confidence": 0.9999739,
                                "OperatorConfirmed": false,
                                "OcrConfidence": 1,
                                "TextType": "Text",
                                "ValidatorNotes": "",
                                "ValidatorNotesInfo": ""
                              }
                            ],
                            "DataVersion": 0,
                            "OperatorConfirmed": false,
                            "ValidatorNotes": "",
                            "ValidatorNotesInfo": ""
                          },
                          {
                            "FieldId": "Default.InvoiceItemLines.UnitPrice",
                            "FieldName": "Unit Price",
                            "FieldType": "Number",
                            "IsMissing": false,
                            "DataSource": "Automatic",
                            "Values": [
                              {
                                "Components": [],
                                "Value": "185.00",
                                "UnformattedValue": "185.00",
                                "Reference": {
                                  "TextStartIndex": 979,
                                  "TextLength": 7,
                                  "Tokens": [
                                    {
                                      "TextStartIndex": 979,
                                      "TextLength": 7,
                                      "Page": 0,
                                      "PageWidth": 612,
                                      "PageHeight": 792,
                                      "Boxes": [
                                        [
                                          538.99,
                                          416.11,
                                          36.13,
                                          15.57
                                        ]
                                      ]
                                    }
                                  ]
                                },
                                "DerivedFields": [
                                  {
                                    "FieldId": "Value",
                                    "Value": "185.00"
                                  }
                                ],
                                "Confidence": 0.9999318,
                                "OperatorConfirmed": false,
                                "OcrConfidence": 1,
                                "TextType": "Text",
                                "ValidatorNotes": "",
                                "ValidatorNotesInfo": ""
                              }
                            ],
                            "DataVersion": 0,
                            "OperatorConfirmed": false,
                            "ValidatorNotes": "",
                            "ValidatorNotesInfo": ""
                          },
                          {
                            "FieldId": "Default.InvoiceItemLines.NetAmount",
                            "FieldName": "Net Amount",
                            "FieldType": "Number",
                            "IsMissing": true,
                            "DataSource": "Automatic",
                            "Values": null,
                            "DataVersion": 0,
                            "OperatorConfirmed": false,
                            "ValidatorNotes": "",
                            "ValidatorNotesInfo": ""
                          },
                          {
                            "FieldId": "Default.InvoiceItemLines.TaxAmount",
                            "FieldName": "Tax Amount",
                            "FieldType": "Number",
                            "IsMissing": true,
                            "DataSource": "Automatic",
                            "Values": null,
                            "DataVersion": 0,
                            "OperatorConfirmed": false,
                            "ValidatorNotes": "",
                            "ValidatorNotesInfo": ""
                          },
                          {
                            "FieldId": "Default.InvoiceItemLines.TotalAmount",
                            "FieldName": "Total Amount",
                            "FieldType": "Number",
                            "IsMissing": false,
                            "DataSource": "Automatic",
                            "Values": [
                              {
                                "Components": [],
                                "Value": "2590.00",
                                "UnformattedValue": "2590.00",
                                "Reference": {
                                  "TextStartIndex": 991,
                                  "TextLength": 9,
                                  "Tokens": [
                                    {
                                      "TextStartIndex": 991,
                                      "TextLength": 9,
                                      "Page": 0,
                                      "PageWidth": 612,
                                      "PageHeight": 792,
                                      "Boxes": [
                                        [
                                          538.99,
                                          515.78,
                                          44.47,
                                          15.57
                                        ]
                                      ]
                                    }
                                  ]
                                },
                                "DerivedFields": [
                                  {
                                    "FieldId": "Value",
                                    "Value": "2590.00"
                                  }
                                ],
                                "Confidence": 0.99985266,
                                "OperatorConfirmed": false,
                                "OcrConfidence": 1,
                                "TextType": "Text",
                                "ValidatorNotes": "",
                                "ValidatorNotesInfo": ""
                              }
                            ],
                            "DataVersion": 0,
                            "OperatorConfirmed": false,
                            "ValidatorNotes": "",
                            "ValidatorNotesInfo": ""
                          }
                        ],
                        "Value": "",
                        "UnformattedValue": "",
                        "Reference": {
                          "TextStartIndex": 0,
                          "TextLength": 0,
                          "Tokens": []
                        },
                        "DerivedFields": [],
                        "Confidence": 0.5178075,
                        "OperatorConfirmed": false,
                        "OcrConfidence": 1,
                        "TextType": "Unknown",
                        "ValidatorNotes": "",
                        "ValidatorNotesInfo": ""
                      },
                      {
                        "Components": [
                          {
                            "FieldId": "Default.InvoiceItemLines.LineNumber",
                            "FieldName": "Line Number",
                            "FieldType": "Number",
                            "IsMissing": false,
                            "DataSource": "Automatic",
                            "Values": [
                              {
                                "Components": [],
                                "Value": "6.00",
                                "UnformattedValue": "6",
                                "Reference": {
                                  "TextStartIndex": 1146,
                                  "TextLength": 1,
                                  "Tokens": [
                                    {
                                      "TextStartIndex": 1146,
                                      "TextLength": 1,
                                      "Page": 0,
                                      "PageWidth": 612,
                                      "PageHeight": 792,
                                      "Boxes": [
                                        [
                                          594.49,
                                          76.93,
                                          5.56,
                                          15.57
                                        ]
                                      ]
                                    }
                                  ]
                                },
                                "DerivedFields": [
                                  {
                                    "FieldId": "Value",
                                    "Value": "6.00"
                                  }
                                ],
                                "Confidence": 0.9999873,
                                "OperatorConfirmed": false,
                                "OcrConfidence": 1,
                                "TextType": "Text",
                                "ValidatorNotes": "",
                                "ValidatorNotesInfo": ""
                              }
                            ],
                            "DataVersion": 0,
                            "OperatorConfirmed": false,
                            "ValidatorNotes": "",
                            "ValidatorNotesInfo": ""
                          },
                          {
                            "FieldId": "Default.InvoiceItemLines.PartNumber",
                            "FieldName": "Part Number",
                            "FieldType": "Text",
                            "IsMissing": true,
                            "DataSource": "Automatic",
                            "Values": null,
                            "DataVersion": 0,
                            "OperatorConfirmed": false,
                            "ValidatorNotes": "",
                            "ValidatorNotesInfo": ""
                          },
                          {
                            "FieldId": "Default.InvoiceItemLines.Description",
                            "FieldName": "Description",
                            "FieldType": "Text",
                            "IsMissing": false,
                            "DataSource": "Automatic",
                            "Values": [
                              {
                                "Components": [],
                                "Value": "Data Transfer",
                                "UnformattedValue": "Data Transfer",
                                "Reference": {
                                  "TextStartIndex": 1148,
                                  "TextLength": 13,
                                  "Tokens": [
                                    {
                                      "TextStartIndex": 1148,
                                      "TextLength": 4,
                                      "Page": 0,
                                      "PageWidth": 612,
                                      "PageHeight": 792,
                                      "Boxes": [
                                        [
                                          593.65,
                                          100.5,
                                          21.66,
                                          14.47
                                        ]
                                      ]
                                    },
                                    {
                                      "TextStartIndex": 1153,
                                      "TextLength": 8,
                                      "Page": 0,
                                      "PageWidth": 612,
                                      "PageHeight": 792,
                                      "Boxes": [
                                        [
                                          593.65,
                                          124.94,
                                          37.24,
                                          14.47
                                        ]
                                      ]
                                    }
                                  ]
                                },
                                "DerivedFields": [],
                                "Confidence": 0.9999804,
                                "OperatorConfirmed": false,
                                "OcrConfidence": 1,
                                "TextType": "Text",
                                "ValidatorNotes": "",
                                "ValidatorNotesInfo": ""
                              }
                            ],
                            "DataVersion": 0,
                            "OperatorConfirmed": false,
                            "ValidatorNotes": "",
                            "ValidatorNotesInfo": ""
                          },
                          {
                            "FieldId": "Default.InvoiceItemLines.Quantity",
                            "FieldName": "Quantity",
                            "FieldType": "Number",
                            "IsMissing": false,
                            "DataSource": "Automatic",
                            "Values": [
                              {
                                "Components": [],
                                "Value": "20.00",
                                "UnformattedValue": "20",
                                "Reference": {
                                  "TextStartIndex": 1184,
                                  "TextLength": 2,
                                  "Tokens": [
                                    {
                                      "TextStartIndex": 1184,
                                      "TextLength": 2,
                                      "Page": 0,
                                      "PageWidth": 612,
                                      "PageHeight": 792,
                                      "Boxes": [
                                        [
                                          594.49,
                                          332.77,
                                          11.12,
                                          15.57
                                        ]
                                      ]
                                    }
                                  ]
                                },
                                "DerivedFields": [
                                  {
                                    "FieldId": "Value",
                                    "Value": "20.00"
                                  }
                                ],
                                "Confidence": 0.9999521,
                                "OperatorConfirmed": false,
                                "OcrConfidence": 1,
                                "TextType": "Text",
                                "ValidatorNotes": "",
                                "ValidatorNotesInfo": ""
                              }
                            ],
                            "DataVersion": 0,
                            "OperatorConfirmed": false,
                            "ValidatorNotes": "",
                            "ValidatorNotesInfo": ""
                          },
                          {
                            "FieldId": "Default.InvoiceItemLines.UnitPrice",
                            "FieldName": "Unit Price",
                            "FieldType": "Number",
                            "IsMissing": false,
                            "DataSource": "Automatic",
                            "Values": [
                              {
                                "Components": [],
                                "Value": "35.00",
                                "UnformattedValue": "35.00",
                                "Reference": {
                                  "TextStartIndex": 1195,
                                  "TextLength": 6,
                                  "Tokens": [
                                    {
                                      "TextStartIndex": 1195,
                                      "TextLength": 6,
                                      "Page": 0,
                                      "PageWidth": 612,
                                      "PageHeight": 792,
                                      "Boxes": [
                                        [
                                          594.49,
                                          421.68,
                                          30.57,
                                          15.57
                                        ]
                                      ]
                                    }
                                  ]
                                },
                                "DerivedFields": [
                                  {
                                    "FieldId": "Value",
                                    "Value": "35.00"
                                  }
                                ],
                                "Confidence": 0.9998964,
                                "OperatorConfirmed": false,
                                "OcrConfidence": 1,
                                "TextType": "Text",
                                "ValidatorNotes": "",
                                "ValidatorNotesInfo": ""
                              }
                            ],
                            "DataVersion": 0,
                            "OperatorConfirmed": false,
                            "ValidatorNotes": "",
                            "ValidatorNotesInfo": ""
                          },
                          {
                            "FieldId": "Default.InvoiceItemLines.NetAmount",
                            "FieldName": "Net Amount",
                            "FieldType": "Number",
                            "IsMissing": true,
                            "DataSource": "Automatic",
                            "Values": null,
                            "DataVersion": 0,
                            "OperatorConfirmed": false,
                            "ValidatorNotes": "",
                            "ValidatorNotesInfo": ""
                          },
                          {
                            "FieldId": "Default.InvoiceItemLines.TaxAmount",
                            "FieldName": "Tax Amount",
                            "FieldType": "Number",
                            "IsMissing": true,
                            "DataSource": "Automatic",
                            "Values": null,
                            "DataVersion": 0,
                            "OperatorConfirmed": false,
                            "ValidatorNotes": "",
                            "ValidatorNotesInfo": ""
                          },
                          {
                            "FieldId": "Default.InvoiceItemLines.TotalAmount",
                            "FieldName": "Total Amount",
                            "FieldType": "Number",
                            "IsMissing": false,
                            "DataSource": "Automatic",
                            "Values": [
                              {
                                "Components": [],
                                "Value": "700.00",
                                "UnformattedValue": "700.00",
                                "Reference": {
                                  "TextStartIndex": 1207,
                                  "TextLength": 7,
                                  "Tokens": [
                                    {
                                      "TextStartIndex": 1207,
                                      "TextLength": 7,
                                      "Page": 0,
                                      "PageWidth": 612,
                                      "PageHeight": 792,
                                      "Boxes": [
                                        [
                                          594.49,
                                          524.11,
                                          36.13,
                                          15.57
                                        ]
                                      ]
                                    }
                                  ]
                                },
                                "DerivedFields": [
                                  {
                                    "FieldId": "Value",
                                    "Value": "700.00"
                                  }
                                ],
                                "Confidence": 0.99957794,
                                "OperatorConfirmed": false,
                                "OcrConfidence": 1,
                                "TextType": "Text",
                                "ValidatorNotes": "",
                                "ValidatorNotesInfo": ""
                              }
                            ],
                            "DataVersion": 0,
                            "OperatorConfirmed": false,
                            "ValidatorNotes": "",
                            "ValidatorNotesInfo": ""
                          }
                        ],
                        "Value": "",
                        "UnformattedValue": "",
                        "Reference": {
                          "TextStartIndex": 0,
                          "TextLength": 0,
                          "Tokens": []
                        },
                        "DerivedFields": [],
                        "Confidence": 0.99935,
                        "OperatorConfirmed": false,
                        "OcrConfidence": 1,
                        "TextType": "Unknown",
                        "ValidatorNotes": "",
                        "ValidatorNotesInfo": ""
                      },
                      {
                        "Components": [
                          {
                            "FieldId": "Default.InvoiceItemLines.LineNumber",
                            "FieldName": "Line Number",
                            "FieldType": "Number",
                            "IsMissing": false,
                            "DataSource": "Automatic",
                            "Values": [
                              {
                                "Components": [],
                                "Value": "7.00",
                                "UnformattedValue": "7",
                                "Reference": {
                                  "TextStartIndex": 1218,
                                  "TextLength": 1,
                                  "Tokens": [
                                    {
                                      "TextStartIndex": 1218,
                                      "TextLength": 1,
                                      "Page": 0,
                                      "PageWidth": 612,
                                      "PageHeight": 792,
                                      "Boxes": [
                                        [
                                          624.49,
                                          76.93,
                                          5.56,
                                          15.57
                                        ]
                                      ]
                                    }
                                  ]
                                },
                                "DerivedFields": [
                                  {
                                    "FieldId": "Value",
                                    "Value": "7.00"
                                  }
                                ],
                                "Confidence": 0.9999793,
                                "OperatorConfirmed": false,
                                "OcrConfidence": 1,
                                "TextType": "Text",
                                "ValidatorNotes": "",
                                "ValidatorNotesInfo": ""
                              }
                            ],
                            "DataVersion": 0,
                            "OperatorConfirmed": false,
                            "ValidatorNotes": "",
                            "ValidatorNotesInfo": ""
                          },
                          {
                            "FieldId": "Default.InvoiceItemLines.PartNumber",
                            "FieldName": "Part Number",
                            "FieldType": "Text",
                            "IsMissing": true,
                            "DataSource": "Automatic",
                            "Values": null,
                            "DataVersion": 0,
                            "OperatorConfirmed": false,
                            "ValidatorNotes": "",
                            "ValidatorNotesInfo": ""
                          },
                          {
                            "FieldId": "Default.InvoiceItemLines.Description",
                            "FieldName": "Description",
                            "FieldType": "Text",
                            "IsMissing": false,
                            "DataSource": "Automatic",
                            "Values": [
                              {
                                "Components": [],
                                "Value": "Professional Services - Migration Project: PRJ-MW-2026-019 SOW: MW-2026-019",
                                "UnformattedValue": "Professional Services - Migration Project: PRJ-MW-2026-019 SOW: MW-2026-019",
                                "Reference": {
                                  "TextStartIndex": 1220,
                                  "TextLength": 153,
                                  "Tokens": [
                                    {
                                      "TextStartIndex": 1220,
                                      "TextLength": 12,
                                      "Page": 0,
                                      "PageWidth": 612,
                                      "PageHeight": 792,
                                      "Boxes": [
                                        [
                                          623.65,
                                          100.5,
                                          57.07,
                                          14.47
                                        ]
                                      ]
                                    },
                                    {
                                      "TextStartIndex": 1233,
                                      "TextLength": 8,
                                      "Page": 0,
                                      "PageWidth": 612,
                                      "PageHeight": 792,
                                      "Boxes": [
                                        [
                                          623.65,
                                          160.34,
                                          39.46,
                                          14.47
                                        ]
                                      ]
                                    },
                                    {
                                      "TextStartIndex": 0,
                                      "TextLength": 0,
                                      "Page": 0,
                                      "PageWidth": 612,
                                      "PageHeight": 792,
                                      "Boxes": [
                                        [
                                          627.3474,
                                          202.1476,
                                          4.8627,
                                          8.3368
                                        ]
                                      ]
                                    },
                                    {
                                      "TextStartIndex": 1244,
                                      "TextLength": 9,
                                      "Page": 0,
                                      "PageWidth": 612,
                                      "PageHeight": 792,
                                      "Boxes": [
                                        [
                                          623.65,
                                          209.25,
                                          43.71,
                                          14.47
                                        ]
                                      ]
                                    },
                                    {
                                      "TextStartIndex": 1290,
                                      "TextLength": 8,
                                      "Page": 0,
                                      "PageWidth": 612,
                                      "PageHeight": 792,
                                      "Boxes": [
                                        [
                                          640.65,
                                          100.5,
                                          40.93,
                                          12.03
                                        ]
                                      ]
                                    },
                                    {
                                      "TextStartIndex": 1299,
                                      "TextLength": 15,
                                      "Page": 0,
                                      "PageWidth": 612,
                                      "PageHeight": 792,
                                      "Boxes": [
                                        [
                                          640.65,
                                          146.54,
                                          76.74,
                                          12.03
                                        ]
                                      ]
                                    },
                                    {
                                      "TextStartIndex": 1317,
                                      "TextLength": 4,
                                      "Page": 0,
                                      "PageWidth": 612,
                                      "PageHeight": 792,
                                      "Boxes": [
                                        [
                                          640.65,
                                          238.63,
                                          20.46,
                                          12.03
                                        ]
                                      ]
                                    },
                                    {
                                      "TextStartIndex": 1362,
                                      "TextLength": 11,
                                      "Page": 0,
                                      "PageWidth": 612,
                                      "PageHeight": 792,
                                      "Boxes": [
                                        [
                                          651.9,
                                          100.5,
                                          56.28,
                                          12.03
                                        ]
                                      ]
                                    }
                                  ]
                                },
                                "DerivedFields": [],
                                "Confidence": 0.9605569,
                                "OperatorConfirmed": false,
                                "OcrConfidence": 1,
                                "TextType": "Text",
                                "ValidatorNotes": "",
                                "ValidatorNotesInfo": ""
                              }
                            ],
                            "DataVersion": 0,
                            "OperatorConfirmed": false,
                            "ValidatorNotes": "",
                            "ValidatorNotesInfo": ""
                          },
                          {
                            "FieldId": "Default.InvoiceItemLines.Quantity",
                            "FieldName": "Quantity",
                            "FieldType": "Number",
                            "IsMissing": false,
                            "DataSource": "Automatic",
                            "Values": [
                              {
                                "Components": [],
                                "Value": "40.00",
                                "UnformattedValue": "40",
                                "Reference": {
                                  "TextStartIndex": 1256,
                                  "TextLength": 2,
                                  "Tokens": [
                                    {
                                      "TextStartIndex": 1256,
                                      "TextLength": 2,
                                      "Page": 0,
                                      "PageWidth": 612,
                                      "PageHeight": 792,
                                      "Boxes": [
                                        [
                                          624.49,
                                          331.46,
                                          11.12,
                                          15.57
                                        ]
                                      ]
                                    }
                                  ]
                                },
                                "DerivedFields": [
                                  {
                                    "FieldId": "Value",
                                    "Value": "40.00"
                                  }
                                ],
                                "Confidence": 0.9999763,
                                "OperatorConfirmed": false,
                                "OcrConfidence": 1,
                                "TextType": "Text",
                                "ValidatorNotes": "",
                                "ValidatorNotesInfo": ""
                              }
                            ],
                            "DataVersion": 0,
                            "OperatorConfirmed": false,
                            "ValidatorNotes": "",
                            "ValidatorNotesInfo": ""
                          },
                          {
                            "FieldId": "Default.InvoiceItemLines.UnitPrice",
                            "FieldName": "Unit Price",
                            "FieldType": "Number",
                            "IsMissing": false,
                            "DataSource": "Automatic",
                            "Values": [
                              {
                                "Components": [],
                                "Value": "275.00",
                                "UnformattedValue": "275.00",
                                "Reference": {
                                  "TextStartIndex": 1267,
                                  "TextLength": 7,
                                  "Tokens": [
                                    {
                                      "TextStartIndex": 1267,
                                      "TextLength": 7,
                                      "Page": 0,
                                      "PageWidth": 612,
                                      "PageHeight": 792,
                                      "Boxes": [
                                        [
                                          624.49,
                                          416.11,
                                          36.13,
                                          15.57
                                        ]
                                      ]
                                    }
                                  ]
                                },
                                "DerivedFields": [
                                  {
                                    "FieldId": "Value",
                                    "Value": "275.00"
                                  }
                                ],
                                "Confidence": 0.99989116,
                                "OperatorConfirmed": false,
                                "OcrConfidence": 1,
                                "TextType": "Text",
                                "ValidatorNotes": "",
                                "ValidatorNotesInfo": ""
                              }
                            ],
                            "DataVersion": 0,
                            "OperatorConfirmed": false,
                            "ValidatorNotes": "",
                            "ValidatorNotesInfo": ""
                          },
                          {
                            "FieldId": "Default.InvoiceItemLines.NetAmount",
                            "FieldName": "Net Amount",
                            "FieldType": "Number",
                            "IsMissing": true,
                            "DataSource": "Automatic",
                            "Values": null,
                            "DataVersion": 0,
                            "OperatorConfirmed": false,
                            "ValidatorNotes": "",
                            "ValidatorNotesInfo": ""
                          },
                          {
                            "FieldId": "Default.InvoiceItemLines.TaxAmount",
                            "FieldName": "Tax Amount",
                            "FieldType": "Number",
                            "IsMissing": true,
                            "DataSource": "Automatic",
                            "Values": null,
                            "DataVersion": 0,
                            "OperatorConfirmed": false,
                            "ValidatorNotes": "",
                            "ValidatorNotesInfo": ""
                          },
                          {
                            "FieldId": "Default.InvoiceItemLines.TotalAmount",
                            "FieldName": "Total Amount",
                            "FieldType": "Number",
                            "IsMissing": false,
                            "DataSource": "Automatic",
                            "Values": [
                              {
                                "Components": [],
                                "Value": "11000.00",
                                "UnformattedValue": "11000.00",
                                "Reference": {
                                  "TextStartIndex": 1279,
                                  "TextLength": 10,
                                  "Tokens": [
                                    {
                                      "TextStartIndex": 1279,
                                      "TextLength": 10,
                                      "Page": 0,
                                      "PageWidth": 612,
                                      "PageHeight": 792,
                                      "Boxes": [
                                        [
                                          624.49,
                                          510.21,
                                          50.03,
                                          15.57
                                        ]
                                      ]
                                    }
                                  ]
                                },
                                "DerivedFields": [
                                  {
                                    "FieldId": "Value",
                                    "Value": "11000.00"
                                  }
                                ],
                                "Confidence": 0.9997954,
                                "OperatorConfirmed": false,
                                "OcrConfidence": 1,
                                "TextType": "Text",
                                "ValidatorNotes": "",
                                "ValidatorNotesInfo": ""
                              }
                            ],
                            "DataVersion": 0,
                            "OperatorConfirmed": false,
                            "ValidatorNotes": "",
                            "ValidatorNotesInfo": ""
                          }
                        ],
                        "Value": "",
                        "UnformattedValue": "",
                        "Reference": {
                          "TextStartIndex": 0,
                          "TextLength": 0,
                          "Tokens": []
                        },
                        "DerivedFields": [],
                        "Confidence": 0.9600984,
                        "OperatorConfirmed": false,
                        "OcrConfidence": 1,
                        "TextType": "Unknown",
                        "ValidatorNotes": "",
                        "ValidatorNotesInfo": ""
                      },
                      {
                        "Components": [
                          {
                            "FieldId": "Default.InvoiceItemLines.LineNumber",
                            "FieldName": "Line Number",
                            "FieldType": "Number",
                            "IsMissing": false,
                            "DataSource": "Automatic",
                            "Values": [
                              {
                                "Components": [],
                                "Value": "8.00",
                                "UnformattedValue": "8",
                                "Reference": {
                                  "TextStartIndex": 1506,
                                  "TextLength": 1,
                                  "Tokens": [
                                    {
                                      "TextStartIndex": 1506,
                                      "TextLength": 1,
                                      "Page": 0,
                                      "PageWidth": 612,
                                      "PageHeight": 792,
                                      "Boxes": [
                                        [
                                          679.99,
                                          76.93,
                                          5.56,
                                          15.57
                                        ]
                                      ]
                                    }
                                  ]
                                },
                                "DerivedFields": [
                                  {
                                    "FieldId": "Value",
                                    "Value": "8.00"
                                  }
                                ],
                                "Confidence": 0.9998264,
                                "OperatorConfirmed": false,
                                "OcrConfidence": 1,
                                "TextType": "Text",
                                "ValidatorNotes": "",
                                "ValidatorNotesInfo": ""
                              }
                            ],
                            "DataVersion": 0,
                            "OperatorConfirmed": false,
                            "ValidatorNotes": "",
                            "ValidatorNotesInfo": ""
                          },
                          {
                            "FieldId": "Default.InvoiceItemLines.PartNumber",
                            "FieldName": "Part Number",
                            "FieldType": "Text",
                            "IsMissing": true,
                            "DataSource": "Automatic",
                            "Values": null,
                            "DataVersion": 0,
                            "OperatorConfirmed": false,
                            "ValidatorNotes": "",
                            "ValidatorNotesInfo": ""
                          },
                          {
                            "FieldId": "Default.InvoiceItemLines.Description",
                            "FieldName": "Description",
                            "FieldType": "Text",
                            "IsMissing": false,
                            "DataSource": "Automatic",
                            "Values": [
                              {
                                "Components": [],
                                "Value": "Professional Services - Migration Project: PRJ-MW-2026-019 SOW: MW-2026-019",
                                "UnformattedValue": "Professional Services - Migration Project: PRJ-MW-2026-019 SOW: MW-2026-019",
                                "Reference": {
                                  "TextStartIndex": 1434,
                                  "TextLength": 155,
                                  "Tokens": [
                                    {
                                      "TextStartIndex": 1434,
                                      "TextLength": 12,
                                      "Page": 0,
                                      "PageWidth": 612,
                                      "PageHeight": 792,
                                      "Boxes": [
                                        [
                                          679.15,
                                          100.5,
                                          57.07,
                                          14.47
                                        ]
                                      ]
                                    },
                                    {
                                      "TextStartIndex": 1447,
                                      "TextLength": 8,
                                      "Page": 0,
                                      "PageWidth": 612,
                                      "PageHeight": 792,
                                      "Boxes": [
                                        [
                                          679.15,
                                          160.34,
                                          39.46,
                                          14.47
                                        ]
                                      ]
                                    },
                                    {
                                      "TextStartIndex": 1456,
                                      "TextLength": 1,
                                      "Page": 0,
                                      "PageWidth": 612,
                                      "PageHeight": 792,
                                      "Boxes": [
                                        [
                                          679.15,
                                          202.58,
                                          3.89,
                                          14.47
                                        ]
                                      ]
                                    },
                                    {
                                      "TextStartIndex": 1458,
                                      "TextLength": 9,
                                      "Page": 0,
                                      "PageWidth": 612,
                                      "PageHeight": 792,
                                      "Boxes": [
                                        [
                                          679.15,
                                          209.25,
                                          43.71,
                                          14.47
                                        ]
                                      ]
                                    },
                                    {
                                      "TextStartIndex": 1508,
                                      "TextLength": 8,
                                      "Page": 0,
                                      "PageWidth": 612,
                                      "PageHeight": 792,
                                      "Boxes": [
                                        [
                                          696.15,
                                          100.5,
                                          40.93,
                                          12.03
                                        ]
                                      ]
                                    },
                                    {
                                      "TextStartIndex": 1517,
                                      "TextLength": 15,
                                      "Page": 0,
                                      "PageWidth": 612,
                                      "PageHeight": 792,
                                      "Boxes": [
                                        [
                                          696.15,
                                          146.54,
                                          76.74,
                                          12.03
                                        ]
                                      ]
                                    },
                                    {
                                      "TextStartIndex": 1533,
                                      "TextLength": 1,
                                      "Page": 0,
                                      "PageWidth": 612,
                                      "PageHeight": 792,
                                      "Boxes": [
                                        [
                                          696.15,
                                          228.4,
                                          5.12,
                                          12.03
                                        ]
                                      ]
                                    },
                                    {
                                      "TextStartIndex": 1535,
                                      "TextLength": 4,
                                      "Page": 0,
                                      "PageWidth": 612,
                                      "PageHeight": 792,
                                      "Boxes": [
                                        [
                                          696.15,
                                          238.63,
                                          20.46,
                                          12.03
                                        ]
                                      ]
                                    },
                                    {
                                      "TextStartIndex": 1578,
                                      "TextLength": 11,
                                      "Page": 0,
                                      "PageWidth": 612,
                                      "PageHeight": 792,
                                      "Boxes": [
                                        [
                                          708.15,
                                          100.5,
                                          56.28,
                                          12.03
                                        ]
                                      ]
                                    }
                                  ]
                                },
                                "DerivedFields": [],
                                "Confidence": 0.99339706,
                                "OperatorConfirmed": false,
                                "OcrConfidence": 1,
                                "TextType": "Text",
                                "ValidatorNotes": "",
                                "ValidatorNotesInfo": ""
                              }
                            ],
                            "DataVersion": 0,
                            "OperatorConfirmed": false,
                            "ValidatorNotes": "",
                            "ValidatorNotesInfo": ""
                          },
                          {
                            "FieldId": "Default.InvoiceItemLines.Quantity",
                            "FieldName": "Quantity",
                            "FieldType": "Number",
                            "IsMissing": false,
                            "DataSource": "Automatic",
                            "Values": [
                              {
                                "Components": [],
                                "Value": "40.00",
                                "UnformattedValue": "40",
                                "Reference": {
                                  "TextStartIndex": 1544,
                                  "TextLength": 2,
                                  "Tokens": [
                                    {
                                      "TextStartIndex": 1544,
                                      "TextLength": 2,
                                      "Page": 0,
                                      "PageWidth": 612,
                                      "PageHeight": 792,
                                      "Boxes": [
                                        [
                                          679.99,
                                          331.46,
                                          11.12,
                                          15.57
                                        ]
                                      ]
                                    }
                                  ]
                                },
                                "DerivedFields": [
                                  {
                                    "FieldId": "Value",
                                    "Value": "40.00"
                                  }
                                ],
                                "Confidence": 0.99997145,
                                "OperatorConfirmed": false,
                                "OcrConfidence": 1,
                                "TextType": "Text",
                                "ValidatorNotes": "",
                                "ValidatorNotesInfo": ""
                              }
                            ],
                            "DataVersion": 0,
                            "OperatorConfirmed": false,
                            "ValidatorNotes": "",
                            "ValidatorNotesInfo": ""
                          },
                          {
                            "FieldId": "Default.InvoiceItemLines.UnitPrice",
                            "FieldName": "Unit Price",
                            "FieldType": "Number",
                            "IsMissing": false,
                            "DataSource": "Automatic",
                            "Values": [
                              {
                                "Components": [],
                                "Value": "275.00",
                                "UnformattedValue": "275.00",
                                "Reference": {
                                  "TextStartIndex": 1555,
                                  "TextLength": 7,
                                  "Tokens": [
                                    {
                                      "TextStartIndex": 1555,
                                      "TextLength": 7,
                                      "Page": 0,
                                      "PageWidth": 612,
                                      "PageHeight": 792,
                                      "Boxes": [
                                        [
                                          679.99,
                                          416.11,
                                          36.13,
                                          15.57
                                        ]
                                      ]
                                    }
                                  ]
                                },
                                "DerivedFields": [
                                  {
                                    "FieldId": "Value",
                                    "Value": "275.00"
                                  }
                                ],
                                "Confidence": 0.9995418,
                                "OperatorConfirmed": false,
                                "OcrConfidence": 1,
                                "TextType": "Text",
                                "ValidatorNotes": "",
                                "ValidatorNotesInfo": ""
                              }
                            ],
                            "DataVersion": 0,
                            "OperatorConfirmed": false,
                            "ValidatorNotes": "",
                            "ValidatorNotesInfo": ""
                          },
                          {
                            "FieldId": "Default.InvoiceItemLines.NetAmount",
                            "FieldName": "Net Amount",
                            "FieldType": "Number",
                            "IsMissing": true,
                            "DataSource": "Automatic",
                            "Values": null,
                            "DataVersion": 0,
                            "OperatorConfirmed": false,
                            "ValidatorNotes": "",
                            "ValidatorNotesInfo": ""
                          },
                          {
                            "FieldId": "Default.InvoiceItemLines.TaxAmount",
                            "FieldName": "Tax Amount",
                            "FieldType": "Number",
                            "IsMissing": true,
                            "DataSource": "Automatic",
                            "Values": null,
                            "DataVersion": 0,
                            "OperatorConfirmed": false,
                            "ValidatorNotes": "",
                            "ValidatorNotesInfo": ""
                          },
                          {
                            "FieldId": "Default.InvoiceItemLines.TotalAmount",
                            "FieldName": "Total Amount",
                            "FieldType": "Number",
                            "IsMissing": false,
                            "DataSource": "Automatic",
                            "Values": [
                              {
                                "Components": [],
                                "Value": "11000.00",
                                "UnformattedValue": "11000.00",
                                "Reference": {
                                  "TextStartIndex": 1567,
                                  "TextLength": 10,
                                  "Tokens": [
                                    {
                                      "TextStartIndex": 1567,
                                      "TextLength": 10,
                                      "Page": 0,
                                      "PageWidth": 612,
                                      "PageHeight": 792,
                                      "Boxes": [
                                        [
                                          679.99,
                                          510.21,
                                          50.03,
                                          15.57
                                        ]
                                      ]
                                    }
                                  ]
                                },
                                "DerivedFields": [
                                  {
                                    "FieldId": "Value",
                                    "Value": "11000.00"
                                  }
                                ],
                                "Confidence": 0.9999005,
                                "OperatorConfirmed": false,
                                "OcrConfidence": 1,
                                "TextType": "Text",
                                "ValidatorNotes": "",
                                "ValidatorNotesInfo": ""
                              }
                            ],
                            "DataVersion": 0,
                            "OperatorConfirmed": false,
                            "ValidatorNotes": "",
                            "ValidatorNotesInfo": ""
                          }
                        ],
                        "Value": "",
                        "UnformattedValue": "",
                        "Reference": {
                          "TextStartIndex": 0,
                          "TextLength": 0,
                          "Tokens": []
                        },
                        "DerivedFields": [],
                        "Confidence": 0.9926064,
                        "OperatorConfirmed": false,
                        "OcrConfidence": 1,
                        "TextType": "Unknown",
                        "ValidatorNotes": "",
                        "ValidatorNotesInfo": ""
                      }
                    ],
                    "DataVersion": 0,
                    "OperatorConfirmed": false,
                    "ValidatorNotes": "",
                    "ValidatorNotesInfo": ""
                  },
                  {
                    "FieldId": "Default.InvoiceMetadata",
                    "FieldName": "Invoice Metadata",
                    "FieldType": "FieldGroup",
                    "IsMissing": false,
                    "DataSource": "Automatic",
                    "Values": [
                      {
                        "Components": [
                          {
                            "FieldId": "Default.InvoiceMetadata.InvoiceNumber",
                            "FieldName": "Invoice Number",
                            "FieldType": "Text",
                            "IsMissing": false,
                            "DataSource": "Automatic",
                            "Values": [
                              {
                                "Components": [],
                                "Value": "MCS-2026-04872",
                                "UnformattedValue": "MCS-2026-04872",
                                "Reference": {
                                  "TextStartIndex": 100,
                                  "TextLength": 14,
                                  "Tokens": [
                                    {
                                      "TextStartIndex": 100,
                                      "TextLength": 14,
                                      "Page": 0,
                                      "PageWidth": 612,
                                      "PageHeight": 792,
                                      "Boxes": [
                                        [
                                          77.69,
                                          476.57,
                                          92.67,
                                          15.9
                                        ]
                                      ]
                                    }
                                  ]
                                },
                                "DerivedFields": [],
                                "Confidence": 0.99974424,
                                "OperatorConfirmed": false,
                                "OcrConfidence": 1,
                                "TextType": "Text",
                                "ValidatorNotes": "",
                                "ValidatorNotesInfo": ""
                              }
                            ],
                            "DataVersion": 0,
                            "OperatorConfirmed": false,
                            "ValidatorNotes": "",
                            "ValidatorNotesInfo": ""
                          },
                          {
                            "FieldId": "Default.InvoiceMetadata.PurchaseOrderNumber",
                            "FieldName": "Purchase Order Number",
                            "FieldType": "Text",
                            "IsMissing": true,
                            "DataSource": "Automatic",
                            "Values": null,
                            "DataVersion": 0,
                            "OperatorConfirmed": false,
                            "ValidatorNotes": "",
                            "ValidatorNotesInfo": ""
                          },
                          {
                            "FieldId": "Default.InvoiceMetadata.InvoiceDate",
                            "FieldName": "Invoice Date",
                            "FieldType": "Date",
                            "IsMissing": false,
                            "DataSource": "Automatic",
                            "Values": [
                              {
                                "Components": [],
                                "Value": "2026-03-01",
                                "UnformattedValue": "2026-03-01T00:00:00Z",
                                "Reference": {
                                  "TextStartIndex": 424,
                                  "TextLength": 14,
                                  "Tokens": [
                                    {
                                      "TextStartIndex": 424,
                                      "TextLength": 5,
                                      "Page": 0,
                                      "PageWidth": 612,
                                      "PageHeight": 792,
                                      "Boxes": [
                                        [
                                          226.92,
                                          327.38,
                                          28.67,
                                          15.4
                                        ]
                                      ]
                                    },
                                    {
                                      "TextStartIndex": 430,
                                      "TextLength": 3,
                                      "Page": 0,
                                      "PageWidth": 612,
                                      "PageHeight": 792,
                                      "Boxes": [
                                        [
                                          226.92,
                                          358.68,
                                          13.2,
                                          15.4
                                        ]
                                      ]
                                    },
                                    {
                                      "TextStartIndex": 434,
                                      "TextLength": 4,
                                      "Page": 0,
                                      "PageWidth": 612,
                                      "PageHeight": 792,
                                      "Boxes": [
                                        [
                                          226.92,
                                          374.52,
                                          21.12,
                                          15.4
                                        ]
                                      ]
                                    }
                                  ]
                                },
                                "DerivedFields": [
                                  {
                                    "FieldId": "Year",
                                    "Value": "2026"
                                  },
                                  {
                                    "FieldId": "Month",
                                    "Value": "3"
                                  },
                                  {
                                    "FieldId": "Day",
                                    "Value": "1"
                                  }
                                ],
                                "Confidence": 0.9989639,
                                "OperatorConfirmed": false,
                                "OcrConfidence": 1,
                                "TextType": "Text",
                                "ValidatorNotes": "",
                                "ValidatorNotesInfo": ""
                              }
                            ],
                            "DataVersion": 0,
                            "OperatorConfirmed": false,
                            "ValidatorNotes": "",
                            "ValidatorNotesInfo": ""
                          },
                          {
                            "FieldId": "Default.InvoiceMetadata.DueDate",
                            "FieldName": "Due Date",
                            "FieldType": "Date",
                            "IsMissing": false,
                            "DataSource": "Automatic",
                            "Values": [
                              {
                                "Components": [],
                                "Value": "2026-03-31",
                                "UnformattedValue": "2026-03-31T00:00:00Z",
                                "Reference": {
                                  "TextStartIndex": 439,
                                  "TextLength": 14,
                                  "Tokens": [
                                    {
                                      "TextStartIndex": 439,
                                      "TextLength": 5,
                                      "Page": 0,
                                      "PageWidth": 612,
                                      "PageHeight": 792,
                                      "Boxes": [
                                        [
                                          226.92,
                                          416.64,
                                          28.67,
                                          15.4
                                        ]
                                      ]
                                    },
                                    {
                                      "TextStartIndex": 445,
                                      "TextLength": 3,
                                      "Page": 0,
                                      "PageWidth": 612,
                                      "PageHeight": 792,
                                      "Boxes": [
                                        [
                                          226.92,
                                          447.94,
                                          13.2,
                                          15.4
                                        ]
                                      ]
                                    },
                                    {
                                      "TextStartIndex": 449,
                                      "TextLength": 4,
                                      "Page": 0,
                                      "PageWidth": 612,
                                      "PageHeight": 792,
                                      "Boxes": [
                                        [
                                          226.92,
                                          463.78,
                                          21.12,
                                          15.4
                                        ]
                                      ]
                                    }
                                  ]
                                },
                                "DerivedFields": [
                                  {
                                    "FieldId": "Year",
                                    "Value": "2026"
                                  },
                                  {
                                    "FieldId": "Month",
                                    "Value": "3"
                                  },
                                  {
                                    "FieldId": "Day",
                                    "Value": "31"
                                  }
                                ],
                                "Confidence": 0.99992746,
                                "OperatorConfirmed": false,
                                "OcrConfidence": 1,
                                "TextType": "Text",
                                "ValidatorNotes": "",
                                "ValidatorNotesInfo": ""
                              }
                            ],
                            "DataVersion": 0,
                            "OperatorConfirmed": false,
                            "ValidatorNotes": "",
                            "ValidatorNotesInfo": ""
                          }
                        ],
                        "Value": "",
                        "UnformattedValue": "",
                        "Reference": {
                          "TextStartIndex": 0,
                          "TextLength": 0,
                          "Tokens": []
                        },
                        "DerivedFields": [],
                        "Confidence": 0.9560094,
                        "OperatorConfirmed": false,
                        "OcrConfidence": 1,
                        "TextType": "Unknown",
                        "ValidatorNotes": "",
                        "ValidatorNotesInfo": ""
                      }
                    ],
                    "DataVersion": 0,
                    "OperatorConfirmed": false,
                    "ValidatorNotes": "",
                    "ValidatorNotesInfo": ""
                  },
                  {
                    "FieldId": "Default.PaymentInstructions",
                    "FieldName": "Payment Instructions",
                    "FieldType": "FieldGroup",
                    "IsMissing": false,
                    "DataSource": "Automatic",
                    "Values": [
                      {
                        "Components": [
                          {
                            "FieldId": "Default.PaymentInstructions.BankName",
                            "FieldName": "Bank Name",
                            "FieldType": "Text",
                            "IsMissing": true,
                            "DataSource": "Automatic",
                            "Values": null,
                            "DataVersion": 0,
                            "OperatorConfirmed": false,
                            "ValidatorNotes": "",
                            "ValidatorNotesInfo": ""
                          },
                          {
                            "FieldId": "Default.PaymentInstructions.BankAccountNumber",
                            "FieldName": "Bank Account Number",
                            "FieldType": "Text",
                            "IsMissing": true,
                            "DataSource": "Automatic",
                            "Values": null,
                            "DataVersion": 0,
                            "OperatorConfirmed": false,
                            "ValidatorNotes": "",
                            "ValidatorNotesInfo": ""
                          },
                          {
                            "FieldId": "Default.PaymentInstructions.BankIBAN",
                            "FieldName": "Bank IBAN",
                            "FieldType": "Text",
                            "IsMissing": true,
                            "DataSource": "Automatic",
                            "Values": null,
                            "DataVersion": 0,
                            "OperatorConfirmed": false,
                            "ValidatorNotes": "",
                            "ValidatorNotesInfo": ""
                          },
                          {
                            "FieldId": "Default.PaymentInstructions.BankRoutingNumber",
                            "FieldName": "Bank Routing Number",
                            "FieldType": "Text",
                            "IsMissing": true,
                            "DataSource": "Automatic",
                            "Values": null,
                            "DataVersion": 0,
                            "OperatorConfirmed": false,
                            "ValidatorNotes": "",
                            "ValidatorNotesInfo": ""
                          },
                          {
                            "FieldId": "Default.PaymentInstructions.SWIFTCode",
                            "FieldName": "SWIFT Code",
                            "FieldType": "Text",
                            "IsMissing": true,
                            "DataSource": "Automatic",
                            "Values": null,
                            "DataVersion": 0,
                            "OperatorConfirmed": false,
                            "ValidatorNotes": "",
                            "ValidatorNotesInfo": ""
                          },
                          {
                            "FieldId": "Default.PaymentInstructions.PaymentTerms",
                            "FieldName": "Payment Terms",
                            "FieldType": "Text",
                            "IsMissing": false,
                            "DataSource": "Automatic",
                            "Values": [
                              {
                                "Components": [],
                                "Value": "Net 30",
                                "UnformattedValue": "Net 30",
                                "Reference": {
                                  "TextStartIndex": 538,
                                  "TextLength": 6,
                                  "Tokens": [
                                    {
                                      "TextStartIndex": 538,
                                      "TextLength": 3,
                                      "Page": 0,
                                      "PageWidth": 612,
                                      "PageHeight": 792,
                                      "Boxes": [
                                        [
                                          326.67,
                                          422.7,
                                          15.83,
                                          15.4
                                        ]
                                      ]
                                    },
                                    {
                                      "TextStartIndex": 542,
                                      "TextLength": 2,
                                      "Page": 0,
                                      "PageWidth": 612,
                                      "PageHeight": 792,
                                      "Boxes": [
                                        [
                                          326.67,
                                          441.16,
                                          10.56,
                                          15.4
                                        ]
                                      ]
                                    }
                                  ]
                                },
                                "DerivedFields": [],
                                "Confidence": 0.9997616,
                                "OperatorConfirmed": false,
                                "OcrConfidence": 1,
                                "TextType": "Text",
                                "ValidatorNotes": "",
                                "ValidatorNotesInfo": ""
                              }
                            ],
                            "DataVersion": 0,
                            "OperatorConfirmed": false,
                            "ValidatorNotes": "",
                            "ValidatorNotesInfo": ""
                          }
                        ],
                        "Value": "",
                        "UnformattedValue": "",
                        "Reference": {
                          "TextStartIndex": 0,
                          "TextLength": 0,
                          "Tokens": []
                        },
                        "DerivedFields": [],
                        "Confidence": 0.76500237,
                        "OperatorConfirmed": false,
                        "OcrConfidence": 1,
                        "TextType": "Unknown",
                        "ValidatorNotes": "",
                        "ValidatorNotesInfo": ""
                      }
                    ],
                    "DataVersion": 0,
                    "OperatorConfirmed": false,
                    "ValidatorNotes": "",
                    "ValidatorNotesInfo": ""
                  },
                  {
                    "FieldId": "Default.VendorDetails",
                    "FieldName": "Vendor Details",
                    "FieldType": "FieldGroup",
                    "IsMissing": false,
                    "DataSource": "Automatic",
                    "Values": [
                      {
                        "Components": [
                          {
                            "FieldId": "Default.VendorDetails.VendorName",
                            "FieldName": "Vendor Name",
                            "FieldType": "Text",
                            "IsMissing": false,
                            "DataSource": "Automatic",
                            "Values": [
                              {
                                "Components": [],
                                "Value": "Meridian Cloud Services, Inc.",
                                "UnformattedValue": "Meridian Cloud Services, Inc.",
                                "Reference": {
                                  "TextStartIndex": 60,
                                  "TextLength": 29,
                                  "Tokens": [
                                    {
                                      "TextStartIndex": 60,
                                      "TextLength": 8,
                                      "Page": 0,
                                      "PageWidth": 612,
                                      "PageHeight": 792,
                                      "Boxes": [
                                        [
                                          89.32,
                                          43.5,
                                          34.84,
                                          14.01
                                        ]
                                      ]
                                    },
                                    {
                                      "TextStartIndex": 69,
                                      "TextLength": 5,
                                      "Page": 0,
                                      "PageWidth": 612,
                                      "PageHeight": 792,
                                      "Boxes": [
                                        [
                                          89.32,
                                          80.84,
                                          24,
                                          14.01
                                        ]
                                      ]
                                    },
                                    {
                                      "TextStartIndex": 75,
                                      "TextLength": 9,
                                      "Page": 0,
                                      "PageWidth": 612,
                                      "PageHeight": 792,
                                      "Boxes": [
                                        [
                                          89.32,
                                          107.35,
                                          36.83,
                                          14.01
                                        ]
                                      ]
                                    },
                                    {
                                      "TextStartIndex": 85,
                                      "TextLength": 4,
                                      "Page": 0,
                                      "PageWidth": 612,
                                      "PageHeight": 792,
                                      "Boxes": [
                                        [
                                          89.32,
                                          146.68,
                                          14.67,
                                          14.01
                                        ]
                                      ]
                                    }
                                  ]
                                },
                                "DerivedFields": [],
                                "Confidence": 0.99763715,
                                "OperatorConfirmed": false,
                                "OcrConfidence": 1,
                                "TextType": "Text",
                                "ValidatorNotes": "",
                                "ValidatorNotesInfo": ""
                              }
                            ],
                            "DataVersion": 0,
                            "OperatorConfirmed": false,
                            "ValidatorNotes": "",
                            "ValidatorNotesInfo": ""
                          },
                          {
                            "FieldId": "Default.VendorDetails.VendorAddress",
                            "FieldName": "Vendor Address",
                            "FieldType": "Text",
                            "IsMissing": false,
                            "DataSource": "Automatic",
                            "Values": [
                              {
                                "Components": [],
                                "Value": "2200 Commerce Tower, Suite 1400 Austin, TX 78701",
                                "UnformattedValue": "2200 Commerce Tower, Suite 1400 Austin, TX 78701",
                                "Reference": {
                                  "TextStartIndex": 116,
                                  "TextLength": 48,
                                  "Tokens": [
                                    {
                                      "TextStartIndex": 116,
                                      "TextLength": 4,
                                      "Page": 0,
                                      "PageWidth": 612,
                                      "PageHeight": 792,
                                      "Boxes": [
                                        [
                                          102.82,
                                          43.5,
                                          20.02,
                                          14.01
                                        ]
                                      ]
                                    },
                                    {
                                      "TextStartIndex": 121,
                                      "TextLength": 8,
                                      "Page": 0,
                                      "PageWidth": 612,
                                      "PageHeight": 792,
                                      "Boxes": [
                                        [
                                          102.82,
                                          66.02,
                                          44.35,
                                          14.01
                                        ]
                                      ]
                                    },
                                    {
                                      "TextStartIndex": 130,
                                      "TextLength": 6,
                                      "Page": 0,
                                      "PageWidth": 612,
                                      "PageHeight": 792,
                                      "Boxes": [
                                        [
                                          102.82,
                                          112.87,
                                          25.66,
                                          14.01
                                        ]
                                      ]
                                    },
                                    {
                                      "TextStartIndex": 137,
                                      "TextLength": 5,
                                      "Page": 0,
                                      "PageWidth": 612,
                                      "PageHeight": 792,
                                      "Boxes": [
                                        [
                                          102.82,
                                          141.03,
                                          20.5,
                                          14.01
                                        ]
                                      ]
                                    },
                                    {
                                      "TextStartIndex": 143,
                                      "TextLength": 4,
                                      "Page": 0,
                                      "PageWidth": 612,
                                      "PageHeight": 792,
                                      "Boxes": [
                                        [
                                          102.82,
                                          164.04,
                                          20.02,
                                          14.01
                                        ]
                                      ]
                                    },
                                    {
                                      "TextStartIndex": 148,
                                      "TextLength": 7,
                                      "Page": 0,
                                      "PageWidth": 612,
                                      "PageHeight": 792,
                                      "Boxes": [
                                        [
                                          115.57,
                                          43.5,
                                          27.68,
                                          14.01
                                        ]
                                      ]
                                    },
                                    {
                                      "TextStartIndex": 156,
                                      "TextLength": 2,
                                      "Page": 0,
                                      "PageWidth": 612,
                                      "PageHeight": 792,
                                      "Boxes": [
                                        [
                                          115.57,
                                          73.68,
                                          10.67,
                                          14.01
                                        ]
                                      ]
                                    },
                                    {
                                      "TextStartIndex": 159,
                                      "TextLength": 5,
                                      "Page": 0,
                                      "PageWidth": 612,
                                      "PageHeight": 792,
                                      "Boxes": [
                                        [
                                          115.57,
                                          86.84,
                                          25.02,
                                          14.01
                                        ]
                                      ]
                                    }
                                  ]
                                },
                                "DerivedFields": [],
                                "Confidence": 0.99961364,
                                "OperatorConfirmed": false,
                                "OcrConfidence": 1,
                                "TextType": "Text",
                                "ValidatorNotes": "",
                                "ValidatorNotesInfo": ""
                              }
                            ],
                            "DataVersion": 0,
                            "OperatorConfirmed": false,
                            "ValidatorNotes": "",
                            "ValidatorNotesInfo": ""
                          },
                          {
                            "FieldId": "Default.VendorDetails.VendorVATNumber",
                            "FieldName": "Vendor VAT Number",
                            "FieldType": "Text",
                            "IsMissing": false,
                            "DataSource": "Automatic",
                            "Values": [
                              {
                                "Components": [],
                                "Value": "47-0193827",
                                "UnformattedValue": "47-0193827",
                                "Reference": {
                                  "TextStartIndex": 213,
                                  "TextLength": 10,
                                  "Tokens": [
                                    {
                                      "TextStartIndex": 213,
                                      "TextLength": 10,
                                      "Page": 0,
                                      "PageWidth": 612,
                                      "PageHeight": 792,
                                      "Boxes": [
                                        [
                                          142.57,
                                          60.33,
                                          48.54,
                                          14.01
                                        ]
                                      ]
                                    }
                                  ]
                                },
                                "DerivedFields": [],
                                "Confidence": 0.99704903,
                                "OperatorConfirmed": false,
                                "OcrConfidence": 1,
                                "TextType": "Text",
                                "ValidatorNotes": "",
                                "ValidatorNotesInfo": ""
                              }
                            ],
                            "DataVersion": 0,
                            "OperatorConfirmed": false,
                            "ValidatorNotes": "",
                            "ValidatorNotesInfo": ""
                          },
                          {
                            "FieldId": "Default.VendorDetails.VendorEmail",
                            "FieldName": "Vendor Email",
                            "FieldType": "Text",
                            "IsMissing": false,
                            "DataSource": "Automatic",
                            "Values": [
                              {
                                "Components": [],
                                "Value": "billing@meridiancloud.com",
                                "UnformattedValue": "billing@meridiancloud.com",
                                "Reference": {
                                  "TextStartIndex": 165,
                                  "TextLength": 25,
                                  "Tokens": [
                                    {
                                      "TextStartIndex": 165,
                                      "TextLength": 25,
                                      "Page": 0,
                                      "PageWidth": 612,
                                      "PageHeight": 792,
                                      "Boxes": [
                                        [
                                          129.07,
                                          43.5,
                                          107.89,
                                          14.01
                                        ]
                                      ]
                                    }
                                  ]
                                },
                                "DerivedFields": [],
                                "Confidence": 0.9998798,
                                "OperatorConfirmed": false,
                                "OcrConfidence": 1,
                                "TextType": "Text",
                                "ValidatorNotes": "",
                                "ValidatorNotesInfo": ""
                              }
                            ],
                            "DataVersion": 0,
                            "OperatorConfirmed": false,
                            "ValidatorNotes": "",
                            "ValidatorNotesInfo": ""
                          }
                        ],
                        "Value": "",
                        "UnformattedValue": "",
                        "Reference": {
                          "TextStartIndex": 0,
                          "TextLength": 0,
                          "Tokens": []
                        },
                        "DerivedFields": [],
                        "Confidence": 0.9941893,
                        "OperatorConfirmed": false,
                        "OcrConfidence": 1,
                        "TextType": "Unknown",
                        "ValidatorNotes": "",
                        "ValidatorNotesInfo": ""
                      }
                    ],
                    "DataVersion": 0,
                    "OperatorConfirmed": false,
                    "ValidatorNotes": "",
                    "ValidatorNotesInfo": ""
                  }
                ],
                "Tables": []
              },
              "ExtractorPayloads": null,
              "BusinessRulesResults": null
            }
          }
        },
        {
          "elementId": "normalizeData",
          "elementRunId": "179e730f-2971-4008-9fb7-0d67b7a0092e",
          "isMarker": false,
          "inputs": {
            "args": {
              "vars": {
                "endRejection.creditAmount": null,
                "normalizeData.error": null,
                "endManagerRejection.rationale": null,
                "normalizeData.output": null,
                "erpLookup1.output": null,
                "endManagerRejection.resolutionEmailBody": null,
                "determination": null,
                "financialPosting.error": null,
                "resolutionEmailBody": null,
                "disputedInvoice": {
                  "ID": "9946a7af-6d16-49a6-2d2b-08dee96eb773",
                  "FullName": "invoice-MCS-2026-04872.pdf",
                  "MimeType": "application/octet-stream",
                  "Metadata": {
                    "size": "131535"
                  }
                },
                "endResolution.rationale": null,
                "routeRecommendation.matchedCase": null,
                "endResolution.creditAmount": null,
                "endRejection.resolutionEmailBody": null,
                "endResolution.determination": null,
                "endManagerRejection.creditAmount": null,
                "endManagerRejection.recommendedAction": null,
                "resolutionWriter.output": null,
                "erpLookup1.error": null,
                "disputeAnalyst.output": null,
                "endRejection.recommendedAction": null,
                "endRejection.rationale": null,
                "approvalDecision.matchedCase": null,
                "extractInvoice.output": null,
                "logCreditAmount.error": null,
                "detectDiscrepancy.error": null,
                "start.output.webhookPayload": {
                  "event": "billing_dispute_submitted",
                  "timestamp": "2026-04-02T15:04:05Z",
                  "disputeId": "DSP-2026-00341",
                  "customer": {
                    "companyName": "Northwind Electronics Corp.",
                    "accountNumber": "ACCT-98201-NE",
                    "contactName": "Lisa Huang",
                    "contactEmail": "lisa.huang@northwindelectronics.com",
                    "address": {
                      "street": "100 Market St",
                      "city": "Seattle",
                      "state": "WA",
                      "zipCode": "98101"
                    }
                  },
                  "invoice": {
                    "invoiceNumber": "MCS-2026-04872",
                    "invoiceDate": "2026-03-01",
                    "dueDate": "2026-03-31",
                    "billingPeriod": {
                      "start": "2026-02-01",
                      "end": "2026-02-28"
                    },
                    "totalAmount": 24175.8,
                    "currency": "USD",
                    "vendor": {
                      "name": "Contoso Cloud Services",
                      "address": "1 Cloud Way, Redmond WA",
                      "email": "billing@contoso.example"
                    }
                  },
                  "dispute": {
                    "type": "duplicate_charge",
                    "disputedLineItems": [
                      {
                        "description": "Premium support tier",
                        "quantity": "14",
                        "unitPrice": 300,
                        "amount": 4200,
                        "lineNumber": 3,
                        "reason": "Billed at $300/unit vs contracted $290/unit"
                      }
                    ],
                    "disputedAmount": 11000,
                    "acceptedAmount": 13175.8,
                    "customerStatement": "We were charged a higher unit price than our contract specifies."
                  },
                  "attachments": [],
                  "config": {
                    "billingOpsChannel": "#billing-ops",
                    "billingAnalystEmail": "analyst@contoso.example",
                    "accountManagerSlackId": "U12345",
                    "accountManagerName": "Sam Rivera",
                    "accountManagerEmail": "sam.rivera@contoso.example",
                    "creditApprovalThreshold": 5000,
                    "autoResolveThreshold": 500
                  }
                },
                "routeRecommendation.matchedCaseId": null,
                "extractInvoice.error": null,
                "endResolution.recommendedAction": null,
                "logCreditAmount.output": null,
                "detectDiscrepancy.output": null,
                "endRejection.determination": null,
                "creditAmount": null,
                "financialPosting.output": null,
                "webhookPayload": {
                  "event": "billing_dispute_submitted",
                  "timestamp": "2026-04-02T15:04:05Z",
                  "disputeId": "DSP-2026-00341",
                  "customer": {
                    "companyName": "Northwind Electronics Corp.",
                    "accountNumber": "ACCT-98201-NE",
                    "contactName": "Lisa Huang",
                    "contactEmail": "lisa.huang@northwindelectronics.com",
                    "address": {
                      "street": "100 Market St",
                      "city": "Seattle",
                      "state": "WA",
                      "zipCode": "98101"
                    }
                  },
                  "invoice": {
                    "invoiceNumber": "MCS-2026-04872",
                    "invoiceDate": "2026-03-01",
                    "dueDate": "2026-03-31",
                    "billingPeriod": {
                      "start": "2026-02-01",
                      "end": "2026-02-28"
                    },
                    "totalAmount": 24175.8,
                    "currency": "USD",
                    "vendor": {
                      "name": "Contoso Cloud Services",
                      "address": "1 Cloud Way, Redmond WA",
                      "email": "billing@contoso.example"
                    }
                  },
                  "dispute": {
                    "type": "duplicate_charge",
                    "disputedLineItems": [
                      {
                        "description": "Premium support tier",
                        "quantity": "14",
                        "unitPrice": 300,
                        "amount": 4200,
                        "lineNumber": 3,
                        "reason": "Billed at $300/unit vs contracted $290/unit"
                      }
                    ],
                    "disputedAmount": 11000,
                    "acceptedAmount": 13175.8,
                    "customerStatement": "We were charged a higher unit price than our contract specifies."
                  },
                  "attachments": [],
                  "config": {
                    "billingOpsChannel": "#billing-ops",
                    "billingAnalystEmail": "analyst@contoso.example",
                    "accountManagerSlackId": "U12345",
                    "accountManagerName": "Sam Rivera",
                    "accountManagerEmail": "sam.rivera@contoso.example",
                    "creditApprovalThreshold": 5000,
                    "autoResolveThreshold": 500
                  }
                },
                "crmLookup1.output": null,
                "resolutionWriter.error": null,
                "endManagerRejection.determination": null,
                "start.output.disputedInvoice": {
                  "ID": "9946a7af-6d16-49a6-2d2b-08dee96eb773",
                  "FullName": "invoice-MCS-2026-04872.pdf",
                  "MimeType": "application/octet-stream",
                  "Metadata": {
                    "size": "131535"
                  }
                },
                "disputeAnalyst.error": null,
                "crmLookup1.error": null,
                "recommendedAction": null,
                "endResolution.resolutionEmailBody": null,
                "rationale": null,
                "approvalDecision.matchedCaseId": null
              },
              "metadata": {
                "FolderKey": "410fae2d-89b3-4cd1-a991-7359bda90c0b",
                "ElementCount": {
                  "start": 1
                },
                "ExternalId": "79486084",
                "InstanceId": "7bf27084-81d7-4df6-b71a-afab5bcda3e2",
                "ProcessKey": null
              }
            }
          },
          "inputDefinitions": {},
          "outputs": {}
        }
      ],
      "globals": {
        "disputeAnalyst.output": null,
        "logCreditAmount.error": null,
        "normalizeData.output": null,
        "logCreditAmount.output": null,
        "resolutionWriter.error": null,
        "creditAmount": null,
        "erpLookup1.output": null,
        "financialPosting.output": null,
        "extractInvoice.error": null,
        "resolutionEmailBody": null,
        "start.output.disputedInvoice": {
          "ID": "9946a7af-6d16-49a6-2d2b-08dee96eb773",
          "FullName": "invoice-MCS-2026-04872.pdf",
          "MimeType": "application/octet-stream",
          "Metadata": {
            "size": "131535"
          }
        },
        "crmLookup1.output": null,
        "determination": null,
        "disputeAnalyst.error": null,
        "financialPosting.error": null,
        "recommendedAction": null,
        "start.output.webhookPayload": {
          "event": "billing_dispute_submitted",
          "timestamp": "2026-04-02T15:04:05Z",
          "disputeId": "DSP-2026-00341",
          "customer": {
            "companyName": "Northwind Electronics Corp.",
            "accountNumber": "ACCT-98201-NE",
            "contactName": "Lisa Huang",
            "contactEmail": "lisa.huang@northwindelectronics.com",
            "address": {
              "street": "100 Market St",
              "city": "Seattle",
              "state": "WA",
              "zipCode": "98101"
            }
          },
          "invoice": {
            "invoiceNumber": "MCS-2026-04872",
            "invoiceDate": "2026-03-01",
            "dueDate": "2026-03-31",
            "billingPeriod": {
              "start": "2026-02-01",
              "end": "2026-02-28"
            },
            "totalAmount": 24175.8,
            "currency": "USD",
            "vendor": {
              "name": "Contoso Cloud Services",
              "address": "1 Cloud Way, Redmond WA",
              "email": "billing@contoso.example"
            }
          },
          "dispute": {
            "type": "duplicate_charge",
            "disputedLineItems": [
              {
                "description": "Premium support tier",
                "quantity": "14",
                "unitPrice": 300,
                "amount": 4200,
                "lineNumber": 3,
                "reason": "Billed at $300/unit vs contracted $290/unit"
              }
            ],
            "disputedAmount": 11000,
            "acceptedAmount": 13175.8,
            "customerStatement": "We were charged a higher unit price than our contract specifies."
          },
          "attachments": [],
          "config": {
            "billingOpsChannel": "#billing-ops",
            "billingAnalystEmail": "analyst@contoso.example",
            "accountManagerSlackId": "U12345",
            "accountManagerName": "Sam Rivera",
            "accountManagerEmail": "sam.rivera@contoso.example",
            "creditApprovalThreshold": 5000,
            "autoResolveThreshold": 500
          }
        },
        "detectDiscrepancy.error": null,
        "rationale": null,
        "detectDiscrepancy.output": null,
        "normalizeData.error": {
          "code": "400",
          "message": "Error invoking script task",
          "detail": "Cannot read property 'ExtractionResult' of null",
          "category": "User",
          "status": 400,
          "response": null,
          "element": "Normalize Data"
        },
        "resolutionWriter.output": null,
        "extractInvoice.output": null
      },
      "instanceId": "7bf27084-81d7-4df6-b71a-afab5bcda3e2",
      "workflowId": "7bf27084-81d7-4df6-b71a-afab5bcda3e2/BpmnGenericWorkflow",
      "parentElementId": null,
      "globalDefinitions": {
        "disputeAnalyst.output": {
          "name": "output",
          "type": "object"
        },
        "logCreditAmount.error": {
          "name": "error",
          "type": "object"
        },
        "normalizeData.output": {
          "name": "output",
          "type": "object"
        },
        "logCreditAmount.output": {
          "name": "output",
          "type": "object"
        },
        "resolutionWriter.error": {
          "name": "error",
          "type": "object"
        },
        "creditAmount": {
          "name": "creditAmount",
          "type": "number"
        },
        "erpLookup1.output": {
          "name": "output",
          "type": "jsonSchema"
        },
        "financialPosting.output": {
          "name": "output",
          "type": "jsonSchema"
        },
        "extractInvoice.error": {
          "name": "error",
          "type": "object"
        },
        "resolutionEmailBody": {
          "name": "resolutionEmailBody",
          "type": "string"
        },
        "start.output.disputedInvoice": {
          "name": "disputedInvoice",
          "type": "file"
        },
        "crmLookup1.output": {
          "name": "output",
          "type": "jsonSchema"
        },
        "determination": {
          "name": "determination",
          "type": "string"
        },
        "disputeAnalyst.error": {
          "name": "error",
          "type": "object"
        },
        "financialPosting.error": {
          "name": "error",
          "type": "object"
        },
        "recommendedAction": {
          "name": "recommendedAction",
          "type": "string"
        },
        "start.output.webhookPayload": {
          "name": "webhookPayload",
          "type": "object"
        },
        "detectDiscrepancy.error": {
          "name": "error",
          "type": "object"
        },
        "rationale": {
          "name": "rationale",
          "type": "string"
        },
        "detectDiscrepancy.output": {
          "name": "output",
          "type": "object"
        },
        "normalizeData.error": {
          "name": "error",
          "type": "object"
        },
        "resolutionWriter.output": {
          "name": "output",
          "type": "object"
        },
        "extractInvoice.output": {
          "name": "output",
          "type": "object"
        }
      }
    },
    "incidents": [
      {
        "id": "3ef8c250-cc3b-4e2e-92bf-06d1545b2c1e",
        "tenantId": "69d43765-6ede-4575-88b7-9db601a2c056",
        "organizationId": "311c6049-4966-4ef2-a6f3-8ceccaf38d54",
        "instanceId": "7bf27084-81d7-4df6-b71a-afab5bcda3e2",
        "runId": "019f9574-ac7f-7753-9262-aad5e0cd6b69",
        "elementId": "normalizeData",
        "elementRunId": "179e730f-2971-4008-9fb7-0d67b7a0092e",
        "folderKey": "410fae2d-89b3-4cd1-a991-7359bda90c0b",
        "processKey": null,
        "packageVersion": "",
        "incidentId": "179e730f-2971-4008-9fb7-0d67b7a0092e",
        "incidentStatus": "Open",
        "incidentType": "User",
        "errorCode": "300501",
        "errorMessage": "Error invoking script task",
        "errorTimeUtc": "2026-07-24T18:48:17.2816559Z",
        "errorDetails": "Cannot read property 'ExtractionResult' of null",
        "comment": null,
        "userUpdated": null,
        "debugMode": "Default",
        "incidentUpdateTimeUtc": null,
        "traceId": "7bf2708481d74df6b71aafab5bcda3e2",
        "dependentFaultCode": null,
        "incidentSeverity": "Error",
        "aiSummary": null,
        "aiRecommendations": null,
        "processType": null,
        "sourceElementId": null
      }
    ]
  },
  "ErrorCode": "unknown_error",
  "Retry": "RetryWillNotFix"
}

stderr:
---
2026-07-24 18:48:21 [DEBUG] coder_eval.evaluation.checker: Criterion 'run_command' score: 0.00
2026-07-24 18:48:21 [INFO] coder_eval.evaluation.checker: Criterion 'run_command' FAILED (score=0.00, threshold=1.00): Command: python3 $TASK_DIR/check_e2e_billing_dispute_resolution.py
2026-07-24 18:48:21 [INFO] coder_eval.orchestrator: Success criteria: 2/3 passed, weighted score: 0.500
2026-07-24 18:48:21 [DEBUG] coder_eval.utils: Resolved @uipath plugin-tools dir=/usr/lib/node_modules/@uipath from `uip` at /usr/lib/node_modules/@uipath/cli/dist/index.js
2026-07-24 18:48:21 [INFO] coder_eval.orchestrator: Running post-run command: python3 $SKILLS_REPO_PATH/tests/tasks/uipath-maestro-flow/_shared/cleanup_solutions.py
2026-07-24 18:48:22 [WARNING] coder_eval.orchestrator: [post_run stderr] cleanup_solutions: deleted 94818dc8-ca82-49eb-749d-08dee9b21193 (from BillingDisputeResolution/BillingDisputeResolution.uipx)
2026-07-24 18:48:22 [WARNING] coder_eval.orchestrator: [post_run stderr] cleanup_solutions: summary policy=always deleted=1 preserved=0 skipped=0 not_uploaded=0 failed=0
2026-07-24 18:48:22 [INFO] coder_eval.orchestrator: Running post-run command: find . -maxdepth 5 -type d \( -name node_modules -o -name .npm-prefix -o -name .venv \) -prune -exec rm -rf {} +
2026-07-24 18:48:22 [INFO] coder_eval.orchestrator: Sandbox preserved (in-place): /work/output/artifacts/skill-flow-devcon-billing-dispute-resolution
2026-07-24 18:48:22 [INFO] coder_eval.orchestrator: Task finished: status=FAILURE duration=921.9s score=0.500 iterations=1
